{"type":"FeatureCollection","features":[{"type":"Feature","id":"modis_ba_pt_7day.fid--4ba6c401_19fc8506516_-35f3","geometry":{"type":"Point","coordinates":[-8.152,40.6805]},"geometry_name":"geom","properties":{"datetimenow":null,"fire_status":"Out","fire_id_source":null,"last_update_boundary":null,"size_ha":null,"active24hr":null,"active7d":null,"ignition_date":null,"duration_days":null,"lastupdate_hours":null,"fire_name":null,"fwi_daily":"High                "},"bbox":[-8.152,40.6805,-8.152,40.6805]},{"type":"Feature","id":"modis_ba_pt_7day.fid--4ba6c401_19fc8506516_-35e9","geometry":{"type":"Point","coordinates":[-8.6349,40.0008]},"geometry_name":"geom","properties":{"datetimenow":null,"fire_status":"Out","fire_id_source":null,"last_update_boundary":null,"size_ha":null,"active24hr":null,"active7d":null,"ignition_date":null,"duration_days":null,"lastupdate_hours":null,"fire_name":null,"fwi_daily":"High                "},"bbox":[-8.6349,40.0008,-8.6349,40.0008]},{"type":"Feature","id":"modis_ba_pt_7day.fid--4ba6c401_19fc8506516_-35e4","geometry":{"type":"Point","coordinates":[-7.3369,41.6367]},"geometry_name":"geom","properties":{"datetimenow":null,"fire_status":"Out","fire_id_source":null,"last_update_boundary":null,"size_ha":null,"active24hr":null,"active7d":null,"ignition_date":null,"duration_days":null,"lastupdate_hours":null,"fire_name":null,"fwi_daily":"Very High           "},"bbox":[-7.3369,41.6367,-7.3369,41.6367]},{"type":"Feature","id":"modis_ba_pt_7day.fid--4ba6c401_19fc8506516_-35e0","geometry":{"type":"Point","coordinates":[-8.6532,40.0085]},"geometry_name":"geom","properties":{"datetimenow":null,"fire_status":"Out","fire_id_source":null,"last_update_boundary":null,"size_ha":null,"active24hr":null,"active7d":null,"ignition_date":null,"duration_days":null,"lastupdate_hours":null,"fire_name":null,"fwi_daily":"High                "},"bbox":[-8.6532,40.0085,-8.6532,40.0085]},{"type":"Feature","id":"modis_ba_pt_7day.fid--4ba6c401_19fc8506516_-35dc","geometry":{"type":"Point","coordinates":[-7.5828,41.7171]},"geometry_name":"geom","properties":{"datetimenow":null,"fire_status":"Out","fire_id_source":null,"last_update_boundary":null,"size_ha":null,"active24hr":null,"active7d":null,"ignition_date":null,"duration_days":null,"lastupdate_hours":null,"fire_name":null,"fwi_daily":"Very High           "},"bbox":[-7.5828,41.7171,-7.5828,41.7171]},{"type":"Feature","id":"modis_ba_pt_7day.fid--4ba6c401_19fc8506516_-35d9","geometry":{"type":"Point","coordinates":[-8.7365,39.5996]},"geometry_name":"geom","properties":{"datetimenow":null,"fire_status":"Out","fire_id_source":null,"last_update_boundary":null,"size_ha":null,"active24hr":null,"active7d":null,"ignition_date":null,"duration_days":null,"lastupdate_hours":null,"fire_name":null,"fwi_daily":"High                "},"bbox":[-8.7365,39.5996,-8.7365,39.5996]},{"type":"Feature","id":"modis_ba_pt_7day.fid--4ba6c401_19fc8506516_-35d5","geometry":{"type":"Point","coordinates":[-7.8888,41.1796]},"geometry_name":"geom","properties":{"datetimenow":null,"fire_status":"Under Control","fire_id_source":null,"last_update_boundary":null,"size_ha":null,"active24hr":null,"active7d":null,"ignition_date":null,"duration_days":null,"lastupdate_hours":null,"fire_name":null,"fwi_daily":"High                "},"bbox":[-7.8888,41.1796,-7.8888,41.1796]},{"type":"Feature","id":"modis_ba_pt_7day.fid--4ba6c401_19fc8506516_-35d1","geometry":{"type":"Point","coordinates":[-8.4699,41.0538]},"geometry_name":"geom","properties":{"datetimenow":null,"fire_status":"Out","fire_id_source":null,"last_update_boundary":null,"size_ha":null,"active24hr":null,"active7d":null,"ignition_date":null,"duration_days":null,"lastupdate_hours":null,"fire_name":null,"fwi_daily":"High                "},"bbox":[-8.4699,41.0538,-8.4699,41.0538]},{"type":"Feature","id":"modis_ba_pt_7day.fid--4ba6c401_19fc8506516_-35d0","geometry":{"type":"Point","coordinates":[-8.7691,37.9876]},"geometry_name":"geom","properties":{"datetimenow":null,"fire_status":"Out","fire_id_source":null,"last_update_boundary":null,"size_ha":null,"active24hr":null,"active7d":null,"ignition_date":null,"duration_days":null,"lastupdate_hours":null,"fire_name":null,"fwi_daily":"High                "},"bbox":[-8.7691,37.9876,-8.7691,37.9876]},{"type":"Feature","id":"modis_ba_pt_7day.fid--4ba6c401_19fc8506516_-35ce","geometry":{"type":"Point","coordinates":[-7.0663,40.6409]},"geometry_name":"geom","properties":{"datetimenow":null,"fire_status":"Out","fire_id_source":null,"last_update_boundary":null,"size_ha":null,"active24hr":null,"active7d":null,"ignition_date":null,"duration_days":null,"lastupdate_hours":null,"fire_name":null,"fwi_daily":"Very High           "},"bbox":[-7.0663,40.6409,-7.0663,40.6409]},{"type":"Feature","id":"modis_ba_pt_7day.fid--4ba6c401_19fc8506516_-35cc","geometry":{"type":"Point","coordinates":[-7.6832,39.8493]},"geometry_name":"geom","properties":{"datetimenow":null,"fire_status":"Out","fire_id_source":null,"last_update_boundary":null,"size_ha":null,"active24hr":null,"active7d":null,"ignition_date":null,"duration_days":null,"lastupdate_hours":null,"fire_name":null,"fwi_daily":"Very High           "},"bbox":[-7.6832,39.8493,-7.6832,39.8493]},{"type":"Feature","id":"modis_ba_pt_7day.fid--4ba6c401_19fc8506516_-35cb","geometry":{"type":"Point","coordinates":[-7.3917,41.7364]},"geometry_name":"geom","properties":{"datetimenow":null,"fire_status":"Out","fire_id_source":null,"last_update_boundary":null,"size_ha":null,"active24hr":null,"active7d":null,"ignition_date":null,"duration_days":null,"lastupdate_hours":null,"fire_name":null,"fwi_daily":"Very High           "},"bbox":[-7.3917,41.7364,-7.3917,41.7364]},{"type":"Feature","id":"modis_ba_pt_7day.fid--4ba6c401_19fc8506516_-35c9","geometry":{"type":"Point","coordinates":[-7.8786,38.151]},"geometry_name":"geom","properties":{"datetimenow":null,"fire_status":"Out","fire_id_source":null,"last_update_boundary":null,"size_ha":null,"active24hr":null,"active7d":null,"ignition_date":null,"duration_days":null,"lastupdate_hours":null,"fire_name":null,"fwi_daily":"Very High           "},"bbox":[-7.8786,38.151,-7.8786,38.151]},{"type":"Feature","id":"modis_ba_pt_7day.fid--4ba6c401_19fc8506516_-35c7","geometry":{"type":"Point","coordinates":[-8.162,40.74]},"geometry_name":"geom","properties":{"datetimenow":null,"fire_status":"Out","fire_id_source":null,"last_update_boundary":null,"size_ha":null,"active24hr":null,"active7d":null,"ignition_date":null,"duration_days":null,"lastupdate_hours":null,"fire_name":null,"fwi_daily":"High                "},"bbox":[-8.162,40.74,-8.162,40.74]},{"type":"Feature","id":"modis_ba_pt_7day.fid--4ba6c401_19fc8506516_-35c6","geometry":{"type":"Point","coordinates":[-7.8144,41.5179]},"geometry_name":"geom","properties":{"datetimenow":null,"fire_status":"Out","fire_id_source":null,"last_update_boundary":null,"size_ha":null,"active24hr":null,"active7d":null,"ignition_date":null,"duration_days":null,"lastupdate_hours":null,"fire_name":null,"fwi_daily":"High                "},"bbox":[-7.8144,41.5179,-7.8144,41.5179]},{"type":"Feature","id":"modis_ba_pt_7day.fid--4ba6c401_19fc8506516_-35c3","geometry":{"type":"Point","coordinates":[-7.9353,40.6801]},"geometry_name":"geom","properties":{"datetimenow":null,"fire_status":"Out","fire_id_source":null,"last_update_boundary":null,"size_ha":null,"active24hr":null,"active7d":null,"ignition_date":null,"duration_days":null,"lastupdate_hours":null,"fire_name":null,"fwi_daily":"High                "},"bbox":[-7.9353,40.6801,-7.9353,40.6801]},{"type":"Feature","id":"modis_ba_pt_7day.fid--4ba6c401_19fc8506516_-35bf","geometry":{"type":"Point","coordinates":[-8.8554,39.0925]},"geometry_name":"geom","properties":{"datetimenow":null,"fire_status":"Out","fire_id_source":null,"last_update_boundary":null,"size_ha":null,"active24hr":null,"active7d":null,"ignition_date":null,"duration_days":null,"lastupdate_hours":null,"fire_name":null,"fwi_daily":"High                "},"bbox":[-8.8554,39.0925,-8.8554,39.0925]},{"type":"Feature","id":"modis_ba_pt_7day.fid--4ba6c401_19fc8506516_-35bc","geometry":{"type":"Point","coordinates":[-8.7691,37.9876]},"geometry_name":"geom","properties":{"datetimenow":null,"fire_status":"Out","fire_id_source":null,"last_update_boundary":null,"size_ha":null,"active24hr":null,"active7d":null,"ignition_date":null,"duration_days":null,"lastupdate_hours":null,"fire_name":null,"fwi_daily":"High                "},"bbox":[-8.7691,37.9876,-8.7691,37.9876]},{"type":"Feature","id":"modis_ba_pt_7day.fid--4ba6c401_19fc8506516_-35b8","geometry":{"type":"Point","coordinates":[-8.4172,41.0688]},"geometry_name":"geom","properties":{"datetimenow":null,"fire_status":"Under Control","fire_id_source":null,"last_update_boundary":null,"size_ha":null,"active24hr":null,"active7d":null,"ignition_date":null,"duration_days":null,"lastupdate_hours":null,"fire_name":null,"fwi_daily":"High                "},"bbox":[-8.4172,41.0688,-8.4172,41.0688]},{"type":"Feature","id":"modis_ba_pt_7day.fid--4ba6c401_19fc8506516_-35b4","geometry":{"type":"Point","coordinates":[-8.3076,40.9219]},"geometry_name":"geom","properties":{"datetimenow":null,"fire_status":null,"fire_id_source":null,"last_update_boundary":null,"size_ha":null,"active24hr":null,"active7d":null,"ignition_date":null,"duration_days":null,"lastupdate_hours":null,"fire_name":null,"fwi_daily":"High                "},"bbox":[-8.3076,40.9219,-8.3076,40.9219]},{"type":"Feature","id":"modis_ba_pt_7day.fid--4ba6c401_19fc8506516_-35b0","geometry":{"type":"Point","coordinates":[-8.6729,37.714]},"geometry_name":"geom","properties":{"datetimenow":null,"fire_status":"Out","fire_id_source":null,"last_update_boundary":null,"size_ha":null,"active24hr":null,"active7d":null,"ignition_date":null,"duration_days":null,"lastupdate_hours":null,"fire_name":null,"fwi_daily":"High                "},"bbox":[-8.6729,37.714,-8.6729,37.714]},{"type":"Feature","id":"modis_ba_pt_7day.fid--4ba6c401_19fc8506516_-35ad","geometry":{"type":"Point","coordinates":[-8.3332,41.7182]},"geometry_name":"geom","properties":{"datetimenow":null,"fire_status":"Out","fire_id_source":null,"last_update_boundary":null,"size_ha":null,"active24hr":null,"active7d":null,"ignition_date":null,"duration_days":null,"lastupdate_hours":null,"fire_name":null,"fwi_daily":"Moderate            "},"bbox":[-8.3332,41.7182,-8.3332,41.7182]},{"type":"Feature","id":"modis_ba_pt_7day.fid--4ba6c401_19fc8506516_-35a9","geometry":{"type":"Point","coordinates":[-7.9174,37.9899]},"geometry_name":"geom","properties":{"datetimenow":null,"fire_status":null,"fire_id_source":null,"last_update_boundary":null,"size_ha":null,"active24hr":null,"active7d":null,"ignition_date":null,"duration_days":null,"lastupdate_hours":null,"fire_name":null,"fwi_daily":"Very High           "},"bbox":[-7.9174,37.9899,-7.9174,37.9899]},{"type":"Feature","id":"modis_ba_pt_7day.fid--4ba6c401_19fc8506516_-35a5","geometry":{"type":"Point","coordinates":[-6.8596,37.2244]},"geometry_name":"geom","properties":{"datetimenow":"2026-08-03T15:46:54.788Z","fire_status":"Out of Control","fire_id_source":"592397","last_update_boundary":null,"size_ha":"1","active24hr":"14   ","active7d":null,"ignition_date":"2026-08-02","duration_days":1,"lastupdate_hours":7,"fire_name":"ES  •  Moguer • 2026-08-02","fwi_daily":"Very High           "},"bbox":[-6.8596,37.2244,-6.8596,37.2244]},{"type":"Feature","id":"modis_ba_pt_7day.fid--4ba6c401_19fc8506516_-359c","geometry":{"type":"Point","coordinates":[8.9625,39.5391]},"geometry_name":"geom","properties":{"datetimenow":"2026-08-03T15:46:54.789Z","fire_status":"Out of Control","fire_id_source":"591818","last_update_boundary":null,"size_ha":"145","active24hr":"22   ","active7d":null,"ignition_date":"2026-08-02","duration_days":1,"lastupdate_hours":9,"fire_name":"IT  •  Furtei • 2026-08-02","fwi_daily":"Extreme             "},"bbox":[8.9625,39.5391,8.9625,39.5391]},{"type":"Feature","id":"modis_ba_pt_7day.fid--4ba6c401_19fc8506516_-3597","geometry":{"type":"Point","coordinates":[13.4094,37.3705]},"geometry_name":"geom","properties":{"datetimenow":"2026-08-03T15:46:54.789Z","fire_status":"Out of Control","fire_id_source":"591819","last_update_boundary":null,"size_ha":"113","active24hr":"46   ","active7d":null,"ignition_date":"2026-08-02","duration_days":1,"lastupdate_hours":9,"fire_name":"IT  •  Siculiana • 2026-08-02","fwi_daily":"High                "},"bbox":[13.4094,37.3705,13.4094,37.3705]},{"type":"Feature","id":"modis_ba_pt_7day.fid--4ba6c401_19fc8506516_-3592","geometry":{"type":"Point","coordinates":[17.0069,38.9502]},"geometry_name":"geom","properties":{"datetimenow":"2026-08-03T15:46:54.789Z","fire_status":"Out of Control","fire_id_source":"592046","last_update_boundary":null,"size_ha":"18","active24hr":"3    ","active7d":null,"ignition_date":"2026-08-02","duration_days":1,"lastupdate_hours":8,"fire_name":"IT  •  Isola di Capo Rizzuto • 2026-08-02","fwi_daily":"Moderate            "},"bbox":[17.0069,38.9502,17.0069,38.9502]},{"type":"Feature","id":"modis_ba_pt_7day.fid--4ba6c401_19fc8506516_-358f","geometry":{"type":"Point","coordinates":[15.9295,38.2183]},"geometry_name":"geom","properties":{"datetimenow":"2026-08-03T15:46:54.790Z","fire_status":"Out of Control","fire_id_source":"592035","last_update_boundary":null,"size_ha":"5","active24hr":"6    ","active7d":null,"ignition_date":"2026-08-02","duration_days":1,"lastupdate_hours":8,"fire_name":"IT  •  Delianuova • 2026-08-02","fwi_daily":"Low                 "},"bbox":[15.9295,38.2183,15.9295,38.2183]},{"type":"Feature","id":"modis_ba_pt_7day.fid--4ba6c401_19fc8506516_-358c","geometry":{"type":"Point","coordinates":[15.6859,37.9828]},"geometry_name":"geom","properties":{"datetimenow":"2026-08-03T15:46:54.790Z","fire_status":"Out of Control","fire_id_source":"592467","last_update_boundary":null,"size_ha":"21","active24hr":"4    ","active7d":null,"ignition_date":"2026-08-02","duration_days":1,"lastupdate_hours":3,"fire_name":"IT  •  Motta San Giovanni • 2026-08-02","fwi_daily":"Moderate            "},"bbox":[15.6859,37.9828,15.6859,37.9828]},{"type":"Feature","id":"modis_ba_pt_7day.fid--4ba6c401_19fc8506516_-358a","geometry":{"type":"Point","coordinates":[35.4177,33.0821]},"geometry_name":"geom","properties":{"datetimenow":"2026-08-03T15:46:54.790Z","fire_status":"Out of Control","fire_id_source":"592368","last_update_boundary":null,"size_ha":"375","active24hr":"118  ","active7d":null,"ignition_date":"2026-08-02","duration_days":1,"lastupdate_hours":8,"fire_name":"LB •  Yaroune • 2026-08-02","fwi_daily":"Extreme             "},"bbox":[35.4177,33.0821,35.4177,33.0821]},{"type":"Feature","id":"modis_ba_pt_7day.fid--4ba6c401_19fc8506516_-3585","geometry":{"type":"Point","coordinates":[14.7544,37.2651]},"geometry_name":"geom","properties":{"datetimenow":"2026-08-03T15:46:54.791Z","fire_status":"Out of Control","fire_id_source":"592466","last_update_boundary":null,"size_ha":"35","active24hr":"12   ","active7d":null,"ignition_date":"2026-08-02","duration_days":1,"lastupdate_hours":3,"fire_name":"IT  •  Militello in Val di Catania • 2026-08-02","fwi_daily":"High                "},"bbox":[14.7544,37.2651,14.7544,37.2651]},{"type":"Feature","id":"modis_ba_pt_7day.fid--4ba6c401_19fc8506516_-357e","geometry":{"type":"Point","coordinates":[23.3781,38.0507]},"geometry_name":"geom","properties":{"datetimenow":"2026-08-03T15:46:54.791Z","fire_status":"Fire of Note","fire_id_source":"591679","last_update_boundary":null,"size_ha":"1186","active24hr":"207  ","active7d":null,"ignition_date":"2026-08-02","duration_days":2,"lastupdate_hours":9,"fire_name":"EL • 2026-08-02","fwi_daily":"Very High           "},"bbox":[23.3781,38.0507,23.3781,38.0507]},{"type":"Feature","id":"modis_ba_pt_7day.fid--4ba6c401_19fc8506516_-357a","geometry":{"type":"Point","coordinates":[0.7798,42.5781]},"geometry_name":"geom","properties":{"datetimenow":"2026-08-03T15:46:54.791Z","fire_status":"Out of Control","fire_id_source":"591809","last_update_boundary":null,"size_ha":"9","active24hr":"12   ","active7d":null,"ignition_date":"2026-08-02","duration_days":2,"lastupdate_hours":9,"fire_name":"ES  •  Vilaller • 2026-08-02","fwi_daily":"Low                 "},"bbox":[0.7798,42.5781,0.7798,42.5781]},{"type":"Feature","id":"modis_ba_pt_7day.fid--4ba6c401_19fc8506516_-3575","geometry":{"type":"Point","coordinates":[20.7396,38.0768]},"geometry_name":"geom","properties":{"datetimenow":"2026-08-03T15:46:54.791Z","fire_status":"Out of Control","fire_id_source":"591766","last_update_boundary":null,"size_ha":"353","active24hr":"91   ","active7d":null,"ignition_date":"2026-08-02","duration_days":2,"lastupdate_hours":9,"fire_name":"EL • 2026-08-02","fwi_daily":"Moderate            "},"bbox":[20.7396,38.0768,20.7396,38.0768]},{"type":"Feature","id":"modis_ba_pt_7day.fid--4ba6c401_19fc8506516_-3570","geometry":{"type":"Point","coordinates":[36.4749,38.099]},"geometry_name":"geom","properties":{"datetimenow":"2026-08-03T15:46:54.792Z","fire_status":"Out of Control","fire_id_source":"592452","last_update_boundary":null,"size_ha":"4","active24hr":"0    ","active7d":null,"ignition_date":"2026-08-02","duration_days":2,"lastupdate_hours":5,"fire_name":"TR • 2026-08-02","fwi_daily":"Very High           "},"bbox":[36.4749,38.099,36.4749,38.099]},{"type":"Feature","id":"modis_ba_pt_7day.fid--4ba6c401_19fc8506516_-356b","geometry":{"type":"Point","coordinates":[35.7204,33.2445]},"geometry_name":"geom","properties":{"datetimenow":"2026-08-03T15:46:54.792Z","fire_status":"Out of Control","fire_id_source":"592371","last_update_boundary":null,"size_ha":"22","active24hr":"0    ","active7d":null,"ignition_date":"2026-08-02","duration_days":2,"lastupdate_hours":8,"fire_name":"IL • 2026-08-02","fwi_daily":"Very High           "},"bbox":[35.7204,33.2445,35.7204,33.2445]},{"type":"Feature","id":"modis_ba_pt_7day.fid--4ba6c401_19fc8506516_-3566","geometry":{"type":"Point","coordinates":[37.9259,38.3261]},"geometry_name":"geom","properties":{"datetimenow":"2026-08-03T15:46:54.793Z","fire_status":"Out of Control","fire_id_source":"592405","last_update_boundary":null,"size_ha":"11","active24hr":"0    ","active7d":null,"ignition_date":"2026-08-02","duration_days":2,"lastupdate_hours":7,"fire_name":"TR •  Malatya • 2026-08-02","fwi_daily":"Extreme             "},"bbox":[37.9259,38.3261,37.9259,38.3261]},{"type":"Feature","id":"modis_ba_pt_7day.fid--4ba6c401_19fc8506516_-3561","geometry":{"type":"Point","coordinates":[36.5757,35.7748]},"geometry_name":"geom","properties":{"datetimenow":"2026-08-03T15:46:54.794Z","fire_status":"Out of Control","fire_id_source":"592396","last_update_boundary":null,"size_ha":"12","active24hr":"0    ","active7d":null,"ignition_date":"2026-08-02","duration_days":2,"lastupdate_hours":7,"fire_name":"SY • 2026-08-02","fwi_daily":"Very Extreme        "},"bbox":[36.5757,35.7748,36.5757,35.7748]},{"type":"Feature","id":"modis_ba_pt_7day.fid--4ba6c401_19fc8506516_-355b","geometry":{"type":"Point","coordinates":[36.1704,39.1835]},"geometry_name":"geom","properties":{"datetimenow":"2026-08-03T15:46:54.794Z","fire_status":"Out of Control","fire_id_source":"592418","last_update_boundary":null,"size_ha":"69","active24hr":"0    ","active7d":null,"ignition_date":"2026-08-02","duration_days":2,"lastupdate_hours":6,"fire_name":"TR •  Sivas • 2026-08-02","fwi_daily":"Very High           "},"bbox":[36.1704,39.1835,36.1704,39.1835]},{"type":"Feature","id":"modis_ba_pt_7day.fid--4ba6c401_19fc8506516_-3557","geometry":{"type":"Point","coordinates":[35.7033,33.3408]},"geometry_name":"geom","properties":{"datetimenow":"2026-08-03T15:46:54.794Z","fire_status":"Out of Control","fire_id_source":"592271","last_update_boundary":null,"size_ha":"7","active24hr":"0    ","active7d":null,"ignition_date":"2026-08-02","duration_days":2,"lastupdate_hours":8,"fire_name":"LB •  El-Habbariyé • 2026-08-02","fwi_daily":"Extreme             "},"bbox":[35.7033,33.3408,35.7033,33.3408]},{"type":"Feature","id":"modis_ba_pt_7day.fid--4ba6c401_19fc8506516_-3554","geometry":{"type":"Point","coordinates":[36.6362,36.2246]},"geometry_name":"geom","properties":{"datetimenow":"2026-08-03T15:46:54.794Z","fire_status":"Out of Control","fire_id_source":"592454","last_update_boundary":null,"size_ha":"12","active24hr":"0    ","active7d":null,"ignition_date":"2026-08-02","duration_days":2,"lastupdate_hours":5,"fire_name":"TR •  Hatay • 2026-08-02","fwi_daily":"Extreme             "},"bbox":[36.6362,36.2246,36.6362,36.2246]},{"type":"Feature","id":"modis_ba_pt_7day.fid--4ba6c401_19fc8506516_-3551","geometry":{"type":"Point","coordinates":[-8.4705,41.0477]},"geometry_name":"geom","properties":{"datetimenow":"2026-08-03T15:46:54.795Z","fire_status":"Out of Control","fire_id_source":"592481","last_update_boundary":null,"size_ha":"4","active24hr":"0    ","active7d":null,"ignition_date":"2026-08-01","duration_days":2,"lastupdate_hours":1,"fire_name":"PT  •  Canedo, Vale e Vila Maior • 2026-08-01","fwi_daily":"High                "},"bbox":[-8.4705,41.0477,-8.4705,41.0477]},{"type":"Feature","id":"modis_ba_pt_7day.fid--4ba6c401_19fc8506516_-354e","geometry":{"type":"Point","coordinates":[13.8475,45.6585]},"geometry_name":"geom","properties":{"datetimenow":"2026-08-03T15:46:54.795Z","fire_status":"Out of Control","fire_id_source":"592424","last_update_boundary":null,"size_ha":"22","active24hr":"3    ","active7d":null,"ignition_date":"2026-08-01","duration_days":2,"lastupdate_hours":6,"fire_name":"IT  •  Trieste • 2026-08-01","fwi_daily":"Moderate            "},"bbox":[13.8475,45.6585,13.8475,45.6585]},{"type":"Feature","id":"modis_ba_pt_7day.fid--4ba6c401_19fc8506516_-3548","geometry":{"type":"Point","coordinates":[-8.3979,42.0653]},"geometry_name":"geom","properties":{"datetimenow":"2026-08-03T15:46:54.795Z","fire_status":"Out of Control","fire_id_source":"591813","last_update_boundary":null,"size_ha":"38","active24hr":"0    ","active7d":null,"ignition_date":"2026-08-01","duration_days":2,"lastupdate_hours":9,"fire_name":"PT  •  Barbeita • 2026-08-01","fwi_daily":"High                "},"bbox":[-8.3979,42.0653,-8.3979,42.0653]},{"type":"Feature","id":"modis_ba_pt_7day.fid--4ba6c401_19fc8506516_-3543","geometry":{"type":"Point","coordinates":[-6.3105,39.8321]},"geometry_name":"geom","properties":{"datetimenow":"2026-08-03T15:46:54.796Z","fire_status":"Fire of Note","fire_id_source":"591814","last_update_boundary":null,"size_ha":"1471","active24hr":"90   ","active7d":null,"ignition_date":"2026-08-01","duration_days":2,"lastupdate_hours":9,"fire_name":"ES  •  Casas de Millán • 2026-08-01","fwi_daily":"Extreme             "},"bbox":[-6.3105,39.8321,-6.3105,39.8321]},{"type":"Feature","id":"modis_ba_pt_7day.fid--4ba6c401_19fc8506516_-353d","geometry":{"type":"Point","coordinates":[13.1287,38.0251]},"geometry_name":"geom","properties":{"datetimenow":"2026-08-03T15:46:54.796Z","fire_status":"Out of Control","fire_id_source":"592464","last_update_boundary":null,"size_ha":"34","active24hr":"0    ","active7d":null,"ignition_date":"2026-08-01","duration_days":2,"lastupdate_hours":3,"fire_name":"IT  •  Borgetto • 2026-08-01","fwi_daily":"High                "},"bbox":[13.1287,38.0251,13.1287,38.0251]},{"type":"Feature","id":"modis_ba_pt_7day.fid--4ba6c401_19fc8506516_-3538","geometry":{"type":"Point","coordinates":[16.132,39.7523]},"geometry_name":"geom","properties":{"datetimenow":"2026-08-03T15:46:54.796Z","fire_status":"Out of Control","fire_id_source":"592065","last_update_boundary":null,"size_ha":"5","active24hr":"0    ","active7d":null,"ignition_date":"2026-08-01","duration_days":2,"lastupdate_hours":8,"fire_name":"IT  •  Lungro • 2026-08-01","fwi_daily":"High                "},"bbox":[16.132,39.7523,16.132,39.7523]},{"type":"Feature","id":"modis_ba_pt_7day.fid--4ba6c401_19fc8506516_-3534","geometry":{"type":"Point","coordinates":[13.9875,41.479]},"geometry_name":"geom","properties":{"datetimenow":"2026-08-03T15:46:54.796Z","fire_status":"Out of Control","fire_id_source":"592173","last_update_boundary":null,"size_ha":"1","active24hr":"0    ","active7d":null,"ignition_date":"2026-08-01","duration_days":2,"lastupdate_hours":8,"fire_name":"IT  •  San Vittore del Lazio • 2026-08-01","fwi_daily":"High                "},"bbox":[13.9875,41.479,13.9875,41.479]},{"type":"Feature","id":"modis_ba_pt_7day.fid--4ba6c401_19fc8506516_-352f","geometry":{"type":"Point","coordinates":[22.869,42.9904]},"geometry_name":"geom","properties":{"datetimenow":"2026-08-03T15:46:54.797Z","fire_status":"Out of Control","fire_id_source":"592433","last_update_boundary":null,"size_ha":"8","active24hr":"0    ","active7d":null,"ignition_date":"2026-08-01","duration_days":2,"lastupdate_hours":6,"fire_name":"BG • 2026-08-01","fwi_daily":"Moderate            "},"bbox":[22.869,42.9904,22.869,42.9904]},{"type":"Feature","id":"modis_ba_pt_7day.fid--4ba6c401_19fc8506516_-3529","geometry":{"type":"Point","coordinates":[1.1485,42.7967]},"geometry_name":"geom","properties":{"datetimenow":"2026-08-03T15:46:54.797Z","fire_status":"Out of Control","fire_id_source":"592382","last_update_boundary":null,"size_ha":"9","active24hr":"0    ","active7d":null,"ignition_date":"2026-08-01","duration_days":2,"lastupdate_hours":7,"fire_name":"FR  •  Seix • 2026-08-01","fwi_daily":"Low                 "},"bbox":[1.1485,42.7967,1.1485,42.7967]},{"type":"Feature","id":"modis_ba_pt_7day.fid--4ba6c401_19fc8506516_-3522","geometry":{"type":"Point","coordinates":[23.0773,42.9968]},"geometry_name":"geom","properties":{"datetimenow":"2026-08-03T15:46:54.797Z","fire_status":"Out of Control","fire_id_source":"592432","last_update_boundary":null,"size_ha":"8","active24hr":"0    ","active7d":null,"ignition_date":"2026-08-01","duration_days":2,"lastupdate_hours":6,"fire_name":"BG • 2026-08-01","fwi_daily":"Moderate            "},"bbox":[23.0773,42.9968,23.0773,42.9968]},{"type":"Feature","id":"modis_ba_pt_7day.fid--4ba6c401_19fc8506516_-351e","geometry":{"type":"Point","coordinates":[22.398,38.951]},"geometry_name":"geom","properties":{"datetimenow":"2026-08-03T15:46:54.797Z","fire_status":"Out of Control","fire_id_source":"591771","last_update_boundary":null,"size_ha":"10","active24hr":"0    ","active7d":null,"ignition_date":"2026-08-01","duration_days":2,"lastupdate_hours":9,"fire_name":"EL • 2026-08-01","fwi_daily":"High                "},"bbox":[22.398,38.951,22.398,38.951]},{"type":"Feature","id":"modis_ba_pt_7day.fid--4ba6c401_19fc8506516_-351a","geometry":{"type":"Point","coordinates":[21.1778,38.7819]},"geometry_name":"geom","properties":{"datetimenow":"2026-08-03T15:46:54.798Z","fire_status":"Out of Control","fire_id_source":"591774","last_update_boundary":null,"size_ha":"49","active24hr":"15   ","active7d":null,"ignition_date":"2026-08-01","duration_days":2,"lastupdate_hours":9,"fire_name":"EL • 2026-08-01","fwi_daily":"Extreme             "},"bbox":[21.1778,38.7819,21.1778,38.7819]},{"type":"Feature","id":"modis_ba_pt_7day.fid--4ba6c401_19fc8506516_-3517","geometry":{"type":"Point","coordinates":[15.2299,37.8528]},"geometry_name":"geom","properties":{"datetimenow":"2026-08-03T15:46:54.798Z","fire_status":"Out of Control","fire_id_source":"592021","last_update_boundary":null,"size_ha":"9","active24hr":"0    ","active7d":null,"ignition_date":"2026-08-01","duration_days":2,"lastupdate_hours":8,"fire_name":"IT  •  Gaggi • 2026-08-01","fwi_daily":"Moderate            "},"bbox":[15.2299,37.8528,15.2299,37.8528]},{"type":"Feature","id":"modis_ba_pt_7day.fid--4ba6c401_19fc8506516_-3513","geometry":{"type":"Point","coordinates":[9.0087,40.4106]},"geometry_name":"geom","properties":{"datetimenow":"2026-08-03T15:46:54.798Z","fire_status":"Out of Control","fire_id_source":"592475","last_update_boundary":null,"size_ha":"57","active24hr":"0    ","active7d":null,"ignition_date":"2026-08-01","duration_days":2,"lastupdate_hours":2,"fire_name":"IT  •  Bottidda • 2026-08-01","fwi_daily":"Extreme             "},"bbox":[9.0087,40.4106,9.0087,40.4106]},{"type":"Feature","id":"modis_ba_pt_7day.fid--4ba6c401_19fc8506516_-3510","geometry":{"type":"Point","coordinates":[9.0104,40.4055]},"geometry_name":"geom","properties":{"datetimenow":"2026-08-03T15:46:54.799Z","fire_status":"Out of Control","fire_id_source":"592294","last_update_boundary":null,"size_ha":"4","active24hr":"0    ","active7d":null,"ignition_date":"2026-08-01","duration_days":2,"lastupdate_hours":8,"fire_name":"IT  •  Bottidda • 2026-08-01","fwi_daily":"Extreme             "},"bbox":[9.0104,40.4055,9.0104,40.4055]},{"type":"Feature","id":"modis_ba_pt_7day.fid--4ba6c401_19fc8506516_-350b","geometry":{"type":"Point","coordinates":[6.1216,44.3288]},"geometry_name":"geom","properties":{"datetimenow":"2026-08-03T15:46:54.799Z","fire_status":"Out of Control","fire_id_source":"592300","last_update_boundary":null,"size_ha":"7","active24hr":"0    ","active7d":null,"ignition_date":"2026-08-01","duration_days":2,"lastupdate_hours":8,"fire_name":"FR  •  Bayons • 2026-08-01","fwi_daily":"Extreme             "},"bbox":[6.1216,44.3288,6.1216,44.3288]},{"type":"Feature","id":"modis_ba_pt_7day.fid--4ba6c401_19fc8506516_-3505","geometry":{"type":"Point","coordinates":[16.4966,38.6135]},"geometry_name":"geom","properties":{"datetimenow":"2026-08-03T15:46:54.799Z","fire_status":"Out of Control","fire_id_source":"592045","last_update_boundary":null,"size_ha":"0","active24hr":"0    ","active7d":null,"ignition_date":"2026-08-01","duration_days":2,"lastupdate_hours":8,"fire_name":"IT  •  Sant'Andrea Apostolo dello Ionio • 2026-08-01","fwi_daily":"Moderate            "},"bbox":[16.4966,38.6135,16.4966,38.6135]},{"type":"Feature","id":"modis_ba_pt_7day.fid--4ba6c401_19fc8506516_-3500","geometry":{"type":"Point","coordinates":[13.9384,45.0645]},"geometry_name":"geom","properties":{"datetimenow":"2026-08-03T15:46:54.799Z","fire_status":"Out of Control","fire_id_source":"586303","last_update_boundary":null,"size_ha":"41","active24hr":"1    ","active7d":null,"ignition_date":"2026-08-01","duration_days":2,"lastupdate_hours":48,"fire_name":"HR • 2026-08-01","fwi_daily":"Very High           "},"bbox":[13.9384,45.0645,13.9384,45.0645]},{"type":"Feature","id":"modis_ba_pt_7day.fid--4ba6c401_19fc8506516_-34fa","geometry":{"type":"Point","coordinates":[13.8294,45.4116]},"geometry_name":"geom","properties":{"datetimenow":"2026-08-03T15:46:54.800Z","fire_status":"Out of Control","fire_id_source":"592425","last_update_boundary":null,"size_ha":"26","active24hr":"0    ","active7d":null,"ignition_date":"2026-08-01","duration_days":2,"lastupdate_hours":6,"fire_name":"HR • 2026-08-01","fwi_daily":"Very High           "},"bbox":[13.8294,45.4116,13.8294,45.4116]},{"type":"Feature","id":"modis_ba_pt_7day.fid--4ba6c401_19fc8506516_-34f6","geometry":{"type":"Point","coordinates":[17.6365,40.33]},"geometry_name":"geom","properties":{"datetimenow":"2026-08-03T15:46:54.800Z","fire_status":"Out of Control","fire_id_source":"592093","last_update_boundary":null,"size_ha":"15","active24hr":"0    ","active7d":null,"ignition_date":"2026-08-01","duration_days":2,"lastupdate_hours":8,"fire_name":"IT  •  Manduria • 2026-08-01","fwi_daily":"High                "},"bbox":[17.6365,40.33,17.6365,40.33]},{"type":"Feature","id":"modis_ba_pt_7day.fid--4ba6c401_19fc8506516_-34f2","geometry":{"type":"Point","coordinates":[21.9644,38.4154]},"geometry_name":"geom","properties":{"datetimenow":"2026-08-03T15:46:54.800Z","fire_status":"Fire of Note","fire_id_source":"586288","last_update_boundary":null,"size_ha":"538","active24hr":"0    ","active7d":null,"ignition_date":"2026-08-01","duration_days":2,"lastupdate_hours":49,"fire_name":"EL • 2026-08-01","fwi_daily":"High                "},"bbox":[21.9644,38.4154,21.9644,38.4154]},{"type":"Feature","id":"modis_ba_pt_7day.fid--4ba6c401_19fc8506516_-34ec","geometry":{"type":"Point","coordinates":[27.7621,38.7573]},"geometry_name":"geom","properties":{"datetimenow":"2026-08-03T15:46:54.801Z","fire_status":"Out of Control","fire_id_source":"592457","last_update_boundary":null,"size_ha":"45","active24hr":"0    ","active7d":null,"ignition_date":"2026-08-01","duration_days":2,"lastupdate_hours":5,"fire_name":"TR •  Manisa • 2026-08-01","fwi_daily":"Very High           "},"bbox":[27.7621,38.7573,27.7621,38.7573]},{"type":"Feature","id":"modis_ba_pt_7day.fid--4ba6c401_19fc8506516_-34e7","geometry":{"type":"Point","coordinates":[22.4054,39.2862]},"geometry_name":"geom","properties":{"datetimenow":"2026-08-03T15:46:54.801Z","fire_status":"Out of Control","fire_id_source":"591769","last_update_boundary":null,"size_ha":"35","active24hr":"0    ","active7d":null,"ignition_date":"2026-08-01","duration_days":2,"lastupdate_hours":9,"fire_name":"EL • 2026-08-01","fwi_daily":"High                "},"bbox":[22.4054,39.2862,22.4054,39.2862]},{"type":"Feature","id":"modis_ba_pt_7day.fid--4ba6c401_19fc8506516_-34e0","geometry":{"type":"Point","coordinates":[35.7932,32.7383]},"geometry_name":"geom","properties":{"datetimenow":"2026-08-03T15:46:54.801Z","fire_status":"Out of Control","fire_id_source":"592369","last_update_boundary":null,"size_ha":"77","active24hr":"0    ","active7d":null,"ignition_date":"2026-08-01","duration_days":2,"lastupdate_hours":8,"fire_name":"JO • 2026-08-01","fwi_daily":"Extreme             "},"bbox":[35.7932,32.7383,35.7932,32.7383]},{"type":"Feature","id":"modis_ba_pt_7day.fid--4ba6c401_19fc8506516_-34da","geometry":{"type":"Point","coordinates":[13.7911,37.2275]},"geometry_name":"geom","properties":{"datetimenow":"2026-08-03T15:46:54.801Z","fire_status":"Out of Control","fire_id_source":"591980","last_update_boundary":null,"size_ha":"109","active24hr":"0    ","active7d":null,"ignition_date":"2026-08-01","duration_days":2,"lastupdate_hours":8,"fire_name":"IT  •  Naro • 2026-08-01","fwi_daily":"Very High           "},"bbox":[13.7911,37.2275,13.7911,37.2275]},{"type":"Feature","id":"modis_ba_pt_7day.fid--4ba6c401_19fc8506516_-34d7","geometry":{"type":"Point","coordinates":[0.7726,42.5707]},"geometry_name":"geom","properties":{"datetimenow":"2026-08-03T15:46:54.802Z","fire_status":"Out of Control","fire_id_source":"591808","last_update_boundary":null,"size_ha":"29","active24hr":"10   ","active7d":null,"ignition_date":"2026-08-01","duration_days":3,"lastupdate_hours":9,"fire_name":"ES  •  Vilaller • 2026-08-01","fwi_daily":"Moderate            "},"bbox":[0.7726,42.5707,0.7726,42.5707]},{"type":"Feature","id":"modis_ba_pt_7day.fid--4ba6c401_19fc8506516_-34d4","geometry":{"type":"Point","coordinates":[0.7386,42.6935]},"geometry_name":"geom","properties":{"datetimenow":"2026-08-03T15:46:54.802Z","fire_status":"Out of Control","fire_id_source":"592383","last_update_boundary":null,"size_ha":"7","active24hr":"10   ","active7d":null,"ignition_date":"2026-08-01","duration_days":3,"lastupdate_hours":7,"fire_name":"ES  •  Vielha e Mijaran • 2026-08-01","fwi_daily":"Moderate            "},"bbox":[0.7386,42.6935,0.7386,42.6935]},{"type":"Feature","id":"modis_ba_pt_7day.fid--4ba6c401_19fc8506516_-34d0","geometry":{"type":"Point","coordinates":[13.6744,37.5406]},"geometry_name":"geom","properties":{"datetimenow":"2026-08-03T15:46:54.802Z","fire_status":"Out of Control","fire_id_source":"591944","last_update_boundary":null,"size_ha":"3","active24hr":"0    ","active7d":null,"ignition_date":"2026-08-01","duration_days":3,"lastupdate_hours":8,"fire_name":"IT  •  Casteltermini • 2026-08-01","fwi_daily":"Very High           "},"bbox":[13.6744,37.5406,13.6744,37.5406]},{"type":"Feature","id":"modis_ba_pt_7day.fid--4ba6c401_19fc8506516_-34cd","geometry":{"type":"Point","coordinates":[0.4391,42.4531]},"geometry_name":"geom","properties":{"datetimenow":"2026-08-03T15:46:54.802Z","fire_status":"Out of Control","fire_id_source":"592385","last_update_boundary":null,"size_ha":"20","active24hr":"4    ","active7d":null,"ignition_date":"2026-08-01","duration_days":3,"lastupdate_hours":7,"fire_name":"ES  •  Valle de Bardají • 2026-08-01","fwi_daily":"High                "},"bbox":[0.4391,42.4531,0.4391,42.4531]},{"type":"Feature","id":"modis_ba_pt_7day.fid--4ba6c401_19fc8506516_-34ca","geometry":{"type":"Point","coordinates":[14.7287,40.8211]},"geometry_name":"geom","properties":{"datetimenow":"2026-08-03T15:46:54.803Z","fire_status":"Out of Control","fire_id_source":"592134","last_update_boundary":null,"size_ha":"4","active24hr":"0    ","active7d":null,"ignition_date":"2026-08-01","duration_days":3,"lastupdate_hours":8,"fire_name":"IT  •  Bracigliano • 2026-08-01","fwi_daily":"High                "},"bbox":[14.7287,40.8211,14.7287,40.8211]},{"type":"Feature","id":"modis_ba_pt_7day.fid--4ba6c401_19fc8506516_-34c4","geometry":{"type":"Point","coordinates":[21.983,38.2867]},"geometry_name":"geom","properties":{"datetimenow":"2026-08-03T15:46:54.803Z","fire_status":"Out of Control","fire_id_source":"592462","last_update_boundary":null,"size_ha":"3","active24hr":"0    ","active7d":null,"ignition_date":"2026-08-01","duration_days":3,"lastupdate_hours":3,"fire_name":"EL • 2026-08-01","fwi_daily":"Very High           "},"bbox":[21.983,38.2867,21.983,38.2867]},{"type":"Feature","id":"modis_ba_pt_7day.fid--4ba6c401_19fc8506516_-34c1","geometry":{"type":"Point","coordinates":[37.2732,36.6665]},"geometry_name":"geom","properties":{"datetimenow":"2026-08-03T15:46:54.803Z","fire_status":"Out of Control","fire_id_source":"592447","last_update_boundary":null,"size_ha":"41","active24hr":"0    ","active7d":null,"ignition_date":"2026-08-01","duration_days":3,"lastupdate_hours":6,"fire_name":"TR •  Kilis • 2026-08-01","fwi_daily":"Very Extreme        "},"bbox":[37.2732,36.6665,37.2732,36.6665]},{"type":"Feature","id":"modis_ba_pt_7day.fid--4ba6c401_19fc8506516_-34bd","geometry":{"type":"Point","coordinates":[13.9548,41.4615]},"geometry_name":"geom","properties":{"datetimenow":"2026-08-03T15:46:54.803Z","fire_status":"Out of Control","fire_id_source":"592470","last_update_boundary":null,"size_ha":"5","active24hr":"0    ","active7d":null,"ignition_date":"2026-08-01","duration_days":3,"lastupdate_hours":3,"fire_name":"IT  •  San Vittore del Lazio • 2026-08-01","fwi_daily":"High                "},"bbox":[13.9548,41.4615,13.9548,41.4615]},{"type":"Feature","id":"modis_ba_pt_7day.fid--4ba6c401_19fc8506516_-34b7","geometry":{"type":"Point","coordinates":[16.8743,39.2049]},"geometry_name":"geom","properties":{"datetimenow":"2026-08-03T15:46:54.804Z","fire_status":"Out of Control","fire_id_source":"592057","last_update_boundary":null,"size_ha":"22","active24hr":"0    ","active7d":null,"ignition_date":"2026-08-01","duration_days":3,"lastupdate_hours":8,"fire_name":"IT  •  Castelsilano • 2026-08-01","fwi_daily":"Very High           "},"bbox":[16.8743,39.2049,16.8743,39.2049]},{"type":"Feature","id":"modis_ba_pt_7day.fid--4ba6c401_19fc8506516_-34b1","geometry":{"type":"Point","coordinates":[16.1354,39.7526]},"geometry_name":"geom","properties":{"datetimenow":"2026-08-03T15:46:54.804Z","fire_status":"Out of Control","fire_id_source":"592469","last_update_boundary":null,"size_ha":"2","active24hr":"0    ","active7d":null,"ignition_date":"2026-08-01","duration_days":3,"lastupdate_hours":3,"fire_name":"IT  •  Lungro • 2026-08-01","fwi_daily":"High                "},"bbox":[16.1354,39.7526,16.1354,39.7526]},{"type":"Feature","id":"modis_ba_pt_7day.fid--4ba6c401_19fc8506516_-34aa","geometry":{"type":"Point","coordinates":[13.9583,41.4584]},"geometry_name":"geom","properties":{"datetimenow":"2026-08-03T15:46:54.804Z","fire_status":"Out of Control","fire_id_source":"592471","last_update_boundary":null,"size_ha":"10","active24hr":"0    ","active7d":null,"ignition_date":"2026-08-01","duration_days":3,"lastupdate_hours":3,"fire_name":"IT  •  San Pietro Infine • 2026-08-01","fwi_daily":"High                "},"bbox":[13.9583,41.4584,13.9583,41.4584]},{"type":"Feature","id":"modis_ba_pt_7day.fid--4ba6c401_19fc8506516_-34a3","geometry":{"type":"Point","coordinates":[16.6825,43.8249]},"geometry_name":"geom","properties":{"datetimenow":"2026-08-03T15:46:54.805Z","fire_status":"Out of Control","fire_id_source":"592428","last_update_boundary":null,"size_ha":"4","active24hr":"0    ","active7d":null,"ignition_date":"2026-08-01","duration_days":3,"lastupdate_hours":6,"fire_name":"HR • 2026-08-01","fwi_daily":"High                "},"bbox":[16.6825,43.8249,16.6825,43.8249]},{"type":"Feature","id":"modis_ba_pt_7day.fid--4ba6c401_19fc8506516_-3499","geometry":{"type":"Point","coordinates":[28.1814,39.7882]},"geometry_name":"geom","properties":{"datetimenow":"2026-08-03T15:46:54.805Z","fire_status":"Out of Control","fire_id_source":"591828","last_update_boundary":null,"size_ha":"46","active24hr":"0    ","active7d":null,"ignition_date":"2026-07-31","duration_days":3,"lastupdate_hours":9,"fire_name":"TR • 2026-07-31","fwi_daily":"Very High           "},"bbox":[28.1814,39.7882,28.1814,39.7882]},{"type":"Feature","id":"modis_ba_pt_7day.fid--4ba6c401_19fc8506516_-3491","geometry":{"type":"Point","coordinates":[21.989,38.274]},"geometry_name":"geom","properties":{"datetimenow":"2026-08-03T15:46:54.805Z","fire_status":"Fire of Note","fire_id_source":"586287","last_update_boundary":null,"size_ha":"896","active24hr":"14   ","active7d":null,"ignition_date":"2026-07-31","duration_days":3,"lastupdate_hours":50,"fire_name":"EL • 2026-07-31","fwi_daily":"Very High           "},"bbox":[21.989,38.274,21.989,38.274]},{"type":"Feature","id":"modis_ba_pt_7day.fid--4ba6c401_19fc8506516_-3486","geometry":{"type":"Point","coordinates":[6.0843,43.4824]},"geometry_name":"geom","properties":{"datetimenow":"2026-08-03T15:46:54.808Z","fire_status":"Fire of Note","fire_id_source":"586290","last_update_boundary":null,"size_ha":"2032","active24hr":"39   ","active7d":null,"ignition_date":"2026-07-31","duration_days":3,"lastupdate_hours":48,"fire_name":"FR  •  Correns • 2026-07-31","fwi_daily":"Extreme             "},"bbox":[6.0843,43.4824,6.0843,43.4824]},{"type":"Feature","id":"modis_ba_pt_7day.fid--4ba6c401_19fc8506516_-3480","geometry":{"type":"Point","coordinates":[13.6416,37.5696]},"geometry_name":"geom","properties":{"datetimenow":"2026-08-03T15:46:54.808Z","fire_status":"Fire of Note","fire_id_source":"591836","last_update_boundary":null,"size_ha":"534","active24hr":"0    ","active7d":null,"ignition_date":"2026-07-31","duration_days":3,"lastupdate_hours":8,"fire_name":"IT  •  Cammarata • 2026-07-31","fwi_daily":"Very High           "},"bbox":[13.6416,37.5696,13.6416,37.5696]},{"type":"Feature","id":"modis_ba_pt_7day.fid--4ba6c401_19fc8506516_-3478","geometry":{"type":"Point","coordinates":[28.1921,39.7961]},"geometry_name":"geom","properties":{"datetimenow":"2026-08-03T15:46:54.810Z","fire_status":"Fire of Note","fire_id_source":"591827","last_update_boundary":null,"size_ha":"993","active24hr":"0    ","active7d":null,"ignition_date":"2026-07-31","duration_days":3,"lastupdate_hours":9,"fire_name":"TR • 2026-07-31","fwi_daily":"Very High           "},"bbox":[28.1921,39.7961,28.1921,39.7961]},{"type":"Feature","id":"modis_ba_pt_7day.fid--4ba6c401_19fc8506516_-346f","geometry":{"type":"Point","coordinates":[18.2913,42.6695]},"geometry_name":"geom","properties":{"datetimenow":"2026-08-03T15:46:54.810Z","fire_status":"Fire of Note","fire_id_source":"586305","last_update_boundary":null,"size_ha":"745","active24hr":"132  ","active7d":null,"ignition_date":"2026-07-31","duration_days":3,"lastupdate_hours":48,"fire_name":"BA •  Trebinje • 2026-07-31","fwi_daily":"High                "},"bbox":[18.2913,42.6695,18.2913,42.6695]},{"type":"Feature","id":"modis_ba_pt_7day.fid--4ba6c401_19fc8506516_-3466","geometry":{"type":"Point","coordinates":[23.2407,38.1343]},"geometry_name":"geom","properties":{"datetimenow":"2026-08-03T15:46:54.811Z","fire_status":"Fire of Note","fire_id_source":"584087","last_update_boundary":null,"size_ha":"11440","active24hr":"1101 ","active7d":null,"ignition_date":"2026-07-31","duration_days":3,"lastupdate_hours":74,"fire_name":"EL • 2026-07-31","fwi_daily":"Very High           "},"bbox":[23.2407,38.1343,23.2407,38.1343]},{"type":"Feature","id":"modis_ba_pt_7day.fid--4ba6c401_19fc8506516_-345f","geometry":{"type":"Point","coordinates":[22.7155,37.7234]},"geometry_name":"geom","properties":{"datetimenow":"2026-08-03T15:46:54.811Z","fire_status":"Fire of Note","fire_id_source":"584085","last_update_boundary":null,"size_ha":"560","active24hr":"0    ","active7d":null,"ignition_date":"2026-07-31","duration_days":3,"lastupdate_hours":74,"fire_name":"EL • 2026-07-31","fwi_daily":"Extreme             "},"bbox":[22.7155,37.7234,22.7155,37.7234]},{"type":"Feature","id":"modis_ba_pt_7day.fid--4ba6c401_19fc8506516_-3457","geometry":{"type":"Point","coordinates":[23.0265,38.2482]},"geometry_name":"geom","properties":{"datetimenow":"2026-08-03T15:46:54.813Z","fire_status":"Fire of Note","fire_id_source":"584088","last_update_boundary":null,"size_ha":"3746","active24hr":"0    ","active7d":null,"ignition_date":"2026-07-31","duration_days":3,"lastupdate_hours":74,"fire_name":"EL • 2026-07-31","fwi_daily":"High                "},"bbox":[23.0265,38.2482,23.0265,38.2482]},{"type":"Feature","id":"modis_ba_pt_7day.fid--4ba6c401_19fc8506516_-344f","geometry":{"type":"Point","coordinates":[-7.553,41.7377]},"geometry_name":"geom","properties":{"datetimenow":"2026-08-03T15:46:54.817Z","fire_status":"Fire of Note","fire_id_source":"583383","last_update_boundary":null,"size_ha":"1119","active24hr":"0    ","active7d":null,"ignition_date":"2026-07-30","duration_days":4,"lastupdate_hours":81,"fire_name":"PT  •  Redondelo • 2026-07-30","fwi_daily":"Very High           "},"bbox":[-7.553,41.7377,-7.553,41.7377]},{"type":"Feature","id":"modis_ba_pt_7day.fid--4ba6c401_19fc8506516_-3447","geometry":{"type":"Point","coordinates":[24.4649,35.1668]},"geometry_name":"geom","properties":{"datetimenow":"2026-08-03T15:46:54.822Z","fire_status":"Fire of Note","fire_id_source":"581396","last_update_boundary":null,"size_ha":"1284","active24hr":"0    ","active7d":null,"ignition_date":"2026-07-30","duration_days":4,"lastupdate_hours":97,"fire_name":"EL • 2026-07-30","fwi_daily":"High                "},"bbox":[24.4649,35.1668,24.4649,35.1668]},{"type":"Feature","id":"modis_ba_pt_7day.fid--4ba6c401_19fc8506516_-343d","geometry":{"type":"Point","coordinates":[-7.2214,41.7178]},"geometry_name":"geom","properties":{"datetimenow":"2026-08-03T15:46:54.824Z","fire_status":"Fire of Note","fire_id_source":"583385","last_update_boundary":null,"size_ha":"3652","active24hr":"0    ","active7d":null,"ignition_date":"2026-07-30","duration_days":5,"lastupdate_hours":81,"fire_name":"PT  •  Sonim e Barreiros • 2026-07-30","fwi_daily":"Very High           "},"bbox":[-7.2214,41.7178,-7.2214,41.7178]},{"type":"Feature","id":"modis_ba_pt_7day.fid--4ba6c401_19fc8506516_-3435","geometry":{"type":"Point","coordinates":[-6.7557,42.7028]},"geometry_name":"geom","properties":{"datetimenow":"2026-08-03T15:46:54.824Z","fire_status":"Fire of Note","fire_id_source":"592390","last_update_boundary":null,"size_ha":"1240","active24hr":"0    ","active7d":null,"ignition_date":"2026-07-30","duration_days":5,"lastupdate_hours":7,"fire_name":"ES  •  Villafranca del Bierzo • 2026-07-30","fwi_daily":"High                "},"bbox":[-6.7557,42.7028,-6.7557,42.7028]},{"type":"Feature","id":"modis_ba_pt_7day.fid--4ba6c401_19fc8506516_-342c","geometry":{"type":"Point","coordinates":[26.475,40.1199]},"geometry_name":"geom","properties":{"datetimenow":"2026-08-03T15:46:54.826Z","fire_status":"Fire of Note","fire_id_source":"581407","last_update_boundary":null,"size_ha":"494","active24hr":"0    ","active7d":null,"ignition_date":"2026-07-29","duration_days":5,"lastupdate_hours":96,"fire_name":"TR •  Çanakkale • 2026-07-29","fwi_daily":"Extreme             "},"bbox":[26.475,40.1199,26.475,40.1199]},{"type":"Feature","id":"modis_ba_pt_7day.fid--4ba6c401_19fc8506516_-3425","geometry":{"type":"Point","coordinates":[32.3137,36.4672]},"geometry_name":"geom","properties":{"datetimenow":"2026-08-03T15:46:54.827Z","fire_status":"Fire of Note","fire_id_source":"584073","last_update_boundary":null,"size_ha":"878","active24hr":"0    ","active7d":null,"ignition_date":"2026-07-29","duration_days":5,"lastupdate_hours":76,"fire_name":"TR •  Antalya • 2026-07-29","fwi_daily":"High                "},"bbox":[32.3137,36.4672,32.3137,36.4672]},{"type":"Feature","id":"modis_ba_pt_7day.fid--4ba6c401_19fc8506516_-3420","geometry":{"type":"Point","coordinates":[26.1356,35.0138]},"geometry_name":"geom","properties":{"datetimenow":"2026-08-03T15:46:54.827Z","fire_status":"Fire of Note","fire_id_source":"581415","last_update_boundary":null,"size_ha":"441","active24hr":"0    ","active7d":null,"ignition_date":"2026-07-29","duration_days":5,"lastupdate_hours":96,"fire_name":"EL • 2026-07-29","fwi_daily":"Moderate            "},"bbox":[26.1356,35.0138,26.1356,35.0138]},{"type":"Feature","id":"modis_ba_pt_7day.fid--4ba6c401_19fc8506516_-341b","geometry":{"type":"Point","coordinates":[37.2086,37.3018]},"geometry_name":"geom","properties":{"datetimenow":"2026-08-03T15:46:54.827Z","fire_status":"Fire of Note","fire_id_source":"592384","last_update_boundary":null,"size_ha":"611","active24hr":"0    ","active7d":null,"ignition_date":"2026-07-29","duration_days":5,"lastupdate_hours":7,"fire_name":"TR • 2026-07-29","fwi_daily":"Extreme             "},"bbox":[37.2086,37.3018,37.2086,37.3018]},{"type":"Feature","id":"modis_ba_pt_7day.fid--4ba6c401_19fc8506516_-3413","geometry":{"type":"Point","coordinates":[-5.4039,42.6795]},"geometry_name":"geom","properties":{"datetimenow":"2026-08-03T15:46:54.829Z","fire_status":"Fire of Note","fire_id_source":"580384","last_update_boundary":null,"size_ha":"1531","active24hr":"0    ","active7d":null,"ignition_date":"2026-07-29","duration_days":5,"lastupdate_hours":105,"fire_name":"ES  •  Vegas del Condado • 2026-07-29","fwi_daily":"Very High           "},"bbox":[-5.4039,42.6795,-5.4039,42.6795]},{"type":"Feature","id":"modis_ba_pt_7day.fid--4ba6c401_19fc8506516_-340b","geometry":{"type":"Point","coordinates":[-6.3008,41.3522]},"geometry_name":"geom","properties":{"datetimenow":"2026-08-03T15:46:54.831Z","fire_status":"Fire of Note","fire_id_source":"577308","last_update_boundary":null,"size_ha":"11099","active24hr":"0    ","active7d":null,"ignition_date":"2026-07-29","duration_days":5,"lastupdate_hours":121,"fire_name":"ES  •  Fermoselle • 2026-07-29","fwi_daily":"Extreme             "},"bbox":[-6.3008,41.3522,-6.3008,41.3522]},{"type":"Feature","id":"modis_ba_pt_7day.fid--4ba6c401_19fc8506516_-3403","geometry":{"type":"Point","coordinates":[24.6103,35.1261]},"geometry_name":"geom","properties":{"datetimenow":"2026-08-03T15:46:54.832Z","fire_status":"Fire of Note","fire_id_source":"577315","last_update_boundary":null,"size_ha":"5331","active24hr":"0    ","active7d":null,"ignition_date":"2026-07-29","duration_days":5,"lastupdate_hours":118,"fire_name":"EL • 2026-07-29","fwi_daily":"High                "},"bbox":[24.6103,35.1261,24.6103,35.1261]},{"type":"Feature","id":"modis_ba_pt_7day.fid--4ba6c401_19fc8506516_-33fc","geometry":{"type":"Point","coordinates":[26.9249,39.3174]},"geometry_name":"geom","properties":{"datetimenow":"2026-08-03T15:46:54.836Z","fire_status":"Fire of Note","fire_id_source":"577305","last_update_boundary":null,"size_ha":"4726","active24hr":"0    ","active7d":null,"ignition_date":"2026-07-29","duration_days":5,"lastupdate_hours":122,"fire_name":"TR • 2026-07-29","fwi_daily":"Extreme             "},"bbox":[26.9249,39.3174,26.9249,39.3174]},{"type":"Feature","id":"modis_ba_pt_7day.fid--4ba6c401_19fc8506516_-33f3","geometry":{"type":"Point","coordinates":[29.436,36.6587]},"geometry_name":"geom","properties":{"datetimenow":"2026-08-03T15:46:54.836Z","fire_status":"Fire of Note","fire_id_source":"577298","last_update_boundary":null,"size_ha":"5742","active24hr":"0    ","active7d":null,"ignition_date":"2026-07-29","duration_days":5,"lastupdate_hours":122,"fire_name":"TR • 2026-07-29","fwi_daily":"Very High           "},"bbox":[29.436,36.6587,29.436,36.6587]},{"type":"Feature","id":"modis_ba_pt_7day.fid--4ba6c401_19fc8506516_-33ec","geometry":{"type":"Point","coordinates":[13.3793,42.2907]},"geometry_name":"geom","properties":{"datetimenow":"2026-08-03T15:46:54.837Z","fire_status":"Fire of Note","fire_id_source":"586299","last_update_boundary":null,"size_ha":"836","active24hr":"63   ","active7d":null,"ignition_date":"2026-07-29","duration_days":6,"lastupdate_hours":48,"fire_name":"IT • 2026-07-29","fwi_daily":"Moderate            "},"bbox":[13.3793,42.2907,13.3793,42.2907]},{"type":"Feature","id":"modis_ba_pt_7day.fid--4ba6c401_19fc8506516_-33e5","geometry":{"type":"Point","coordinates":[-7.2262,41.6644]},"geometry_name":"geom","properties":{"datetimenow":"2026-08-03T15:46:54.843Z","fire_status":"Fire of Note","fire_id_source":"577007","last_update_boundary":null,"size_ha":"10697","active24hr":"5    ","active7d":null,"ignition_date":"2026-07-28","duration_days":6,"lastupdate_hours":129,"fire_name":"PT  •  Vilarandelo • 2026-07-28","fwi_daily":"Very High           "},"bbox":[-7.2262,41.6644,-7.2262,41.6644]},{"type":"Feature","id":"modis_ba_pt_7day.fid--4ba6c401_19fc8506516_-33dc","geometry":{"type":"Point","coordinates":[17.1258,48.4824]},"geometry_name":"geom","properties":{"datetimenow":"2026-08-03T15:46:54.848Z","fire_status":"Fire of Note","fire_id_source":"577230","last_update_boundary":null,"size_ha":"558","active24hr":"0    ","active7d":null,"ignition_date":"2026-07-28","duration_days":6,"lastupdate_hours":127,"fire_name":"SK  •  Záhorie (vojenský obvod) • 2026-07-28","fwi_daily":"Extreme             "},"bbox":[17.1258,48.4824,17.1258,48.4824]},{"type":"Feature","id":"modis_ba_pt_7day.fid--4ba6c401_19fc8506516_-33d4","geometry":{"type":"Point","coordinates":[25.1677,37.0173]},"geometry_name":"geom","properties":{"datetimenow":"2026-08-03T15:46:54.848Z","fire_status":"Fire of Note","fire_id_source":"577194","last_update_boundary":null,"size_ha":"1160","active24hr":"0    ","active7d":null,"ignition_date":"2026-07-28","duration_days":6,"lastupdate_hours":128,"fire_name":"EL • 2026-07-28","fwi_daily":"High                "},"bbox":[25.1677,37.0173,25.1677,37.0173]},{"type":"Feature","id":"modis_ba_pt_7day.fid--4ba6c401_19fc8506516_-33cd","geometry":{"type":"Point","coordinates":[29.4231,36.3564]},"geometry_name":"geom","properties":{"datetimenow":"2026-08-03T15:46:54.850Z","fire_status":"Fire of Note","fire_id_source":"577206","last_update_boundary":null,"size_ha":"440","active24hr":"0    ","active7d":null,"ignition_date":"2026-07-28","duration_days":7,"lastupdate_hours":128,"fire_name":"TR •  Antalya • 2026-07-28","fwi_daily":"High                "},"bbox":[29.4231,36.3564,29.4231,36.3564]},{"type":"Feature","id":"modis_ba_pt_7day.fid--4ba6c401_19fc8506516_-33c5","geometry":{"type":"Point","coordinates":[12.6773,41.5145]},"geometry_name":"geom","properties":{"datetimenow":"2026-08-03T15:46:54.805Z","fire_status":"Under Control","fire_id_source":"586298","last_update_boundary":null,"size_ha":"44","active24hr":"11   ","active7d":null,"ignition_date":"2026-07-31","duration_days":3,"lastupdate_hours":48,"fire_name":"IT  •  Nettuno • 2026-07-31","fwi_daily":"High                "},"bbox":[12.6773,41.5145,12.6773,41.5145]},{"type":"Feature","id":"modis_ba_pt_7day.fid--4ba6c401_19fc8506516_-33bd","geometry":{"type":"Point","coordinates":[15.5971,40.953]},"geometry_name":"geom","properties":{"datetimenow":"2026-08-03T15:46:54.806Z","fire_status":"Under Control","fire_id_source":"586297","last_update_boundary":null,"size_ha":"72","active24hr":"0    ","active7d":null,"ignition_date":"2026-07-31","duration_days":3,"lastupdate_hours":48,"fire_name":"IT  •  Melfi • 2026-07-31","fwi_daily":"Very High           "},"bbox":[15.5971,40.953,15.5971,40.953]},{"type":"Feature","id":"modis_ba_pt_7day.fid--4ba6c401_19fc8506516_-33b7","geometry":{"type":"Point","coordinates":[15.7189,41.8127]},"geometry_name":"geom","properties":{"datetimenow":"2026-08-03T15:46:54.808Z","fire_status":"Under Control","fire_id_source":"592159","last_update_boundary":null,"size_ha":"102","active24hr":"0    ","active7d":null,"ignition_date":"2026-07-31","duration_days":3,"lastupdate_hours":8,"fire_name":"IT  •  Cagnano Varano • 2026-07-31","fwi_daily":"Very High           "},"bbox":[15.7189,41.8127,15.7189,41.8127]},{"type":"Feature","id":"modis_ba_pt_7day.fid--4ba6c401_19fc8506516_-33b2","geometry":{"type":"Point","coordinates":[14.4108,37.1041]},"geometry_name":"geom","properties":{"datetimenow":"2026-08-03T15:46:54.808Z","fire_status":"Under Control","fire_id_source":"591993","last_update_boundary":null,"size_ha":"19","active24hr":"0    ","active7d":null,"ignition_date":"2026-07-31","duration_days":3,"lastupdate_hours":8,"fire_name":"IT  •  Niscemi • 2026-07-31","fwi_daily":"Very High           "},"bbox":[14.4108,37.1041,14.4108,37.1041]},{"type":"Feature","id":"modis_ba_pt_7day.fid--4ba6c401_19fc8506516_-33ac","geometry":{"type":"Point","coordinates":[17.5762,43.287]},"geometry_name":"geom","properties":{"datetimenow":"2026-08-03T15:46:54.809Z","fire_status":"Under Control","fire_id_source":"592429","last_update_boundary":null,"size_ha":"99","active24hr":"0    ","active7d":null,"ignition_date":"2026-07-31","duration_days":3,"lastupdate_hours":6,"fire_name":"BA • 2026-07-31","fwi_daily":"Very High           "},"bbox":[17.5762,43.287,17.5762,43.287]},{"type":"Feature","id":"modis_ba_pt_7day.fid--4ba6c401_19fc8506516_-3314","geometry":{"type":"Point","coordinates":[14.0064,37.2599]},"geometry_name":"geom","properties":{"datetimenow":"2026-08-03T15:46:54.812Z","fire_status":"Under Control","fire_id_source":"591992","last_update_boundary":null,"size_ha":"200","active24hr":"0    ","active7d":null,"ignition_date":"2026-07-31","duration_days":3,"lastupdate_hours":8,"fire_name":"IT  •  Ravanusa • 2026-07-31","fwi_daily":"Very High           "},"bbox":[14.0064,37.2599,14.0064,37.2599]},{"type":"Feature","id":"modis_ba_pt_7day.fid--4ba6c401_19fc8506516_-330a","geometry":{"type":"Point","coordinates":[21.8985,44.7426]},"geometry_name":"geom","properties":{"datetimenow":"2026-08-03T15:46:54.814Z","fire_status":"Under Control","fire_id_source":"586306","last_update_boundary":null,"size_ha":"2","active24hr":"0    ","active7d":null,"ignition_date":"2026-07-31","duration_days":4,"lastupdate_hours":48,"fire_name":"RO • 2026-07-31","fwi_daily":"High                "},"bbox":[21.8985,44.7426,21.8985,44.7426]},{"type":"Feature","id":"modis_ba_pt_7day.fid--4ba6c401_19fc8506516_-3305","geometry":{"type":"Point","coordinates":[-7.5212,52.2382]},"geometry_name":"geom","properties":{"datetimenow":"2026-08-03T15:46:54.837Z","fire_status":"Under Control","fire_id_source":"583791","last_update_boundary":null,"size_ha":"51","active24hr":"0    ","active7d":null,"ignition_date":"2026-07-29","duration_days":6,"lastupdate_hours":80,"fire_name":"IE  •  Ballydurn • 2026-07-29","fwi_daily":"Low                 "},"bbox":[-7.5212,52.2382,-7.5212,52.2382]},{"type":"Feature","id":"modis_ba_pt_7day.fid--4ba6c401_19fc8506516_-3301","geometry":{"type":"Point","coordinates":[-7.0368,53.5611]},"geometry_name":"geom","properties":{"datetimenow":"2026-08-03T15:46:54.845Z","fire_status":"Under Control","fire_id_source":"581096","last_update_boundary":null,"size_ha":"45","active24hr":"0    ","active7d":null,"ignition_date":"2026-07-28","duration_days":6,"lastupdate_hours":103,"fire_name":"IE  •  Bracklin • 2026-07-28","fwi_daily":"Low                 "},"bbox":[-7.0368,53.5611,-7.0368,53.5611]},{"type":"Feature","id":"modis_ba_pt_7day.fid--4ba6c401_19fc8506516_-32fd","geometry":{"type":"Point","coordinates":[0.0963,42.8694]},"geometry_name":"geom","properties":{"datetimenow":"2026-08-03T15:46:54.846Z","fire_status":"Under Control","fire_id_source":"580473","last_update_boundary":null,"size_ha":"33","active24hr":"3    ","active7d":null,"ignition_date":"2026-07-28","duration_days":6,"lastupdate_hours":105,"fire_name":"FR  •  Barèges • 2026-07-28","fwi_daily":"Moderate            "},"bbox":[0.0963,42.8694,0.0963,42.8694]},{"type":"Feature","id":"modis_ba_pt_7day.fid--4ba6c401_19fc8506516_-32f8","geometry":{"type":"Point","coordinates":[15.7185,41.8237]},"geometry_name":"geom","properties":{"datetimenow":"2026-08-03T15:46:54.859Z","fire_status":"Under Control","fire_id_source":"584058","last_update_boundary":null,"size_ha":"41","active24hr":"0    ","active7d":null,"ignition_date":"2026-07-27","duration_days":7,"lastupdate_hours":78,"fire_name":"IT  •  Cagnano Varano • 2026-07-27","fwi_daily":"Very High           "},"bbox":[15.7185,41.8237,15.7185,41.8237]},{"type":"Feature","id":"modis_ba_pt_7day.fid--4ba6c401_19fc8506516_-32f4","geometry":{"type":"Point","coordinates":[19.9445,41.3492]},"geometry_name":"geom","properties":{"datetimenow":"2026-08-03T15:46:54.868Z","fire_status":"Under Control","fire_id_source":"581351","last_update_boundary":null,"size_ha":"9","active24hr":"0    ","active7d":null,"ignition_date":"2026-07-26","duration_days":8,"lastupdate_hours":102,"fire_name":"AL  •  Tiranë • 2026-07-26","fwi_daily":"Very High           "},"bbox":[19.9445,41.3492,19.9445,41.3492]},{"type":"Feature","id":"modis_ba_pt_7day.fid--4ba6c401_19fc8506516_-32ef","geometry":{"type":"Point","coordinates":[-6.2324,53.225]},"geometry_name":"geom","properties":{"datetimenow":"2026-08-03T15:46:54.882Z","fire_status":"Under Control","fire_id_source":"586300","last_update_boundary":null,"size_ha":"15","active24hr":"2    ","active7d":null,"ignition_date":"2026-07-25","duration_days":10,"lastupdate_hours":48,"fire_name":"IE  •  Glencullen • 2026-07-25","fwi_daily":"Low                 "},"bbox":[-6.2324,53.225,-6.2324,53.225]},{"type":"Feature","id":"modis_ba_pt_7day.fid--4ba6c401_19fc8506516_-32e9","geometry":{"type":"Point","coordinates":[-0.8723,44.8623]},"geometry_name":"geom","properties":{"datetimenow":"2026-08-03T15:46:54.882Z","fire_status":"Under Control","fire_id_source":"592113","last_update_boundary":null,"size_ha":"172","active24hr":"0    ","active7d":null,"ignition_date":"2026-07-25","duration_days":10,"lastupdate_hours":8,"fire_name":"FR  •  Saint-Médard-en-Jalles • 2026-07-25","fwi_daily":"Low                 "},"bbox":[-0.8723,44.8623,-0.8723,44.8623]},{"type":"Feature","id":"modis_ba_pt_7day.fid--4ba6c401_19fc8506516_-32e3","geometry":{"type":"Point","coordinates":[8.7032,36.7853]},"geometry_name":"geom","properties":{"datetimenow":"2026-08-03T15:46:54.884Z","fire_status":"Under Control","fire_id_source":"575293","last_update_boundary":null,"size_ha":"7","active24hr":"0    ","active7d":null,"ignition_date":"2026-07-25","duration_days":10,"lastupdate_hours":146,"fire_name":"TN • 2026-07-25","fwi_daily":"Very High           "},"bbox":[8.7032,36.7853,8.7032,36.7853]},{"type":"Feature","id":"modis_ba_pt_7day.fid--4ba6c401_19fc8506516_-32de","geometry":{"type":"Point","coordinates":[13.5098,41.4964]},"geometry_name":"geom","properties":{"datetimenow":"2026-08-03T15:46:54.889Z","fire_status":"Under Control","fire_id_source":"575276","last_update_boundary":null,"size_ha":"133","active24hr":"1    ","active7d":null,"ignition_date":"2026-07-24","duration_days":10,"lastupdate_hours":147,"fire_name":"IT  •  Pastena • 2026-07-24","fwi_daily":"High                "},"bbox":[13.5098,41.4964,13.5098,41.4964]},{"type":"Feature","id":"modis_ba_pt_7day.fid--4ba6c401_19fc8506516_-32d8","geometry":{"type":"Point","coordinates":[6.0509,43.4861]},"geometry_name":"geom","properties":{"datetimenow":"2026-08-03T15:46:54.890Z","fire_status":"Under Control","fire_id_source":"574961","last_update_boundary":null,"size_ha":"18","active24hr":"0    ","active7d":null,"ignition_date":"2026-07-24","duration_days":10,"lastupdate_hours":152,"fire_name":"FR  •  Correns • 2026-07-24","fwi_daily":"Extreme             "},"bbox":[6.0509,43.4861,6.0509,43.4861]},{"type":"Feature","id":"modis_ba_pt_7day.fid--4ba6c401_19fc8506516_-32d1","geometry":{"type":"Point","coordinates":[6.0346,43.4861]},"geometry_name":"geom","properties":{"datetimenow":"2026-08-03T15:46:54.891Z","fire_status":"Under Control","fire_id_source":"574960","last_update_boundary":null,"size_ha":"263","active24hr":"11   ","active7d":null,"ignition_date":"2026-07-24","duration_days":10,"lastupdate_hours":152,"fire_name":"FR  •  Châteauvert • 2026-07-24","fwi_daily":"Extreme             "},"bbox":[6.0346,43.4861,6.0346,43.4861]},{"type":"Feature","id":"modis_ba_pt_7day.fid--4ba6c401_19fc8506516_-32c9","geometry":{"type":"Point","coordinates":[32.0972,46.4693]},"geometry_name":"geom","properties":{"datetimenow":"2026-08-03T15:46:54.895Z","fire_status":"Under Control","fire_id_source":"580512","last_update_boundary":null,"size_ha":"31","active24hr":"0    ","active7d":null,"ignition_date":"2026-07-24","duration_days":10,"lastupdate_hours":105,"fire_name":"UA • 2026-07-24","fwi_daily":"Moderate            "},"bbox":[32.0972,46.4693,32.0972,46.4693]},{"type":"Feature","id":"modis_ba_pt_7day.fid--4ba6c401_19fc8506516_-32c0","geometry":{"type":"Point","coordinates":[-3.4615,51.6646]},"geometry_name":"geom","properties":{"datetimenow":"2026-08-03T15:46:54.903Z","fire_status":"Under Control","fire_id_source":"584079","last_update_boundary":null,"size_ha":"34","active24hr":"0    ","active7d":null,"ignition_date":"2026-07-24","duration_days":11,"lastupdate_hours":75,"fire_name":"UK  •  Rhondda Cynon Taf • 2026-07-24","fwi_daily":"Moderate            "},"bbox":[-3.4615,51.6646,-3.4615,51.6646]},{"type":"Feature","id":"modis_ba_pt_7day.fid--4ba6c401_19fc8506516_-32b8","geometry":{"type":"Point","coordinates":[19.1672,42.0691]},"geometry_name":"geom","properties":{"datetimenow":"2026-08-03T15:46:54.905Z","fire_status":"Under Control","fire_id_source":"572413","last_update_boundary":null,"size_ha":"267","active24hr":"0    ","active7d":null,"ignition_date":"2026-07-23","duration_days":11,"lastupdate_hours":174,"fire_name":"ME • 2026-07-23","fwi_daily":"Moderate            "},"bbox":[19.1672,42.0691,19.1672,42.0691]},{"type":"Feature","id":"modis_ba_pt_7day.fid--4ba6c401_19fc8506516_-3296","geometry":{"type":"Point","coordinates":[-4.2847,40.3729]},"geometry_name":"geom","properties":{"datetimenow":"2026-08-03T15:46:54.908Z","fire_status":"Under Control","fire_id_source":"592438","last_update_boundary":null,"size_ha":"19939","active24hr":"0    ","active7d":null,"ignition_date":"2026-07-23","duration_days":11,"lastupdate_hours":6,"fire_name":"ES  •  Navas del Rey • 2026-07-23","fwi_daily":"Extreme             "},"bbox":[-4.2847,40.3729,-4.2847,40.3729]},{"type":"Feature","id":"modis_ba_pt_7day.fid--4ba6c401_19fc8506516_-3295","geometry":{"type":"Point","coordinates":[3.8625,36.202]},"geometry_name":"geom","properties":{"datetimenow":"2026-08-03T15:46:54.909Z","fire_status":"Under Control","fire_id_source":"572441","last_update_boundary":null,"size_ha":"9","active24hr":"4    ","active7d":null,"ignition_date":"2026-07-23","duration_days":11,"lastupdate_hours":173,"fire_name":"DZ • 2026-07-23","fwi_daily":"Very Extreme        "},"bbox":[3.8625,36.202,3.8625,36.202]},{"type":"Feature","id":"modis_ba_pt_7day.fid--4ba6c401_19fc8506516_-3294","geometry":{"type":"Point","coordinates":[-4.384,40.4036]},"geometry_name":"geom","properties":{"datetimenow":"2026-08-03T15:46:54.806Z","fire_status":"Under Control","fire_id_source":"592434","last_update_boundary":null,"size_ha":"35","active24hr":"0    ","active7d":2,"ignition_date":"2026-07-31","duration_days":3,"lastupdate_hours":6,"fire_name":"ES  •  San Martín de Valdeiglesias • 2026-07-31","fwi_daily":"Extreme             "},"bbox":[-4.384,40.4036,-4.384,40.4036]},{"type":"Feature","id":"modis_ba_pt_7day.fid--4ba6c401_19fc8506516_-3293","geometry":{"type":"Point","coordinates":[-7.8965,42.4]},"geometry_name":"geom","properties":{"datetimenow":"2026-08-03T15:46:54.806Z","fire_status":"Under Control","fire_id_source":"592476","last_update_boundary":null,"size_ha":"3","active24hr":"0    ","active7d":1,"ignition_date":"2026-07-31","duration_days":3,"lastupdate_hours":2,"fire_name":"ES  •  Amoeiro • 2026-07-31","fwi_daily":"High                "},"bbox":[-7.8965,42.4,-7.8965,42.4]},{"type":"Feature","id":"modis_ba_pt_7day.fid--4ba6c401_19fc8506516_-328e","geometry":{"type":"Point","coordinates":[16.3035,44.084]},"geometry_name":"geom","properties":{"datetimenow":"2026-08-03T15:46:54.806Z","fire_status":"Under Control","fire_id_source":"592426","last_update_boundary":null,"size_ha":"42","active24hr":"0    ","active7d":1,"ignition_date":"2026-07-31","duration_days":3,"lastupdate_hours":6,"fire_name":"HR • 2026-07-31","fwi_daily":"Very High           "},"bbox":[16.3035,44.084,16.3035,44.084]},{"type":"Feature","id":"modis_ba_pt_7day.fid--4ba6c401_19fc8506516_-328b","geometry":{"type":"Point","coordinates":[23.6279,38.0231]},"geometry_name":"geom","properties":{"datetimenow":"2026-08-03T15:46:54.807Z","fire_status":"Under Control","fire_id_source":"591656","last_update_boundary":null,"size_ha":"78","active24hr":"0    ","active7d":1,"ignition_date":"2026-07-31","duration_days":3,"lastupdate_hours":9,"fire_name":"EL • 2026-07-31","fwi_daily":"Very High           "},"bbox":[23.6279,38.0231,23.6279,38.0231]},{"type":"Feature","id":"modis_ba_pt_7day.fid--4ba6c401_19fc8506516_-3286","geometry":{"type":"Point","coordinates":[14.915,40.9135]},"geometry_name":"geom","properties":{"datetimenow":"2026-08-03T15:46:54.807Z","fire_status":"Under Control","fire_id_source":"592114","last_update_boundary":null,"size_ha":"11","active24hr":"0    ","active7d":1,"ignition_date":"2026-07-31","duration_days":3,"lastupdate_hours":8,"fire_name":"IT  •  Chiusano di San Domenico • 2026-07-31","fwi_daily":"High                "},"bbox":[14.915,40.9135,14.915,40.9135]},{"type":"Feature","id":"modis_ba_pt_7day.fid--4ba6c401_19fc8506516_-3281","geometry":{"type":"Point","coordinates":[-7.4669,40.5637]},"geometry_name":"geom","properties":{"datetimenow":"2026-08-03T15:46:54.807Z","fire_status":"Under Control","fire_id_source":"592395","last_update_boundary":null,"size_ha":"2","active24hr":"0    ","active7d":1,"ignition_date":"2026-07-31","duration_days":3,"lastupdate_hours":7,"fire_name":"PT  •  Linhares • 2026-07-31","fwi_daily":"High                "},"bbox":[-7.4669,40.5637,-7.4669,40.5637]},{"type":"Feature","id":"modis_ba_pt_7day.fid--4ba6c401_19fc8506516_-327d","geometry":{"type":"Point","coordinates":[13.0906,42.1027]},"geometry_name":"geom","properties":{"datetimenow":"2026-08-03T15:46:54.807Z","fire_status":"Under Control","fire_id_source":"592472","last_update_boundary":null,"size_ha":"4","active24hr":"0    ","active7d":1,"ignition_date":"2026-07-31","duration_days":3,"lastupdate_hours":3,"fire_name":"IT • 2026-07-31","fwi_daily":"High                "},"bbox":[13.0906,42.1027,13.0906,42.1027]},{"type":"Feature","id":"modis_ba_pt_7day.fid--4ba6c401_19fc8506516_-3278","geometry":{"type":"Point","coordinates":[9.4324,40.6919]},"geometry_name":"geom","properties":{"datetimenow":"2026-08-03T15:46:54.809Z","fire_status":"Under Control","fire_id_source":"586291","last_update_boundary":null,"size_ha":"48","active24hr":"0    ","active7d":1,"ignition_date":"2026-07-31","duration_days":3,"lastupdate_hours":48,"fire_name":"IT  •  Padru • 2026-07-31","fwi_daily":"Very High           "},"bbox":[9.4324,40.6919,9.4324,40.6919]},{"type":"Feature","id":"modis_ba_pt_7day.fid--4ba6c401_19fc8506516_-3273","geometry":{"type":"Point","coordinates":[17.5849,43.4096]},"geometry_name":"geom","properties":{"datetimenow":"2026-08-03T15:46:54.809Z","fire_status":"Under Control","fire_id_source":"592430","last_update_boundary":null,"size_ha":"10","active24hr":"0    ","active7d":1,"ignition_date":"2026-07-31","duration_days":3,"lastupdate_hours":6,"fire_name":"BA • 2026-07-31","fwi_daily":"High                "},"bbox":[17.5849,43.4096,17.5849,43.4096]},{"type":"Feature","id":"modis_ba_pt_7day.fid--4ba6c401_19fc8506516_-3270","geometry":{"type":"Point","coordinates":[14.5358,37.1264]},"geometry_name":"geom","properties":{"datetimenow":"2026-08-03T15:46:54.810Z","fire_status":"Under Control","fire_id_source":"591994","last_update_boundary":null,"size_ha":"22","active24hr":"0    ","active7d":1,"ignition_date":"2026-07-31","duration_days":3,"lastupdate_hours":8,"fire_name":"IT  •  Caltagirone • 2026-07-31","fwi_daily":"Very High           "},"bbox":[14.5358,37.1264,14.5358,37.1264]},{"type":"Feature","id":"modis_ba_pt_7day.fid--4ba6c401_19fc8506516_-326b","geometry":{"type":"Point","coordinates":[22.652,45.0819]},"geometry_name":"geom","properties":{"datetimenow":"2026-08-03T15:46:54.810Z","fire_status":"Under Control","fire_id_source":"592444","last_update_boundary":null,"size_ha":"15","active24hr":"0    ","active7d":1,"ignition_date":"2026-07-31","duration_days":3,"lastupdate_hours":6,"fire_name":"RO • 2026-07-31","fwi_daily":"Moderate            "},"bbox":[22.652,45.0819,22.652,45.0819]},{"type":"Feature","id":"modis_ba_pt_7day.fid--4ba6c401_19fc8506516_-3269","geometry":{"type":"Point","coordinates":[16.1506,41.8891]},"geometry_name":"geom","properties":{"datetimenow":"2026-08-03T15:46:54.811Z","fire_status":"Under Control","fire_id_source":"592147","last_update_boundary":null,"size_ha":"22","active24hr":"0    ","active7d":1,"ignition_date":"2026-07-31","duration_days":3,"lastupdate_hours":8,"fire_name":"IT  •  Vieste • 2026-07-31","fwi_daily":"High                "},"bbox":[16.1506,41.8891,16.1506,41.8891]},{"type":"Feature","id":"modis_ba_pt_7day.fid--4ba6c401_19fc8506516_-3267","geometry":{"type":"Point","coordinates":[15.8914,39.8787]},"geometry_name":"geom","properties":{"datetimenow":"2026-08-03T15:46:54.811Z","fire_status":"Under Control","fire_id_source":"592066","last_update_boundary":null,"size_ha":"7","active24hr":"0    ","active7d":1,"ignition_date":"2026-07-31","duration_days":3,"lastupdate_hours":8,"fire_name":"IT  •  Papasidero • 2026-07-31","fwi_daily":"High                "},"bbox":[15.8914,39.8787,15.8914,39.8787]},{"type":"Feature","id":"modis_ba_pt_7day.fid--4ba6c401_19fc8506516_-3251","geometry":{"type":"Point","coordinates":[36.0642,35.6056]},"geometry_name":"geom","properties":{"datetimenow":"2026-08-03T15:46:54.812Z","fire_status":"Under Control","fire_id_source":"592403","last_update_boundary":null,"size_ha":"1","active24hr":"0    ","active7d":0,"ignition_date":"2026-07-31","duration_days":3,"lastupdate_hours":7,"fire_name":"SY • 2026-07-31","fwi_daily":"High                "},"bbox":[36.0642,35.6056,36.0642,35.6056]},{"type":"Feature","id":"modis_ba_pt_7day.fid--4ba6c401_19fc8506516_-324a","geometry":{"type":"Point","coordinates":[36.0613,35.6043]},"geometry_name":"geom","properties":{"datetimenow":"2026-08-03T15:46:54.812Z","fire_status":"Under Control","fire_id_source":"592400","last_update_boundary":null,"size_ha":"2","active24hr":"0    ","active7d":0,"ignition_date":"2026-07-31","duration_days":3,"lastupdate_hours":7,"fire_name":"SY • 2026-07-31","fwi_daily":"High                "},"bbox":[36.0613,35.6043,36.0613,35.6043]},{"type":"Feature","id":"modis_ba_pt_7day.fid--4ba6c401_19fc8506516_-3244","geometry":{"type":"Point","coordinates":[35.5021,33.1631]},"geometry_name":"geom","properties":{"datetimenow":"2026-08-03T15:46:54.812Z","fire_status":"Out","fire_id_source":"584102","last_update_boundary":null,"size_ha":"148","active24hr":"0    ","active7d":0,"ignition_date":"2026-07-31","duration_days":3,"lastupdate_hours":73,"fire_name":"LB •  Meis El-Jabal • 2026-07-31","fwi_daily":"Extreme             "},"bbox":[35.5021,33.1631,35.5021,33.1631]},{"type":"Feature","id":"modis_ba_pt_7day.fid--4ba6c401_19fc8506516_-323d","geometry":{"type":"Point","coordinates":[21.6216,38.0281]},"geometry_name":"geom","properties":{"datetimenow":"2026-08-03T15:46:54.813Z","fire_status":"Under Control","fire_id_source":"592461","last_update_boundary":null,"size_ha":"1","active24hr":"0    ","active7d":1,"ignition_date":"2026-07-31","duration_days":4,"lastupdate_hours":4,"fire_name":"EL • 2026-07-31","fwi_daily":"Very High           "},"bbox":[21.6216,38.0281,21.6216,38.0281]},{"type":"Feature","id":"modis_ba_pt_7day.fid--4ba6c401_19fc8506516_-3237","geometry":{"type":"Point","coordinates":[21.6357,38.03]},"geometry_name":"geom","properties":{"datetimenow":"2026-08-03T15:46:54.813Z","fire_status":"Under Control","fire_id_source":"584086","last_update_boundary":null,"size_ha":"75","active24hr":"0    ","active7d":2,"ignition_date":"2026-07-31","duration_days":4,"lastupdate_hours":74,"fire_name":"EL • 2026-07-31","fwi_daily":"Very High           "},"bbox":[21.6357,38.03,21.6357,38.03]},{"type":"Feature","id":"modis_ba_pt_7day.fid--4ba6c401_19fc8506516_-3230","geometry":{"type":"Point","coordinates":[21.9048,44.7306]},"geometry_name":"geom","properties":{"datetimenow":"2026-08-03T15:46:54.814Z","fire_status":"Under Control","fire_id_source":"586307","last_update_boundary":null,"size_ha":"2","active24hr":"0    ","active7d":1,"ignition_date":"2026-07-31","duration_days":4,"lastupdate_hours":48,"fire_name":"RO • 2026-07-31","fwi_daily":"High                "},"bbox":[21.9048,44.7306,21.9048,44.7306]},{"type":"Feature","id":"modis_ba_pt_7day.fid--4ba6c401_19fc8506516_-3227","geometry":{"type":"Point","coordinates":[14.1285,37.1283]},"geometry_name":"geom","properties":{"datetimenow":"2026-08-03T15:46:54.814Z","fire_status":"Under Control","fire_id_source":"592465","last_update_boundary":null,"size_ha":"15","active24hr":"0    ","active7d":1,"ignition_date":"2026-07-31","duration_days":4,"lastupdate_hours":3,"fire_name":"IT  •  Butera • 2026-07-31","fwi_daily":"High                "},"bbox":[14.1285,37.1283,14.1285,37.1283]},{"type":"Feature","id":"modis_ba_pt_7day.fid--4ba6c401_19fc8506516_-3224","geometry":{"type":"Point","coordinates":[36.2563,35.6996]},"geometry_name":"geom","properties":{"datetimenow":"2026-08-03T15:46:54.814Z","fire_status":"Under Control","fire_id_source":"592391","last_update_boundary":null,"size_ha":"45","active24hr":"0    ","active7d":0,"ignition_date":"2026-07-31","duration_days":4,"lastupdate_hours":7,"fire_name":"SY • 2026-07-31","fwi_daily":"Very High           "},"bbox":[36.2563,35.6996,36.2563,35.6996]},{"type":"Feature","id":"modis_ba_pt_7day.fid--4ba6c401_19fc8506516_-3220","geometry":{"type":"Point","coordinates":[21.0402,38.6953]},"geometry_name":"geom","properties":{"datetimenow":"2026-08-03T15:46:54.815Z","fire_status":"Under Control","fire_id_source":"584089","last_update_boundary":null,"size_ha":"9","active24hr":"0    ","active7d":1,"ignition_date":"2026-07-31","duration_days":4,"lastupdate_hours":74,"fire_name":"EL • 2026-07-31","fwi_daily":"Very High           "},"bbox":[21.0402,38.6953,21.0402,38.6953]},{"type":"Feature","id":"modis_ba_pt_7day.fid--4ba6c401_19fc8506516_-321d","geometry":{"type":"Point","coordinates":[15.7627,41.7913]},"geometry_name":"geom","properties":{"datetimenow":"2026-08-03T15:46:54.815Z","fire_status":"Under Control","fire_id_source":"592155","last_update_boundary":null,"size_ha":"25","active24hr":"0    ","active7d":2,"ignition_date":"2026-07-31","duration_days":4,"lastupdate_hours":8,"fire_name":"IT  •  Cagnano Varano • 2026-07-31","fwi_daily":"High                "},"bbox":[15.7627,41.7913,15.7627,41.7913]},{"type":"Feature","id":"modis_ba_pt_7day.fid--4ba6c401_19fc8506516_-321a","geometry":{"type":"Point","coordinates":[13.6162,46.4248]},"geometry_name":"geom","properties":{"datetimenow":"2026-08-03T15:46:54.815Z","fire_status":"Under Control","fire_id_source":"592364","last_update_boundary":null,"size_ha":"8","active24hr":"0    ","active7d":2,"ignition_date":"2026-07-31","duration_days":4,"lastupdate_hours":8,"fire_name":"SI • 2026-07-31","fwi_daily":"Moderate            "},"bbox":[13.6162,46.4248,13.6162,46.4248]},{"type":"Feature","id":"modis_ba_pt_7day.fid--4ba6c401_19fc8506516_-3217","geometry":{"type":"Point","coordinates":[-5.4063,42.7174]},"geometry_name":"geom","properties":{"datetimenow":"2026-08-03T15:46:54.815Z","fire_status":"Under Control","fire_id_source":"592401","last_update_boundary":null,"size_ha":"2","active24hr":"0    ","active7d":0,"ignition_date":"2026-07-31","duration_days":4,"lastupdate_hours":7,"fire_name":"ES  •  Santa Colomba de Curueño • 2026-07-31","fwi_daily":"Very High           "},"bbox":[-5.4063,42.7174,-5.4063,42.7174]},{"type":"Feature","id":"modis_ba_pt_7day.fid--4ba6c401_19fc8506516_-3214","geometry":{"type":"Point","coordinates":[27.0254,36.96]},"geometry_name":"geom","properties":{"datetimenow":"2026-08-03T15:46:54.816Z","fire_status":"Under Control","fire_id_source":"583369","last_update_boundary":null,"size_ha":"154","active24hr":"0    ","active7d":1,"ignition_date":"2026-07-30","duration_days":4,"lastupdate_hours":81,"fire_name":"EL • 2026-07-30","fwi_daily":"High                "},"bbox":[27.0254,36.96,27.0254,36.96]},{"type":"Feature","id":"modis_ba_pt_7day.fid--4ba6c401_19fc8506516_-320e","geometry":{"type":"Point","coordinates":[-6.7218,42.702]},"geometry_name":"geom","properties":{"datetimenow":"2026-08-03T15:46:54.816Z","fire_status":"Under Control","fire_id_source":"592431","last_update_boundary":null,"size_ha":"2","active24hr":"0    ","active7d":2,"ignition_date":"2026-07-30","duration_days":4,"lastupdate_hours":6,"fire_name":"ES  •  Vega de Espinareda • 2026-07-30","fwi_daily":"High                "},"bbox":[-6.7218,42.702,-6.7218,42.702]},{"type":"Feature","id":"modis_ba_pt_7day.fid--4ba6c401_19fc8506516_-3206","geometry":{"type":"Point","coordinates":[16.1178,39.7562]},"geometry_name":"geom","properties":{"datetimenow":"2026-08-03T15:46:54.816Z","fire_status":"Under Control","fire_id_source":"592063","last_update_boundary":null,"size_ha":"21","active24hr":"0    ","active7d":2,"ignition_date":"2026-07-30","duration_days":4,"lastupdate_hours":8,"fire_name":"IT  •  Lungro • 2026-07-30","fwi_daily":"High                "},"bbox":[16.1178,39.7562,16.1178,39.7562]},{"type":"Feature","id":"modis_ba_pt_7day.fid--4ba6c401_19fc8506516_-3200","geometry":{"type":"Point","coordinates":[-6.9911,42.6933]},"geometry_name":"geom","properties":{"datetimenow":"2026-08-03T15:46:54.816Z","fire_status":"Under Control","fire_id_source":"592477","last_update_boundary":null,"size_ha":"13","active24hr":"0    ","active7d":2,"ignition_date":"2026-07-30","duration_days":4,"lastupdate_hours":2,"fire_name":"ES  •  Vega de Valcarce • 2026-07-30","fwi_daily":"High                "},"bbox":[-6.9911,42.6933,-6.9911,42.6933]},{"type":"Feature","id":"modis_ba_pt_7day.fid--4ba6c401_19fc8506516_-31de","geometry":{"type":"Point","coordinates":[1.0613,45.5934]},"geometry_name":"geom","properties":{"datetimenow":"2026-08-03T15:46:54.817Z","fire_status":"Under Control","fire_id_source":"592419","last_update_boundary":null,"size_ha":"21","active24hr":"0    ","active7d":1,"ignition_date":"2026-07-30","duration_days":4,"lastupdate_hours":6,"fire_name":"FR  •  Bussière-Galant • 2026-07-30","fwi_daily":"Low                 "},"bbox":[1.0613,45.5934,1.0613,45.5934]},{"type":"Feature","id":"modis_ba_pt_7day.fid--4ba6c401_19fc8506516_-31d8","geometry":{"type":"Point","coordinates":[9.4758,46.0607]},"geometry_name":"geom","properties":{"datetimenow":"2026-08-03T15:46:54.817Z","fire_status":"Under Control","fire_id_source":"592362","last_update_boundary":null,"size_ha":"12","active24hr":"0    ","active7d":2,"ignition_date":"2026-07-30","duration_days":4,"lastupdate_hours":8,"fire_name":"IT  •  Premana • 2026-07-30","fwi_daily":"Low                 "},"bbox":[9.4758,46.0607,9.4758,46.0607]},{"type":"Feature","id":"modis_ba_pt_7day.fid--4ba6c401_19fc8506516_-31d3","geometry":{"type":"Point","coordinates":[16.1537,38.4348]},"geometry_name":"geom","properties":{"datetimenow":"2026-08-03T15:46:54.817Z","fire_status":"Under Control","fire_id_source":"592039","last_update_boundary":null,"size_ha":"2","active24hr":"0    ","active7d":1,"ignition_date":"2026-07-30","duration_days":4,"lastupdate_hours":8,"fire_name":"IT  •  Giffone • 2026-07-30","fwi_daily":"High                "},"bbox":[16.1537,38.4348,16.1537,38.4348]},{"type":"Feature","id":"modis_ba_pt_7day.fid--4ba6c401_19fc8506516_-31d0","geometry":{"type":"Point","coordinates":[1.187,45.1024]},"geometry_name":"geom","properties":{"datetimenow":"2026-08-03T15:46:54.818Z","fire_status":"Under Control","fire_id_source":"592422","last_update_boundary":null,"size_ha":"2","active24hr":"0    ","active7d":1,"ignition_date":"2026-07-30","duration_days":4,"lastupdate_hours":6,"fire_name":"FR  •  Farges • 2026-07-30","fwi_daily":"High                "},"bbox":[1.187,45.1024,1.187,45.1024]},{"type":"Feature","id":"modis_ba_pt_7day.fid--4ba6c401_19fc8506516_-31ce","geometry":{"type":"Point","coordinates":[24.8321,37.8045]},"geometry_name":"geom","properties":{"datetimenow":"2026-08-03T15:46:54.818Z","fire_status":"Under Control","fire_id_source":"592460","last_update_boundary":null,"size_ha":"154","active24hr":"0    ","active7d":3,"ignition_date":"2026-07-30","duration_days":4,"lastupdate_hours":4,"fire_name":"EL • 2026-07-30","fwi_daily":"Very High           "},"bbox":[24.8321,37.8045,24.8321,37.8045]},{"type":"Feature","id":"modis_ba_pt_7day.fid--4ba6c401_19fc8506516_-31cb","geometry":{"type":"Point","coordinates":[12.5086,42.161]},"geometry_name":"geom","properties":{"datetimenow":"2026-08-03T15:46:54.818Z","fire_status":"Under Control","fire_id_source":"592473","last_update_boundary":null,"size_ha":"41","active24hr":"0    ","active7d":2,"ignition_date":"2026-07-30","duration_days":4,"lastupdate_hours":3,"fire_name":"IT  •  Morlupo • 2026-07-30","fwi_daily":"Very High           "},"bbox":[12.5086,42.161,12.5086,42.161]},{"type":"Feature","id":"modis_ba_pt_7day.fid--4ba6c401_19fc8506516_-31c5","geometry":{"type":"Point","coordinates":[16.3728,38.7909]},"geometry_name":"geom","properties":{"datetimenow":"2026-08-03T15:46:54.819Z","fire_status":"Under Control","fire_id_source":"592468","last_update_boundary":null,"size_ha":"13","active24hr":"0    ","active7d":2,"ignition_date":"2026-07-30","duration_days":4,"lastupdate_hours":3,"fire_name":"IT  •  Cortale • 2026-07-30","fwi_daily":"High                "},"bbox":[16.3728,38.7909,16.3728,38.7909]},{"type":"Feature","id":"modis_ba_pt_7day.fid--4ba6c401_19fc8506516_-31bf","geometry":{"type":"Point","coordinates":[15.7173,37.9812]},"geometry_name":"geom","properties":{"datetimenow":"2026-08-03T15:46:54.819Z","fire_status":"Under Control","fire_id_source":"584043","last_update_boundary":null,"size_ha":"39","active24hr":"0    ","active7d":2,"ignition_date":"2026-07-30","duration_days":4,"lastupdate_hours":78,"fire_name":"IT  •  Motta San Giovanni • 2026-07-30","fwi_daily":"Moderate            "},"bbox":[15.7173,37.9812,15.7173,37.9812]},{"type":"Feature","id":"modis_ba_pt_7day.fid--4ba6c401_19fc8506516_-31b8","geometry":{"type":"Point","coordinates":[16.1161,38.5693]},"geometry_name":"geom","properties":{"datetimenow":"2026-08-03T15:46:54.819Z","fire_status":"Under Control","fire_id_source":"592040","last_update_boundary":null,"size_ha":"10","active24hr":"0    ","active7d":2,"ignition_date":"2026-07-30","duration_days":4,"lastupdate_hours":8,"fire_name":"IT  •  Dinami • 2026-07-30","fwi_daily":"High                "},"bbox":[16.1161,38.5693,16.1161,38.5693]},{"type":"Feature","id":"modis_ba_pt_7day.fid--4ba6c401_19fc8506516_-31af","geometry":{"type":"Point","coordinates":[42.6995,39.2338]},"geometry_name":"geom","properties":{"datetimenow":"2026-08-03T15:46:54.864Z","fire_status":"Out","fire_id_source":"581368","last_update_boundary":null,"size_ha":"25","active24hr":"0    ","active7d":0,"ignition_date":"2026-07-27","duration_days":8,"lastupdate_hours":101,"fire_name":"TR • 2026-07-27","fwi_daily":null},"bbox":[42.6995,39.2338,42.6995,39.2338]},{"type":"Feature","id":"modis_ba_pt_7day.fid--4ba6c401_19fc8506516_-31a7","geometry":{"type":"Point","coordinates":[15.7129,37.973]},"geometry_name":"geom","properties":{"datetimenow":"2026-08-03T15:46:54.819Z","fire_status":"Under Control","fire_id_source":"584083","last_update_boundary":null,"size_ha":"68","active24hr":"0    ","active7d":2,"ignition_date":"2026-07-30","duration_days":4,"lastupdate_hours":74,"fire_name":"IT  •  Montebello Jonico • 2026-07-30","fwi_daily":"Moderate            "},"bbox":[15.7129,37.973,15.7129,37.973]},{"type":"Feature","id":"modis_ba_pt_7day.fid--4ba6c401_19fc8506516_-31a1","geometry":{"type":"Point","coordinates":[16.1655,59.7443]},"geometry_name":"geom","properties":{"datetimenow":"2026-08-03T15:46:54.820Z","fire_status":"Under Control","fire_id_source":"592410","last_update_boundary":null,"size_ha":"0","active24hr":"0    ","active7d":1,"ignition_date":"2026-07-30","duration_days":4,"lastupdate_hours":6,"fire_name":"SE  •  Surahammar • 2026-07-30","fwi_daily":"High                "},"bbox":[16.1655,59.7443,16.1655,59.7443]},{"type":"Feature","id":"modis_ba_pt_7day.fid--4ba6c401_19fc8506516_-319a","geometry":{"type":"Point","coordinates":[16.1661,59.7459]},"geometry_name":"geom","properties":{"datetimenow":"2026-08-03T15:46:54.820Z","fire_status":"Under Control","fire_id_source":"592409","last_update_boundary":null,"size_ha":"1","active24hr":"0    ","active7d":1,"ignition_date":"2026-07-30","duration_days":4,"lastupdate_hours":6,"fire_name":"SE  •  Surahammar • 2026-07-30","fwi_daily":"High                "},"bbox":[16.1661,59.7459,16.1661,59.7459]},{"type":"Feature","id":"modis_ba_pt_7day.fid--4ba6c401_19fc8506516_-3193","geometry":{"type":"Point","coordinates":[13.0618,52.0691]},"geometry_name":"geom","properties":{"datetimenow":"2026-08-03T15:46:54.820Z","fire_status":"Under Control","fire_id_source":"586301","last_update_boundary":null,"size_ha":"68","active24hr":"0    ","active7d":3,"ignition_date":"2026-07-30","duration_days":4,"lastupdate_hours":48,"fire_name":"DE  •  Jüterbog, Stadt • 2026-07-30","fwi_daily":"Moderate            "},"bbox":[13.0618,52.0691,13.0618,52.0691]},{"type":"Feature","id":"modis_ba_pt_7day.fid--4ba6c401_19fc8506516_-318c","geometry":{"type":"Point","coordinates":[15.8779,38.6361]},"geometry_name":"geom","properties":{"datetimenow":"2026-08-03T15:46:54.820Z","fire_status":"Under Control","fire_id_source":"584044","last_update_boundary":null,"size_ha":"12","active24hr":"0    ","active7d":1,"ignition_date":"2026-07-30","duration_days":4,"lastupdate_hours":78,"fire_name":"IT  •  Ricadi • 2026-07-30","fwi_daily":"Moderate            "},"bbox":[15.8779,38.6361,15.8779,38.6361]},{"type":"Feature","id":"modis_ba_pt_7day.fid--4ba6c401_19fc8506516_-3174","geometry":{"type":"Point","coordinates":[16.225,38.2052]},"geometry_name":"geom","properties":{"datetimenow":"2026-08-03T15:46:54.821Z","fire_status":"Under Control","fire_id_source":"592036","last_update_boundary":null,"size_ha":"4","active24hr":"0    ","active7d":1,"ignition_date":"2026-07-30","duration_days":4,"lastupdate_hours":8,"fire_name":"IT  •  Portigliola • 2026-07-30","fwi_daily":"High                "},"bbox":[16.225,38.2052,16.225,38.2052]},{"type":"Feature","id":"modis_ba_pt_7day.fid--4ba6c401_19fc8506516_-316f","geometry":{"type":"Point","coordinates":[13.9147,41.503]},"geometry_name":"geom","properties":{"datetimenow":"2026-08-03T15:46:54.821Z","fire_status":"Under Control","fire_id_source":"592210","last_update_boundary":null,"size_ha":"0","active24hr":"0    ","active7d":1,"ignition_date":"2026-07-30","duration_days":4,"lastupdate_hours":8,"fire_name":"IT  •  Cervaro • 2026-07-30","fwi_daily":"High                "},"bbox":[13.9147,41.503,13.9147,41.503]},{"type":"Feature","id":"modis_ba_pt_7day.fid--4ba6c401_19fc8506516_-316a","geometry":{"type":"Point","coordinates":[16.2212,38.2066]},"geometry_name":"geom","properties":{"datetimenow":"2026-08-03T15:46:54.821Z","fire_status":"Under Control","fire_id_source":"592037","last_update_boundary":null,"size_ha":"2","active24hr":"0    ","active7d":1,"ignition_date":"2026-07-30","duration_days":4,"lastupdate_hours":8,"fire_name":"IT  •  Portigliola • 2026-07-30","fwi_daily":"High                "},"bbox":[16.2212,38.2066,16.2212,38.2066]},{"type":"Feature","id":"modis_ba_pt_7day.fid--4ba6c401_19fc8506516_-3161","geometry":{"type":"Point","coordinates":[13.915,41.5044]},"geometry_name":"geom","properties":{"datetimenow":"2026-08-03T15:46:54.821Z","fire_status":"Under Control","fire_id_source":"584061","last_update_boundary":null,"size_ha":"47","active24hr":"0    ","active7d":1,"ignition_date":"2026-07-30","duration_days":4,"lastupdate_hours":78,"fire_name":"IT  •  Cervaro • 2026-07-30","fwi_daily":"High                "},"bbox":[13.915,41.5044,13.915,41.5044]},{"type":"Feature","id":"modis_ba_pt_7day.fid--4ba6c401_19fc8506516_-315b","geometry":{"type":"Point","coordinates":[28.0219,39.2906]},"geometry_name":"geom","properties":{"datetimenow":"2026-08-03T15:46:54.822Z","fire_status":"Under Control","fire_id_source":"581411","last_update_boundary":null,"size_ha":"7","active24hr":"0    ","active7d":1,"ignition_date":"2026-07-30","duration_days":4,"lastupdate_hours":96,"fire_name":"TR • 2026-07-30","fwi_daily":"High                "},"bbox":[28.0219,39.2906,28.0219,39.2906]},{"type":"Feature","id":"modis_ba_pt_7day.fid--4ba6c401_19fc8506516_-3156","geometry":{"type":"Point","coordinates":[32.3189,39.2537]},"geometry_name":"geom","properties":{"datetimenow":"2026-08-03T15:46:54.822Z","fire_status":"Under Control","fire_id_source":"581414","last_update_boundary":null,"size_ha":"135","active24hr":"0    ","active7d":1,"ignition_date":"2026-07-30","duration_days":4,"lastupdate_hours":96,"fire_name":"TR •  Ankara • 2026-07-30","fwi_daily":"High                "},"bbox":[32.3189,39.2537,32.3189,39.2537]},{"type":"Feature","id":"modis_ba_pt_7day.fid--4ba6c401_19fc8506516_-314f","geometry":{"type":"Point","coordinates":[35.5027,33.1349]},"geometry_name":"geom","properties":{"datetimenow":"2026-08-03T15:46:54.822Z","fire_status":"Under Control","fire_id_source":"592451","last_update_boundary":null,"size_ha":"11","active24hr":"0    ","active7d":0,"ignition_date":"2026-07-30","duration_days":4,"lastupdate_hours":5,"fire_name":"LB •  Blida • 2026-07-30","fwi_daily":"Extreme             "},"bbox":[35.5027,33.1349,35.5027,33.1349]},{"type":"Feature","id":"modis_ba_pt_7day.fid--4ba6c401_19fc8506516_-3148","geometry":{"type":"Point","coordinates":[35.2512,32.8243]},"geometry_name":"geom","properties":{"datetimenow":"2026-08-03T15:46:54.823Z","fire_status":"Under Control","fire_id_source":"592458","last_update_boundary":null,"size_ha":"2","active24hr":"0    ","active7d":0,"ignition_date":"2026-07-30","duration_days":4,"lastupdate_hours":5,"fire_name":"IL • 2026-07-30","fwi_daily":"Extreme             "},"bbox":[35.2512,32.8243,35.2512,32.8243]},{"type":"Feature","id":"modis_ba_pt_7day.fid--4ba6c401_19fc8506516_-3141","geometry":{"type":"Point","coordinates":[-0.6969,44.9667]},"geometry_name":"geom","properties":{"datetimenow":"2026-08-03T15:46:54.823Z","fire_status":"Under Control","fire_id_source":"592414","last_update_boundary":null,"size_ha":"2","active24hr":"0    ","active7d":1,"ignition_date":"2026-07-30","duration_days":5,"lastupdate_hours":6,"fire_name":"FR  •  Pian-Médoc • 2026-07-30","fwi_daily":"Low                 "},"bbox":[-0.6969,44.9667,-0.6969,44.9667]},{"type":"Feature","id":"modis_ba_pt_7day.fid--4ba6c401_19fc8506516_-313b","geometry":{"type":"Point","coordinates":[-3.5183,37.0007]},"geometry_name":"geom","properties":{"datetimenow":"2026-08-03T15:46:54.823Z","fire_status":"Under Control","fire_id_source":"592398","last_update_boundary":null,"size_ha":"1","active24hr":"0    ","active7d":1,"ignition_date":"2026-07-30","duration_days":5,"lastupdate_hours":7,"fire_name":"ES  •  Nigüelas • 2026-07-30","fwi_daily":"Extreme             "},"bbox":[-3.5183,37.0007,-3.5183,37.0007]},{"type":"Feature","id":"modis_ba_pt_7day.fid--4ba6c401_19fc8506516_-3135","geometry":{"type":"Point","coordinates":[-6.517,42.6646]},"geometry_name":"geom","properties":{"datetimenow":"2026-08-03T15:46:54.824Z","fire_status":"Under Control","fire_id_source":"592478","last_update_boundary":null,"size_ha":"60","active24hr":"0    ","active7d":2,"ignition_date":"2026-07-30","duration_days":5,"lastupdate_hours":2,"fire_name":"ES  •  Toreno • 2026-07-30","fwi_daily":"Very High           "},"bbox":[-6.517,42.6646,-6.517,42.6646]},{"type":"Feature","id":"modis_ba_pt_7day.fid--4ba6c401_19fc8506516_-3130","geometry":{"type":"Point","coordinates":[0.1867,40.6279]},"geometry_name":"geom","properties":{"datetimenow":"2026-08-03T15:46:54.824Z","fire_status":"Under Control","fire_id_source":"583722","last_update_boundary":null,"size_ha":"3","active24hr":"0    ","active7d":1,"ignition_date":"2026-07-30","duration_days":5,"lastupdate_hours":80,"fire_name":"ES  •  Rossell • 2026-07-30","fwi_daily":"High                "},"bbox":[0.1867,40.6279,0.1867,40.6279]},{"type":"Feature","id":"modis_ba_pt_7day.fid--4ba6c401_19fc8506516_-312d","geometry":{"type":"Point","coordinates":[29.1982,36.7357]},"geometry_name":"geom","properties":{"datetimenow":"2026-08-03T15:46:54.825Z","fire_status":"Under Control","fire_id_source":"581412","last_update_boundary":null,"size_ha":"250","active24hr":"0    ","active7d":2,"ignition_date":"2026-07-30","duration_days":5,"lastupdate_hours":96,"fire_name":"TR • 2026-07-30","fwi_daily":"Very High           "},"bbox":[29.1982,36.7357,29.1982,36.7357]},{"type":"Feature","id":"modis_ba_pt_7day.fid--4ba6c401_19fc8506516_-3127","geometry":{"type":"Point","coordinates":[26.8591,38.9209]},"geometry_name":"geom","properties":{"datetimenow":"2026-08-03T15:46:54.825Z","fire_status":"Under Control","fire_id_source":"580253","last_update_boundary":null,"size_ha":"52","active24hr":"0    ","active7d":1,"ignition_date":"2026-07-30","duration_days":5,"lastupdate_hours":105,"fire_name":"TR • 2026-07-30","fwi_daily":"High                "},"bbox":[26.8591,38.9209,26.8591,38.9209]},{"type":"Feature","id":"modis_ba_pt_7day.fid--4ba6c401_19fc8506516_-3121","geometry":{"type":"Point","coordinates":[37.3503,36.9397]},"geometry_name":"geom","properties":{"datetimenow":"2026-08-03T15:46:54.825Z","fire_status":"Under Control","fire_id_source":"592449","last_update_boundary":null,"size_ha":"14","active24hr":"0    ","active7d":0,"ignition_date":"2026-07-30","duration_days":5,"lastupdate_hours":6,"fire_name":"TR •  Gaziantep • 2026-07-30","fwi_daily":"Extreme             "},"bbox":[37.3503,36.9397,37.3503,36.9397]},{"type":"Feature","id":"modis_ba_pt_7day.fid--4ba6c401_19fc8506516_-311c","geometry":{"type":"Point","coordinates":[1.6164,52.2581]},"geometry_name":"geom","properties":{"datetimenow":"2026-08-03T15:46:54.825Z","fire_status":"Under Control","fire_id_source":"581092","last_update_boundary":null,"size_ha":"150","active24hr":"0    ","active7d":2,"ignition_date":"2026-07-29","duration_days":5,"lastupdate_hours":103,"fire_name":"UK  •  Suffolk Coastal • 2026-07-29","fwi_daily":"Moderate            "},"bbox":[1.6164,52.2581,1.6164,52.2581]},{"type":"Feature","id":"modis_ba_pt_7day.fid--4ba6c401_19fc8506516_-30eb","geometry":{"type":"Point","coordinates":[6.0911,43.3993]},"geometry_name":"geom","properties":{"datetimenow":"2026-08-03T15:46:54.826Z","fire_status":"Under Control","fire_id_source":"592377","last_update_boundary":null,"size_ha":"1","active24hr":"0    ","active7d":1,"ignition_date":"2026-07-29","duration_days":5,"lastupdate_hours":7,"fire_name":"FR  •  Brignoles • 2026-07-29","fwi_daily":"Extreme             "},"bbox":[6.0911,43.3993,6.0911,43.3993]},{"type":"Feature","id":"modis_ba_pt_7day.fid--4ba6c401_19fc8506516_-30e6","geometry":{"type":"Point","coordinates":[28.9195,45.2029]},"geometry_name":"geom","properties":{"datetimenow":"2026-08-03T15:46:54.826Z","fire_status":"Under Control","fire_id_source":"592445","last_update_boundary":null,"size_ha":"34","active24hr":"0    ","active7d":1,"ignition_date":"2026-07-29","duration_days":5,"lastupdate_hours":6,"fire_name":"RO  •  Maliuc • 2026-07-29","fwi_daily":"High                "},"bbox":[28.9195,45.2029,28.9195,45.2029]},{"type":"Feature","id":"modis_ba_pt_7day.fid--4ba6c401_19fc8506516_-30e2","geometry":{"type":"Point","coordinates":[26.4509,40.1145]},"geometry_name":"geom","properties":{"datetimenow":"2026-08-03T15:46:54.826Z","fire_status":"Under Control","fire_id_source":"581408","last_update_boundary":null,"size_ha":"7","active24hr":"0    ","active7d":1,"ignition_date":"2026-07-29","duration_days":5,"lastupdate_hours":96,"fire_name":"TR •  Çanakkale • 2026-07-29","fwi_daily":"Extreme             "},"bbox":[26.4509,40.1145,26.4509,40.1145]},{"type":"Feature","id":"modis_ba_pt_7day.fid--4ba6c401_19fc8506516_-30df","geometry":{"type":"Point","coordinates":[26.4546,40.1086]},"geometry_name":"geom","properties":{"datetimenow":"2026-08-03T15:46:54.827Z","fire_status":"Under Control","fire_id_source":"581409","last_update_boundary":null,"size_ha":"22","active24hr":"0    ","active7d":1,"ignition_date":"2026-07-29","duration_days":5,"lastupdate_hours":96,"fire_name":"TR •  Çanakkale • 2026-07-29","fwi_daily":"Extreme             "},"bbox":[26.4546,40.1086,26.4546,40.1086]},{"type":"Feature","id":"modis_ba_pt_7day.fid--4ba6c401_19fc8506516_-30db","geometry":{"type":"Point","coordinates":[6.0887,43.3935]},"geometry_name":"geom","properties":{"datetimenow":"2026-08-03T15:46:54.828Z","fire_status":"Under Control","fire_id_source":"580489","last_update_boundary":null,"size_ha":"71","active24hr":"0    ","active7d":2,"ignition_date":"2026-07-29","duration_days":5,"lastupdate_hours":105,"fire_name":"FR  •  Brignoles • 2026-07-29","fwi_daily":"Extreme             "},"bbox":[6.0887,43.3935,6.0887,43.3935]},{"type":"Feature","id":"modis_ba_pt_7day.fid--4ba6c401_19fc8506516_-30d7","geometry":{"type":"Point","coordinates":[1.0602,45.535]},"geometry_name":"geom","properties":{"datetimenow":"2026-08-03T15:46:54.828Z","fire_status":"Under Control","fire_id_source":"584067","last_update_boundary":null,"size_ha":"23","active24hr":"0    ","active7d":2,"ignition_date":"2026-07-29","duration_days":5,"lastupdate_hours":77,"fire_name":"FR  •  Jumilhac-le-Grand • 2026-07-29","fwi_daily":"Low                 "},"bbox":[1.0602,45.535,1.0602,45.535]},{"type":"Feature","id":"modis_ba_pt_7day.fid--4ba6c401_19fc8506516_-30d0","geometry":{"type":"Point","coordinates":[4.9637,47.2702]},"geometry_name":"geom","properties":{"datetimenow":"2026-08-03T15:46:54.828Z","fire_status":"Under Control","fire_id_source":"584080","last_update_boundary":null,"size_ha":"34","active24hr":"0    ","active7d":2,"ignition_date":"2026-07-29","duration_days":5,"lastupdate_hours":75,"fire_name":"FR • 2026-07-29","fwi_daily":"High                "},"bbox":[4.9637,47.2702,4.9637,47.2702]},{"type":"Feature","id":"modis_ba_pt_7day.fid--4ba6c401_19fc8506516_-30cb","geometry":{"type":"Point","coordinates":[-6.6453,42.7279]},"geometry_name":"geom","properties":{"datetimenow":"2026-08-03T15:46:54.829Z","fire_status":"Under Control","fire_id_source":"592479","last_update_boundary":null,"size_ha":"1","active24hr":"0    ","active7d":1,"ignition_date":"2026-07-29","duration_days":5,"lastupdate_hours":2,"fire_name":"ES  •  Vega de Espinareda • 2026-07-29","fwi_daily":"High                "},"bbox":[-6.6453,42.7279,-6.6453,42.7279]},{"type":"Feature","id":"modis_ba_pt_7day.fid--4ba6c401_19fc8506516_-30c5","geometry":{"type":"Point","coordinates":[-8.0276,41.0262]},"geometry_name":"geom","properties":{"datetimenow":"2026-08-03T15:46:54.829Z","fire_status":"Under Control","fire_id_source":"581392","last_update_boundary":null,"size_ha":"2","active24hr":"0    ","active7d":1,"ignition_date":"2026-07-29","duration_days":5,"lastupdate_hours":98,"fire_name":"PT  •  Ferreiros de Tendais • 2026-07-29","fwi_daily":"High                "},"bbox":[-8.0276,41.0262,-8.0276,41.0262]},{"type":"Feature","id":"modis_ba_pt_7day.fid--4ba6c401_19fc8506516_-30be","geometry":{"type":"Point","coordinates":[6.5125,43.3779]},"geometry_name":"geom","properties":{"datetimenow":"2026-08-03T15:46:54.829Z","fire_status":"Under Control","fire_id_source":"592365","last_update_boundary":null,"size_ha":"1","active24hr":"0    ","active7d":1,"ignition_date":"2026-07-29","duration_days":5,"lastupdate_hours":8,"fire_name":"FR  •  Vidauban • 2026-07-29","fwi_daily":"Very High           "},"bbox":[6.5125,43.3779,6.5125,43.3779]},{"type":"Feature","id":"modis_ba_pt_7day.fid--4ba6c401_19fc8506516_-30b7","geometry":{"type":"Point","coordinates":[13.6158,41.3138]},"geometry_name":"geom","properties":{"datetimenow":"2026-08-03T15:46:54.830Z","fire_status":"Under Control","fire_id_source":"592174","last_update_boundary":null,"size_ha":"1","active24hr":"0    ","active7d":1,"ignition_date":"2026-07-29","duration_days":5,"lastupdate_hours":8,"fire_name":"IT  •  Formia • 2026-07-29","fwi_daily":"Moderate            "},"bbox":[13.6158,41.3138,13.6158,41.3138]},{"type":"Feature","id":"modis_ba_pt_7day.fid--4ba6c401_19fc8506516_-30b0","geometry":{"type":"Point","coordinates":[-8.2044,41.1672]},"geometry_name":"geom","properties":{"datetimenow":"2026-08-03T15:46:54.830Z","fire_status":"Under Control","fire_id_source":"581390","last_update_boundary":null,"size_ha":"118","active24hr":"0    ","active7d":2,"ignition_date":"2026-07-29","duration_days":5,"lastupdate_hours":98,"fire_name":"PT  •  Abragão • 2026-07-29","fwi_daily":"High                "},"bbox":[-8.2044,41.1672,-8.2044,41.1672]},{"type":"Feature","id":"modis_ba_pt_7day.fid--4ba6c401_19fc8506516_-30a9","geometry":{"type":"Point","coordinates":[-7.9248,43.3003]},"geometry_name":"geom","properties":{"datetimenow":"2026-08-03T15:46:54.830Z","fire_status":"Under Control","fire_id_source":"592388","last_update_boundary":null,"size_ha":"36","active24hr":"0    ","active7d":1,"ignition_date":"2026-07-29","duration_days":5,"lastupdate_hours":7,"fire_name":"ES  •  Guitiriz • 2026-07-29","fwi_daily":"Moderate            "},"bbox":[-7.9248,43.3003,-7.9248,43.3003]},{"type":"Feature","id":"modis_ba_pt_7day.fid--4ba6c401_19fc8506516_-30a2","geometry":{"type":"Point","coordinates":[-7.6399,43.5845]},"geometry_name":"geom","properties":{"datetimenow":"2026-08-03T15:46:54.830Z","fire_status":"Under Control","fire_id_source":"581398","last_update_boundary":null,"size_ha":"68","active24hr":"0    ","active7d":1,"ignition_date":"2026-07-29","duration_days":5,"lastupdate_hours":97,"fire_name":"ES  •  Ourol • 2026-07-29","fwi_daily":"Low                 "},"bbox":[-7.6399,43.5845,-7.6399,43.5845]},{"type":"Feature","id":"modis_ba_pt_7day.fid--4ba6c401_19fc8506516_-309e","geometry":{"type":"Point","coordinates":[13.5248,41.5005]},"geometry_name":"geom","properties":{"datetimenow":"2026-08-03T15:46:54.831Z","fire_status":"Under Control","fire_id_source":"592474","last_update_boundary":null,"size_ha":"14","active24hr":"0    ","active7d":1,"ignition_date":"2026-07-29","duration_days":5,"lastupdate_hours":2,"fire_name":"IT  •  Falvaterra • 2026-07-29","fwi_daily":"High                "},"bbox":[13.5248,41.5005,13.5248,41.5005]},{"type":"Feature","id":"modis_ba_pt_7day.fid--4ba6c401_19fc8506516_-3081","geometry":{"type":"Point","coordinates":[1.4293,41.254]},"geometry_name":"geom","properties":{"datetimenow":"2026-08-03T15:46:54.831Z","fire_status":"Under Control","fire_id_source":"583386","last_update_boundary":null,"size_ha":"14","active24hr":"0    ","active7d":1,"ignition_date":"2026-07-29","duration_days":5,"lastupdate_hours":81,"fire_name":"ES  •  Montferri • 2026-07-29","fwi_daily":"High                "},"bbox":[1.4293,41.254,1.4293,41.254]},{"type":"Feature","id":"modis_ba_pt_7day.fid--4ba6c401_19fc8506516_-307c","geometry":{"type":"Point","coordinates":[19.9111,40.1086]},"geometry_name":"geom","properties":{"datetimenow":"2026-08-03T15:46:54.832Z","fire_status":"Under Control","fire_id_source":"581406","last_update_boundary":null,"size_ha":"52","active24hr":"0    ","active7d":2,"ignition_date":"2026-07-29","duration_days":5,"lastupdate_hours":96,"fire_name":"AL  •  Himarë • 2026-07-29","fwi_daily":"Very High           "},"bbox":[19.9111,40.1086,19.9111,40.1086]},{"type":"Feature","id":"modis_ba_pt_7day.fid--4ba6c401_19fc8506516_-3077","geometry":{"type":"Point","coordinates":[22.5239,36.6961]},"geometry_name":"geom","properties":{"datetimenow":"2026-08-03T15:46:54.832Z","fire_status":"Under Control","fire_id_source":"584084","last_update_boundary":null,"size_ha":"8","active24hr":"0    ","active7d":1,"ignition_date":"2026-07-29","duration_days":5,"lastupdate_hours":74,"fire_name":"EL • 2026-07-29","fwi_daily":"High                "},"bbox":[22.5239,36.6961,22.5239,36.6961]},{"type":"Feature","id":"modis_ba_pt_7day.fid--4ba6c401_19fc8506516_-3071","geometry":{"type":"Point","coordinates":[6.1291,35.6658]},"geometry_name":"geom","properties":{"datetimenow":"2026-08-03T15:46:54.832Z","fire_status":"Under Control","fire_id_source":"577312","last_update_boundary":null,"size_ha":"18","active24hr":"0    ","active7d":2,"ignition_date":"2026-07-29","duration_days":5,"lastupdate_hours":120,"fire_name":"DZ • 2026-07-29","fwi_daily":"Very High           "},"bbox":[6.1291,35.6658,6.1291,35.6658]},{"type":"Feature","id":"modis_ba_pt_7day.fid--4ba6c401_19fc8506516_-306a","geometry":{"type":"Point","coordinates":[13.3908,61.2133]},"geometry_name":"geom","properties":{"datetimenow":"2026-08-03T15:46:54.833Z","fire_status":"Under Control","fire_id_source":"592413","last_update_boundary":null,"size_ha":"10","active24hr":"0    ","active7d":1,"ignition_date":"2026-07-29","duration_days":5,"lastupdate_hours":6,"fire_name":"SE  •  Malung-Sälen • 2026-07-29","fwi_daily":"Moderate            "},"bbox":[13.3908,61.2133,13.3908,61.2133]},{"type":"Feature","id":"modis_ba_pt_7day.fid--4ba6c401_19fc8506516_-3062","geometry":{"type":"Point","coordinates":[13.3896,61.2189]},"geometry_name":"geom","properties":{"datetimenow":"2026-08-03T15:46:54.833Z","fire_status":"Under Control","fire_id_source":"592412","last_update_boundary":null,"size_ha":"3","active24hr":"0    ","active7d":1,"ignition_date":"2026-07-29","duration_days":5,"lastupdate_hours":6,"fire_name":"SE  •  Malung-Sälen • 2026-07-29","fwi_daily":"Moderate            "},"bbox":[13.3896,61.2189,13.3896,61.2189]},{"type":"Feature","id":"modis_ba_pt_7day.fid--4ba6c401_19fc8506516_-305b","geometry":{"type":"Point","coordinates":[13.6691,41.2913]},"geometry_name":"geom","properties":{"datetimenow":"2026-08-03T15:46:54.833Z","fire_status":"Under Control","fire_id_source":"584060","last_update_boundary":null,"size_ha":"14","active24hr":"0    ","active7d":1,"ignition_date":"2026-07-29","duration_days":5,"lastupdate_hours":78,"fire_name":"IT  •  Formia • 2026-07-29","fwi_daily":"Moderate            "},"bbox":[13.6691,41.2913,13.6691,41.2913]},{"type":"Feature","id":"modis_ba_pt_7day.fid--4ba6c401_19fc8506516_-3054","geometry":{"type":"Point","coordinates":[9.0981,42.2907]},"geometry_name":"geom","properties":{"datetimenow":"2026-08-03T15:46:54.833Z","fire_status":"Under Control","fire_id_source":"584063","last_update_boundary":null,"size_ha":"1","active24hr":"0    ","active7d":1,"ignition_date":"2026-07-29","duration_days":5,"lastupdate_hours":78,"fire_name":"FR  •  Corte • 2026-07-29","fwi_daily":"High                "},"bbox":[9.0981,42.2907,9.0981,42.2907]},{"type":"Feature","id":"modis_ba_pt_7day.fid--4ba6c401_19fc8506516_-304f","geometry":{"type":"Point","coordinates":[23.3596,43.5466]},"geometry_name":"geom","properties":{"datetimenow":"2026-08-03T15:46:54.834Z","fire_status":"Under Control","fire_id_source":"592440","last_update_boundary":null,"size_ha":"4","active24hr":"0    ","active7d":0,"ignition_date":"2026-07-29","duration_days":5,"lastupdate_hours":6,"fire_name":"BG • 2026-07-29","fwi_daily":"High                "},"bbox":[23.3596,43.5466,23.3596,43.5466]},{"type":"Feature","id":"modis_ba_pt_7day.fid--4ba6c401_19fc8506516_-304a","geometry":{"type":"Point","coordinates":[22.973,44.62]},"geometry_name":"geom","properties":{"datetimenow":"2026-08-03T15:46:54.834Z","fire_status":"Under Control","fire_id_source":"592463","last_update_boundary":null,"size_ha":"113","active24hr":"0    ","active7d":2,"ignition_date":"2026-07-29","duration_days":5,"lastupdate_hours":3,"fire_name":"RO • 2026-07-29","fwi_daily":"High                "},"bbox":[22.973,44.62,22.973,44.62]},{"type":"Feature","id":"modis_ba_pt_7day.fid--4ba6c401_19fc8506516_-3043","geometry":{"type":"Point","coordinates":[14.911,37.8453]},"geometry_name":"geom","properties":{"datetimenow":"2026-08-03T15:46:54.834Z","fire_status":"Under Control","fire_id_source":"583379","last_update_boundary":null,"size_ha":"18","active24hr":"0    ","active7d":1,"ignition_date":"2026-07-29","duration_days":5,"lastupdate_hours":81,"fire_name":"IT  •  Randazzo • 2026-07-29","fwi_daily":"Low                 "},"bbox":[14.911,37.8453,14.911,37.8453]},{"type":"Feature","id":"modis_ba_pt_7day.fid--4ba6c401_19fc8506516_-303d","geometry":{"type":"Point","coordinates":[14.3367,37.3121]},"geometry_name":"geom","properties":{"datetimenow":"2026-08-03T15:46:54.834Z","fire_status":"Under Control","fire_id_source":"583377","last_update_boundary":null,"size_ha":"12","active24hr":"0    ","active7d":1,"ignition_date":"2026-07-29","duration_days":5,"lastupdate_hours":81,"fire_name":"IT  •  Piazza Armerina • 2026-07-29","fwi_daily":"Very High           "},"bbox":[14.3367,37.3121,14.3367,37.3121]},{"type":"Feature","id":"modis_ba_pt_7day.fid--4ba6c401_19fc8506516_-3035","geometry":{"type":"Point","coordinates":[22.0926,41.2961]},"geometry_name":"geom","properties":{"datetimenow":"2026-08-03T15:46:54.835Z","fire_status":"Under Control","fire_id_source":"584091","last_update_boundary":null,"size_ha":"13","active24hr":"0    ","active7d":1,"ignition_date":"2026-07-29","duration_days":5,"lastupdate_hours":74,"fire_name":"MK • 2026-07-29","fwi_daily":"Very High           "},"bbox":[22.0926,41.2961,22.0926,41.2961]},{"type":"Feature","id":"modis_ba_pt_7day.fid--4ba6c401_19fc8506516_-302e","geometry":{"type":"Point","coordinates":[14.3394,37.3099]},"geometry_name":"geom","properties":{"datetimenow":"2026-08-03T15:46:54.835Z","fire_status":"Under Control","fire_id_source":"583378","last_update_boundary":null,"size_ha":"1","active24hr":"0    ","active7d":1,"ignition_date":"2026-07-29","duration_days":5,"lastupdate_hours":81,"fire_name":"IT  •  Piazza Armerina • 2026-07-29","fwi_daily":"Very High           "},"bbox":[14.3394,37.3099,14.3394,37.3099]},{"type":"Feature","id":"modis_ba_pt_7day.fid--4ba6c401_19fc8506516_-3029","geometry":{"type":"Point","coordinates":[20.5832,45.221]},"geometry_name":"geom","properties":{"datetimenow":"2026-08-03T15:46:54.835Z","fire_status":"Under Control","fire_id_source":"583815","last_update_boundary":null,"size_ha":"1","active24hr":"0    ","active7d":1,"ignition_date":"2026-07-29","duration_days":5,"lastupdate_hours":80,"fire_name":"RS • 2026-07-29","fwi_daily":"Very High           "},"bbox":[20.5832,45.221,20.5832,45.221]},{"type":"Feature","id":"modis_ba_pt_7day.fid--4ba6c401_19fc8506516_-300a","geometry":{"type":"Point","coordinates":[30.414,36.3944]},"geometry_name":"geom","properties":{"datetimenow":"2026-08-03T15:46:54.836Z","fire_status":"Under Control","fire_id_source":"581413","last_update_boundary":null,"size_ha":"312","active24hr":"0    ","active7d":2,"ignition_date":"2026-07-29","duration_days":5,"lastupdate_hours":96,"fire_name":"TR •  Antalya • 2026-07-29","fwi_daily":"Moderate            "},"bbox":[30.414,36.3944,30.414,36.3944]},{"type":"Feature","id":"modis_ba_pt_7day.fid--4ba6c401_19fc8506516_-3004","geometry":{"type":"Point","coordinates":[-7.7899,42.5883]},"geometry_name":"geom","properties":{"datetimenow":"2026-08-03T15:46:54.836Z","fire_status":"Under Control","fire_id_source":"592393","last_update_boundary":null,"size_ha":"1","active24hr":"0    ","active7d":1,"ignition_date":"2026-07-29","duration_days":6,"lastupdate_hours":7,"fire_name":"ES  •  Chantada • 2026-07-29","fwi_daily":"High                "},"bbox":[-7.7899,42.5883,-7.7899,42.5883]},{"type":"Feature","id":"modis_ba_pt_7day.fid--4ba6c401_19fc8506516_-2fff","geometry":{"type":"Point","coordinates":[-6.7362,42.742]},"geometry_name":"geom","properties":{"datetimenow":"2026-08-03T15:46:54.837Z","fire_status":"Under Control","fire_id_source":"592389","last_update_boundary":null,"size_ha":"52","active24hr":"0    ","active7d":2,"ignition_date":"2026-07-29","duration_days":6,"lastupdate_hours":7,"fire_name":"ES  •  Vega de Espinareda • 2026-07-29","fwi_daily":"High                "},"bbox":[-6.7362,42.742,-6.7362,42.742]},{"type":"Feature","id":"modis_ba_pt_7day.fid--4ba6c401_19fc8506516_-2ffc","geometry":{"type":"Point","coordinates":[15.9913,39.4516]},"geometry_name":"geom","properties":{"datetimenow":"2026-08-03T15:46:54.837Z","fire_status":"Under Control","fire_id_source":"580750","last_update_boundary":null,"size_ha":"11","active24hr":"0    ","active7d":1,"ignition_date":"2026-07-29","duration_days":6,"lastupdate_hours":104,"fire_name":"IT  •  Guardia Piemontese • 2026-07-29","fwi_daily":"Moderate            "},"bbox":[15.9913,39.4516,15.9913,39.4516]},{"type":"Feature","id":"modis_ba_pt_7day.fid--4ba6c401_19fc8506516_-2ff8","geometry":{"type":"Point","coordinates":[23.351,43.5504]},"geometry_name":"geom","properties":{"datetimenow":"2026-08-03T15:46:54.838Z","fire_status":"Under Control","fire_id_source":"592439","last_update_boundary":null,"size_ha":"57","active24hr":"0    ","active7d":2,"ignition_date":"2026-07-29","duration_days":6,"lastupdate_hours":6,"fire_name":"BG • 2026-07-29","fwi_daily":"High                "},"bbox":[23.351,43.5504,23.351,43.5504]},{"type":"Feature","id":"modis_ba_pt_7day.fid--4ba6c401_19fc8506516_-2ff2","geometry":{"type":"Point","coordinates":[15.9535,39.5412]},"geometry_name":"geom","properties":{"datetimenow":"2026-08-03T15:46:54.838Z","fire_status":"Under Control","fire_id_source":"577293","last_update_boundary":null,"size_ha":"37","active24hr":"0    ","active7d":1,"ignition_date":"2026-07-29","duration_days":6,"lastupdate_hours":122,"fire_name":"IT  •  Cetraro • 2026-07-29","fwi_daily":"Moderate            "},"bbox":[15.9535,39.5412,15.9535,39.5412]},{"type":"Feature","id":"modis_ba_pt_7day.fid--4ba6c401_19fc8506516_-2fe9","geometry":{"type":"Point","coordinates":[15.9587,39.5405]},"geometry_name":"geom","properties":{"datetimenow":"2026-08-03T15:46:54.838Z","fire_status":"Under Control","fire_id_source":"581381","last_update_boundary":null,"size_ha":"1","active24hr":"0    ","active7d":1,"ignition_date":"2026-07-29","duration_days":6,"lastupdate_hours":99,"fire_name":"IT  •  Cetraro • 2026-07-29","fwi_daily":"Moderate            "},"bbox":[15.9587,39.5405,15.9587,39.5405]},{"type":"Feature","id":"modis_ba_pt_7day.fid--4ba6c401_19fc8506516_-2fe2","geometry":{"type":"Point","coordinates":[16.235,38.9833]},"geometry_name":"geom","properties":{"datetimenow":"2026-08-03T15:46:54.838Z","fire_status":"Under Control","fire_id_source":"580748","last_update_boundary":null,"size_ha":"41","active24hr":"0    ","active7d":1,"ignition_date":"2026-07-29","duration_days":6,"lastupdate_hours":104,"fire_name":"IT  •  Lamezia Terme • 2026-07-29","fwi_daily":"Moderate            "},"bbox":[16.235,38.9833,16.235,38.9833]},{"type":"Feature","id":"modis_ba_pt_7day.fid--4ba6c401_19fc8506516_-2fdd","geometry":{"type":"Point","coordinates":[27.1098,38.6445]},"geometry_name":"geom","properties":{"datetimenow":"2026-08-03T15:46:54.839Z","fire_status":"Under Control","fire_id_source":"577303","last_update_boundary":null,"size_ha":"76","active24hr":"0    ","active7d":2,"ignition_date":"2026-07-29","duration_days":6,"lastupdate_hours":122,"fire_name":"TR • 2026-07-29","fwi_daily":"High                "},"bbox":[27.1098,38.6445,27.1098,38.6445]},{"type":"Feature","id":"modis_ba_pt_7day.fid--4ba6c401_19fc8506516_-2fd7","geometry":{"type":"Point","coordinates":[42.132,38.673]},"geometry_name":"geom","properties":{"datetimenow":"2026-08-03T15:46:54.839Z","fire_status":"Out","fire_id_source":"581374","last_update_boundary":null,"size_ha":"14","active24hr":"0    ","active7d":0,"ignition_date":"2026-07-29","duration_days":6,"lastupdate_hours":101,"fire_name":"TR •  Bitlis • 2026-07-29","fwi_daily":null},"bbox":[42.132,38.673,42.132,38.673]},{"type":"Feature","id":"modis_ba_pt_7day.fid--4ba6c401_19fc8506516_-2fd1","geometry":{"type":"Point","coordinates":[26.4448,40.1043]},"geometry_name":"geom","properties":{"datetimenow":"2026-08-03T15:46:54.839Z","fire_status":"Under Control","fire_id_source":"581410","last_update_boundary":null,"size_ha":"28","active24hr":"0    ","active7d":1,"ignition_date":"2026-07-29","duration_days":6,"lastupdate_hours":96,"fire_name":"TR •  Çanakkale • 2026-07-29","fwi_daily":"Extreme             "},"bbox":[26.4448,40.1043,26.4448,40.1043]},{"type":"Feature","id":"modis_ba_pt_7day.fid--4ba6c401_19fc8506516_-2fc8","geometry":{"type":"Point","coordinates":[32.9105,39.7415]},"geometry_name":"geom","properties":{"datetimenow":"2026-08-03T15:46:54.839Z","fire_status":"Out","fire_id_source":"584028","last_update_boundary":null,"size_ha":"17","active24hr":"0    ","active7d":0,"ignition_date":"2026-07-29","duration_days":6,"lastupdate_hours":79,"fire_name":"TR •  Ankara • 2026-07-29","fwi_daily":"High                "},"bbox":[32.9105,39.7415,32.9105,39.7415]},{"type":"Feature","id":"modis_ba_pt_7day.fid--4ba6c401_19fc8506516_-2fc1","geometry":{"type":"Point","coordinates":[40.4068,37.3462]},"geometry_name":"geom","properties":{"datetimenow":"2026-08-03T15:46:54.840Z","fire_status":"Out","fire_id_source":"584024","last_update_boundary":null,"size_ha":"16","active24hr":"0    ","active7d":0,"ignition_date":"2026-07-29","duration_days":6,"lastupdate_hours":79,"fire_name":"TR •  Mardin • 2026-07-29","fwi_daily":"Very Extreme        "},"bbox":[40.4068,37.3462,40.4068,37.3462]},{"type":"Feature","id":"modis_ba_pt_7day.fid--4ba6c401_19fc8506516_-2fb7","geometry":{"type":"Point","coordinates":[16.1857,39.712]},"geometry_name":"geom","properties":{"datetimenow":"2026-08-03T15:46:54.840Z","fire_status":"Out","fire_id_source":"584052","last_update_boundary":null,"size_ha":"139","active24hr":"0    ","active7d":0,"ignition_date":"2026-07-29","duration_days":6,"lastupdate_hours":78,"fire_name":"IT  •  Firmo • 2026-07-29","fwi_daily":"Very High           "},"bbox":[16.1857,39.712,16.1857,39.712]},{"type":"Feature","id":"modis_ba_pt_7day.fid--4ba6c401_19fc8506516_-2fb1","geometry":{"type":"Point","coordinates":[6.0976,43.391]},"geometry_name":"geom","properties":{"datetimenow":"2026-08-03T15:46:54.840Z","fire_status":"Under Control","fire_id_source":"592381","last_update_boundary":null,"size_ha":"0","active24hr":"0    ","active7d":1,"ignition_date":"2026-07-29","duration_days":6,"lastupdate_hours":7,"fire_name":"FR  •  Brignoles • 2026-07-29","fwi_daily":"Extreme             "},"bbox":[6.0976,43.391,6.0976,43.391]},{"type":"Feature","id":"modis_ba_pt_7day.fid--4ba6c401_19fc8506516_-2faa","geometry":{"type":"Point","coordinates":[40.4786,37.5682]},"geometry_name":"geom","properties":{"datetimenow":"2026-08-03T15:46:54.841Z","fire_status":"Out","fire_id_source":"584023","last_update_boundary":null,"size_ha":"55","active24hr":"0    ","active7d":0,"ignition_date":"2026-07-29","duration_days":6,"lastupdate_hours":79,"fire_name":"TR •  Mardin • 2026-07-29","fwi_daily":"Very Extreme        "},"bbox":[40.4786,37.5682,40.4786,37.5682]},{"type":"Feature","id":"modis_ba_pt_7day.fid--4ba6c401_19fc8506516_-2f97","geometry":{"type":"Point","coordinates":[40.5837,37.3576]},"geometry_name":"geom","properties":{"datetimenow":"2026-08-03T15:46:54.841Z","fire_status":"Out","fire_id_source":"584026","last_update_boundary":null,"size_ha":"13","active24hr":"0    ","active7d":0,"ignition_date":"2026-07-29","duration_days":6,"lastupdate_hours":79,"fire_name":"TR •  Mardin • 2026-07-29","fwi_daily":"Very Extreme        "},"bbox":[40.5837,37.3576,40.5837,37.3576]},{"type":"Feature","id":"modis_ba_pt_7day.fid--4ba6c401_19fc8506516_-2f92","geometry":{"type":"Point","coordinates":[40.9213,37.1905]},"geometry_name":"geom","properties":{"datetimenow":"2026-08-03T15:46:54.841Z","fire_status":"Out","fire_id_source":"584022","last_update_boundary":null,"size_ha":"246","active24hr":"0    ","active7d":0,"ignition_date":"2026-07-29","duration_days":6,"lastupdate_hours":79,"fire_name":"TR •  Mardin • 2026-07-29","fwi_daily":"Very Extreme        "},"bbox":[40.9213,37.1905,40.9213,37.1905]},{"type":"Feature","id":"modis_ba_pt_7day.fid--4ba6c401_19fc8506516_-2f8e","geometry":{"type":"Point","coordinates":[30.7479,38.9273]},"geometry_name":"geom","properties":{"datetimenow":"2026-08-03T15:46:54.841Z","fire_status":"Out","fire_id_source":"584030","last_update_boundary":null,"size_ha":"6","active24hr":"0    ","active7d":0,"ignition_date":"2026-07-29","duration_days":6,"lastupdate_hours":79,"fire_name":"TR •  Afyonkarahisar • 2026-07-29","fwi_daily":"High                "},"bbox":[30.7479,38.9273,30.7479,38.9273]},{"type":"Feature","id":"modis_ba_pt_7day.fid--4ba6c401_19fc8506516_-2f88","geometry":{"type":"Point","coordinates":[41.1767,37.7934]},"geometry_name":"geom","properties":{"datetimenow":"2026-08-03T15:46:54.842Z","fire_status":"Out","fire_id_source":"584025","last_update_boundary":null,"size_ha":"14","active24hr":"0    ","active7d":0,"ignition_date":"2026-07-29","duration_days":6,"lastupdate_hours":79,"fire_name":"TR •  Batman • 2026-07-29","fwi_daily":"Extreme             "},"bbox":[41.1767,37.7934,41.1767,37.7934]},{"type":"Feature","id":"modis_ba_pt_7day.fid--4ba6c401_19fc8506516_-2f81","geometry":{"type":"Point","coordinates":[28.4451,38.5378]},"geometry_name":"geom","properties":{"datetimenow":"2026-08-03T15:46:54.842Z","fire_status":"Under Control","fire_id_source":"577302","last_update_boundary":null,"size_ha":"19","active24hr":"0    ","active7d":2,"ignition_date":"2026-07-28","duration_days":6,"lastupdate_hours":122,"fire_name":"TR •  Manisa • 2026-07-28","fwi_daily":"Very High           "},"bbox":[28.4451,38.5378,28.4451,38.5378]},{"type":"Feature","id":"modis_ba_pt_7day.fid--4ba6c401_19fc8506516_-2f7a","geometry":{"type":"Point","coordinates":[15.399,40.1728]},"geometry_name":"geom","properties":{"datetimenow":"2026-08-03T15:46:54.842Z","fire_status":"Under Control","fire_id_source":"584053","last_update_boundary":null,"size_ha":"10","active24hr":"0    ","active7d":2,"ignition_date":"2026-07-28","duration_days":6,"lastupdate_hours":78,"fire_name":"IT  •  Laurito • 2026-07-28","fwi_daily":"Low                 "},"bbox":[15.399,40.1728,15.399,40.1728]},{"type":"Feature","id":"modis_ba_pt_7day.fid--4ba6c401_19fc8506516_-2f72","geometry":{"type":"Point","coordinates":[-8.1762,41.3618]},"geometry_name":"geom","properties":{"datetimenow":"2026-08-03T15:46:54.842Z","fire_status":"Under Control","fire_id_source":"581385","last_update_boundary":null,"size_ha":"15","active24hr":"0    ","active7d":1,"ignition_date":"2026-07-28","duration_days":6,"lastupdate_hours":99,"fire_name":"PT  •  Margaride (Santa Eulália), Várzea, Lagares, Varziela e Moure • 2026-07-28","fwi_daily":"High                "},"bbox":[-8.1762,41.3618,-8.1762,41.3618]},{"type":"Feature","id":"modis_ba_pt_7day.fid--4ba6c401_19fc8506516_-2f69","geometry":{"type":"Point","coordinates":[40.4939,38.4145]},"geometry_name":"geom","properties":{"datetimenow":"2026-08-03T15:46:54.864Z","fire_status":"Out","fire_id_source":"584016","last_update_boundary":null,"size_ha":"4","active24hr":"0    ","active7d":0,"ignition_date":"2026-07-27","duration_days":8,"lastupdate_hours":80,"fire_name":"TR • 2026-07-27","fwi_daily":"Extreme             "},"bbox":[40.4939,38.4145,40.4939,38.4145]},{"type":"Feature","id":"modis_ba_pt_7day.fid--4ba6c401_19fc8506516_-2f63","geometry":{"type":"Point","coordinates":[-8.1811,41.3619]},"geometry_name":"geom","properties":{"datetimenow":"2026-08-03T15:46:54.843Z","fire_status":"Under Control","fire_id_source":"581386","last_update_boundary":null,"size_ha":"4","active24hr":"0    ","active7d":1,"ignition_date":"2026-07-28","duration_days":6,"lastupdate_hours":99,"fire_name":"PT  •  Margaride (Santa Eulália), Várzea, Lagares, Varziela e Moure • 2026-07-28","fwi_daily":"High                "},"bbox":[-8.1811,41.3619,-8.1811,41.3619]},{"type":"Feature","id":"modis_ba_pt_7day.fid--4ba6c401_19fc8506516_-2f5c","geometry":{"type":"Point","coordinates":[-7.7066,42.7158]},"geometry_name":"geom","properties":{"datetimenow":"2026-08-03T15:46:54.843Z","fire_status":"Under Control","fire_id_source":"592392","last_update_boundary":null,"size_ha":"80","active24hr":"0    ","active7d":2,"ignition_date":"2026-07-28","duration_days":6,"lastupdate_hours":7,"fire_name":"ES  •  Taboada • 2026-07-28","fwi_daily":"High                "},"bbox":[-7.7066,42.7158,-7.7066,42.7158]},{"type":"Feature","id":"modis_ba_pt_7day.fid--4ba6c401_19fc8506516_-2f56","geometry":{"type":"Point","coordinates":[16.0765,43.672]},"geometry_name":"geom","properties":{"datetimenow":"2026-08-03T15:46:54.843Z","fire_status":"Under Control","fire_id_source":"592427","last_update_boundary":null,"size_ha":"1","active24hr":"0    ","active7d":1,"ignition_date":"2026-07-28","duration_days":6,"lastupdate_hours":6,"fire_name":"HR • 2026-07-28","fwi_daily":"Very High           "},"bbox":[16.0765,43.672,16.0765,43.672]},{"type":"Feature","id":"modis_ba_pt_7day.fid--4ba6c401_19fc8506516_-2f52","geometry":{"type":"Point","coordinates":[16.0655,43.6738]},"geometry_name":"geom","properties":{"datetimenow":"2026-08-03T15:46:54.844Z","fire_status":"Under Control","fire_id_source":"577270","last_update_boundary":null,"size_ha":"1","active24hr":"0    ","active7d":1,"ignition_date":"2026-07-28","duration_days":6,"lastupdate_hours":125,"fire_name":"HR • 2026-07-28","fwi_daily":"Very High           "},"bbox":[16.0655,43.6738,16.0655,43.6738]},{"type":"Feature","id":"modis_ba_pt_7day.fid--4ba6c401_19fc8506516_-2f4c","geometry":{"type":"Point","coordinates":[-7.9815,41.4014]},"geometry_name":"geom","properties":{"datetimenow":"2026-08-03T15:46:54.844Z","fire_status":"Under Control","fire_id_source":"580464","last_update_boundary":null,"size_ha":"14","active24hr":"0    ","active7d":1,"ignition_date":"2026-07-28","duration_days":6,"lastupdate_hours":105,"fire_name":"PT  •  Britelo, Gémeos e Ourilhe • 2026-07-28","fwi_daily":"High                "},"bbox":[-7.9815,41.4014,-7.9815,41.4014]},{"type":"Feature","id":"modis_ba_pt_7day.fid--4ba6c401_19fc8506516_-2f46","geometry":{"type":"Point","coordinates":[-4.7415,33.1375]},"geometry_name":"geom","properties":{"datetimenow":"2026-08-03T15:46:54.844Z","fire_status":"Out","fire_id_source":"581100","last_update_boundary":null,"size_ha":"37","active24hr":"0    ","active7d":0,"ignition_date":"2026-07-28","duration_days":6,"lastupdate_hours":103,"fire_name":"MA •  Boulemane • 2026-07-28","fwi_daily":"Very Extreme        "},"bbox":[-4.7415,33.1375,-4.7415,33.1375]},{"type":"Feature","id":"modis_ba_pt_7day.fid--4ba6c401_19fc8506516_-2f3e","geometry":{"type":"Point","coordinates":[-5.9242,42.7057]},"geometry_name":"geom","properties":{"datetimenow":"2026-08-03T15:46:54.845Z","fire_status":"Under Control","fire_id_source":"592402","last_update_boundary":null,"size_ha":"172","active24hr":"0    ","active7d":2,"ignition_date":"2026-07-28","duration_days":6,"lastupdate_hours":7,"fire_name":"ES  •  Valdesamario • 2026-07-28","fwi_daily":"Very High           "},"bbox":[-5.9242,42.7057,-5.9242,42.7057]},{"type":"Feature","id":"modis_ba_pt_7day.fid--4ba6c401_19fc8506516_-2f10","geometry":{"type":"Point","coordinates":[8.7884,40.2735]},"geometry_name":"geom","properties":{"datetimenow":"2026-08-03T15:46:54.845Z","fire_status":"Under Control","fire_id_source":"580497","last_update_boundary":null,"size_ha":"21","active24hr":"0    ","active7d":2,"ignition_date":"2026-07-28","duration_days":6,"lastupdate_hours":105,"fire_name":"IT  •  Macomer • 2026-07-28","fwi_daily":"Extreme             "},"bbox":[8.7884,40.2735,8.7884,40.2735]},{"type":"Feature","id":"modis_ba_pt_7day.fid--4ba6c401_19fc8506516_-2f0b","geometry":{"type":"Point","coordinates":[7.7236,36.9495]},"geometry_name":"geom","properties":{"datetimenow":"2026-08-03T15:46:54.845Z","fire_status":"Under Control","fire_id_source":"584093","last_update_boundary":null,"size_ha":"4","active24hr":"0    ","active7d":1,"ignition_date":"2026-07-28","duration_days":6,"lastupdate_hours":74,"fire_name":"DZ • 2026-07-28","fwi_daily":"High                "},"bbox":[7.7236,36.9495,7.7236,36.9495]},{"type":"Feature","id":"modis_ba_pt_7day.fid--4ba6c401_19fc8506516_-2f06","geometry":{"type":"Point","coordinates":[13.1511,51.5899]},"geometry_name":"geom","properties":{"datetimenow":"2026-08-03T15:46:54.846Z","fire_status":"Under Control","fire_id_source":"581066","last_update_boundary":null,"size_ha":"10","active24hr":"0    ","active7d":2,"ignition_date":"2026-07-28","duration_days":6,"lastupdate_hours":103,"fire_name":"DE  •  Beilrode • 2026-07-28","fwi_daily":"High                "},"bbox":[13.1511,51.5899,13.1511,51.5899]},{"type":"Feature","id":"modis_ba_pt_7day.fid--4ba6c401_19fc8506516_-2f00","geometry":{"type":"Point","coordinates":[38.2043,37.8048]},"geometry_name":"geom","properties":{"datetimenow":"2026-08-03T15:46:54.846Z","fire_status":"Out","fire_id_source":"580324","last_update_boundary":null,"size_ha":"207","active24hr":"0    ","active7d":0,"ignition_date":"2026-07-28","duration_days":6,"lastupdate_hours":105,"fire_name":"TR • 2026-07-28","fwi_daily":"Extreme             "},"bbox":[38.2043,37.8048,38.2043,37.8048]},{"type":"Feature","id":"modis_ba_pt_7day.fid--4ba6c401_19fc8506516_-2efa","geometry":{"type":"Point","coordinates":[16.4772,38.5204]},"geometry_name":"geom","properties":{"datetimenow":"2026-08-03T15:46:54.846Z","fire_status":"Under Control","fire_id_source":"584048","last_update_boundary":null,"size_ha":"1","active24hr":"0    ","active7d":1,"ignition_date":"2026-07-28","duration_days":6,"lastupdate_hours":78,"fire_name":"IT  •  Guardavalle • 2026-07-28","fwi_daily":"Moderate            "},"bbox":[16.4772,38.5204,16.4772,38.5204]},{"type":"Feature","id":"modis_ba_pt_7day.fid--4ba6c401_19fc8506516_-2ef5","geometry":{"type":"Point","coordinates":[7.668,36.2271]},"geometry_name":"geom","properties":{"datetimenow":"2026-08-03T15:46:54.847Z","fire_status":"Under Control","fire_id_source":"577216","last_update_boundary":null,"size_ha":"32","active24hr":"0    ","active7d":1,"ignition_date":"2026-07-28","duration_days":6,"lastupdate_hours":128,"fire_name":"DZ • 2026-07-28","fwi_daily":"Extreme             "},"bbox":[7.668,36.2271,7.668,36.2271]},{"type":"Feature","id":"modis_ba_pt_7day.fid--4ba6c401_19fc8506516_-2ef0","geometry":{"type":"Point","coordinates":[16.2589,38.8926]},"geometry_name":"geom","properties":{"datetimenow":"2026-08-03T15:46:54.847Z","fire_status":"Under Control","fire_id_source":"580746","last_update_boundary":null,"size_ha":"20","active24hr":"0    ","active7d":2,"ignition_date":"2026-07-28","duration_days":6,"lastupdate_hours":104,"fire_name":"IT  •  Lamezia Terme • 2026-07-28","fwi_daily":"High                "},"bbox":[16.2589,38.8926,16.2589,38.8926]},{"type":"Feature","id":"modis_ba_pt_7day.fid--4ba6c401_19fc8506516_-2eea","geometry":{"type":"Point","coordinates":[-0.2958,44.216]},"geometry_name":"geom","properties":{"datetimenow":"2026-08-03T15:46:54.847Z","fire_status":"Under Control","fire_id_source":"577291","last_update_boundary":null,"size_ha":"69","active24hr":"0    ","active7d":2,"ignition_date":"2026-07-28","duration_days":6,"lastupdate_hours":122,"fire_name":"FR  •  Captieux • 2026-07-28","fwi_daily":"Low                 "},"bbox":[-0.2958,44.216,-0.2958,44.216]},{"type":"Feature","id":"modis_ba_pt_7day.fid--4ba6c401_19fc8506516_-2ee2","geometry":{"type":"Point","coordinates":[22.6457,45.0712]},"geometry_name":"geom","properties":{"datetimenow":"2026-08-03T15:46:54.847Z","fire_status":"Under Control","fire_id_source":"581349","last_update_boundary":null,"size_ha":"5","active24hr":"0    ","active7d":1,"ignition_date":"2026-07-28","duration_days":6,"lastupdate_hours":102,"fire_name":"RO • 2026-07-28","fwi_daily":"Moderate            "},"bbox":[22.6457,45.0712,22.6457,45.0712]},{"type":"Feature","id":"modis_ba_pt_7day.fid--4ba6c401_19fc8506516_-2edb","geometry":{"type":"Point","coordinates":[22.1665,44.9405]},"geometry_name":"geom","properties":{"datetimenow":"2026-08-03T15:46:54.848Z","fire_status":"Under Control","fire_id_source":"592443","last_update_boundary":null,"size_ha":"21","active24hr":"0    ","active7d":1,"ignition_date":"2026-07-28","duration_days":6,"lastupdate_hours":6,"fire_name":"RO • 2026-07-28","fwi_daily":"High                "},"bbox":[22.1665,44.9405,22.1665,44.9405]},{"type":"Feature","id":"modis_ba_pt_7day.fid--4ba6c401_19fc8506516_-2ed5","geometry":{"type":"Point","coordinates":[25.1853,43.6009]},"geometry_name":"geom","properties":{"datetimenow":"2026-08-03T15:46:54.848Z","fire_status":"Under Control","fire_id_source":"577195","last_update_boundary":null,"size_ha":"159","active24hr":"0    ","active7d":3,"ignition_date":"2026-07-28","duration_days":6,"lastupdate_hours":128,"fire_name":"BG • 2026-07-28","fwi_daily":"High                "},"bbox":[25.1853,43.6009,25.1853,43.6009]},{"type":"Feature","id":"modis_ba_pt_7day.fid--4ba6c401_19fc8506516_-2ecf","geometry":{"type":"Point","coordinates":[38.0919,49.1621]},"geometry_name":"geom","properties":{"datetimenow":"2026-08-03T15:46:54.849Z","fire_status":"Out","fire_id_source":"577274","last_update_boundary":null,"size_ha":"28","active24hr":"0    ","active7d":0,"ignition_date":"2026-07-28","duration_days":6,"lastupdate_hours":124,"fire_name":"UA • 2026-07-28","fwi_daily":"Moderate            "},"bbox":[38.0919,49.1621,38.0919,49.1621]},{"type":"Feature","id":"modis_ba_pt_7day.fid--4ba6c401_19fc8506516_-2ecb","geometry":{"type":"Point","coordinates":[35.4719,47.6765]},"geometry_name":"geom","properties":{"datetimenow":"2026-08-03T15:46:54.849Z","fire_status":"Out","fire_id_source":"577205","last_update_boundary":null,"size_ha":"32","active24hr":"0    ","active7d":0,"ignition_date":"2026-07-28","duration_days":6,"lastupdate_hours":128,"fire_name":"UA • 2026-07-28","fwi_daily":"High                "},"bbox":[35.4719,47.6765,35.4719,47.6765]},{"type":"Feature","id":"modis_ba_pt_7day.fid--4ba6c401_19fc8506516_-2ec7","geometry":{"type":"Point","coordinates":[-8.1339,41.0594]},"geometry_name":"geom","properties":{"datetimenow":"2026-08-03T15:46:54.849Z","fire_status":"Under Control","fire_id_source":"581391","last_update_boundary":null,"size_ha":"31","active24hr":"0    ","active7d":1,"ignition_date":"2026-07-28","duration_days":7,"lastupdate_hours":98,"fire_name":"PT  •  São Cristóvão de Nogueira • 2026-07-28","fwi_daily":"High                "},"bbox":[-8.1339,41.0594,-8.1339,41.0594]},{"type":"Feature","id":"modis_ba_pt_7day.fid--4ba6c401_19fc8506516_-2ec3","geometry":{"type":"Point","coordinates":[15.7169,38.0158]},"geometry_name":"geom","properties":{"datetimenow":"2026-08-03T15:46:54.850Z","fire_status":"Under Control","fire_id_source":"580731","last_update_boundary":null,"size_ha":"16","active24hr":"0    ","active7d":1,"ignition_date":"2026-07-28","duration_days":7,"lastupdate_hours":104,"fire_name":"IT  •  Motta San Giovanni • 2026-07-28","fwi_daily":"Moderate            "},"bbox":[15.7169,38.0158,15.7169,38.0158]},{"type":"Feature","id":"modis_ba_pt_7day.fid--4ba6c401_19fc8506516_-2ebd","geometry":{"type":"Point","coordinates":[14.8609,38.0366]},"geometry_name":"geom","properties":{"datetimenow":"2026-08-03T15:46:54.850Z","fire_status":"Under Control","fire_id_source":"584042","last_update_boundary":null,"size_ha":"9","active24hr":"0    ","active7d":1,"ignition_date":"2026-07-28","duration_days":7,"lastupdate_hours":78,"fire_name":"IT  •  Tortorici • 2026-07-28","fwi_daily":"Low                 "},"bbox":[14.8609,38.0366,14.8609,38.0366]},{"type":"Feature","id":"modis_ba_pt_7day.fid--4ba6c401_19fc8506516_-2ead","geometry":{"type":"Point","coordinates":[36.1465,34.5505]},"geometry_name":"geom","properties":{"datetimenow":"2026-08-03T15:46:54.850Z","fire_status":"Out","fire_id_source":"584074","last_update_boundary":null,"size_ha":"8","active24hr":"0    ","active7d":0,"ignition_date":"2026-07-28","duration_days":7,"lastupdate_hours":76,"fire_name":"LB •  Hayzouk • 2026-07-28","fwi_daily":"Extreme             "},"bbox":[36.1465,34.5505,36.1465,34.5505]},{"type":"Feature","id":"modis_ba_pt_7day.fid--4ba6c401_19fc8506516_-2ea8","geometry":{"type":"Point","coordinates":[16.3708,39.6291]},"geometry_name":"geom","properties":{"datetimenow":"2026-08-03T15:46:54.851Z","fire_status":"Out","fire_id_source":"581382","last_update_boundary":null,"size_ha":"67","active24hr":"0    ","active7d":0,"ignition_date":"2026-07-28","duration_days":7,"lastupdate_hours":99,"fire_name":"IT  •  San Demetrio Corone • 2026-07-28","fwi_daily":"Extreme             "},"bbox":[16.3708,39.6291,16.3708,39.6291]},{"type":"Feature","id":"modis_ba_pt_7day.fid--4ba6c401_19fc8506516_-2ea3","geometry":{"type":"Point","coordinates":[15.9942,39.4922]},"geometry_name":"geom","properties":{"datetimenow":"2026-08-03T15:46:54.851Z","fire_status":"Out","fire_id_source":"580751","last_update_boundary":null,"size_ha":"5","active24hr":"0    ","active7d":0,"ignition_date":"2026-07-28","duration_days":7,"lastupdate_hours":104,"fire_name":"IT  •  Acquappesa • 2026-07-28","fwi_daily":"Moderate            "},"bbox":[15.9942,39.4922,15.9942,39.4922]},{"type":"Feature","id":"modis_ba_pt_7day.fid--4ba6c401_19fc8506516_-2e9e","geometry":{"type":"Point","coordinates":[38.074,39.2401]},"geometry_name":"geom","properties":{"datetimenow":"2026-08-03T15:46:54.851Z","fire_status":"Under Control","fire_id_source":"592378","last_update_boundary":null,"size_ha":"4","active24hr":"0    ","active7d":0,"ignition_date":"2026-07-28","duration_days":7,"lastupdate_hours":7,"fire_name":"TR •  Sivas • 2026-07-28","fwi_daily":"Very High           "},"bbox":[38.074,39.2401,38.074,39.2401]},{"type":"Feature","id":"modis_ba_pt_7day.fid--4ba6c401_19fc8506516_-2e98","geometry":{"type":"Point","coordinates":[35.6811,33.8038]},"geometry_name":"geom","properties":{"datetimenow":"2026-08-03T15:46:54.851Z","fire_status":"Under Control","fire_id_source":"592209","last_update_boundary":null,"size_ha":"2","active24hr":"0    ","active7d":0,"ignition_date":"2026-07-28","duration_days":7,"lastupdate_hours":8,"fire_name":"LB •  Aïn Sofar • 2026-07-28","fwi_daily":"High                "},"bbox":[35.6811,33.8038,35.6811,33.8038]},{"type":"Feature","id":"modis_ba_pt_7day.fid--4ba6c401_19fc8506516_-2e94","geometry":{"type":"Point","coordinates":[35.677,33.8025]},"geometry_name":"geom","properties":{"datetimenow":"2026-08-03T15:46:54.852Z","fire_status":"Under Control","fire_id_source":"592187","last_update_boundary":null,"size_ha":"8","active24hr":"0    ","active7d":0,"ignition_date":"2026-07-28","duration_days":7,"lastupdate_hours":8,"fire_name":"LB •  Aïn Sofar • 2026-07-28","fwi_daily":"High                "},"bbox":[35.677,33.8025,35.677,33.8025]},{"type":"Feature","id":"modis_ba_pt_7day.fid--4ba6c401_19fc8506516_-2e8f","geometry":{"type":"Point","coordinates":[37.3291,37.9964]},"geometry_name":"geom","properties":{"datetimenow":"2026-08-03T15:46:54.852Z","fire_status":"Under Control","fire_id_source":"592407","last_update_boundary":null,"size_ha":"14","active24hr":"0    ","active7d":0,"ignition_date":"2026-07-28","duration_days":7,"lastupdate_hours":6,"fire_name":"TR • 2026-07-28","fwi_daily":"Extreme             "},"bbox":[37.3291,37.9964,37.3291,37.9964]},{"type":"Feature","id":"modis_ba_pt_7day.fid--4ba6c401_19fc8506516_-2e8b","geometry":{"type":"Point","coordinates":[36.4853,35.1297]},"geometry_name":"geom","properties":{"datetimenow":"2026-08-03T15:46:54.852Z","fire_status":"Under Control","fire_id_source":"592394","last_update_boundary":null,"size_ha":"11","active24hr":"0    ","active7d":0,"ignition_date":"2026-07-28","duration_days":7,"lastupdate_hours":7,"fire_name":"SY • 2026-07-28","fwi_daily":"Extreme             "},"bbox":[36.4853,35.1297,36.4853,35.1297]},{"type":"Feature","id":"modis_ba_pt_7day.fid--4ba6c401_19fc8506516_-2e86","geometry":{"type":"Point","coordinates":[38.579,39.1207]},"geometry_name":"geom","properties":{"datetimenow":"2026-08-03T15:46:54.852Z","fire_status":"Under Control","fire_id_source":"592376","last_update_boundary":null,"size_ha":"16","active24hr":"0    ","active7d":0,"ignition_date":"2026-07-28","duration_days":7,"lastupdate_hours":7,"fire_name":"TR •  Malatya • 2026-07-28","fwi_daily":"Very High           "},"bbox":[38.579,39.1207,38.579,39.1207]},{"type":"Feature","id":"modis_ba_pt_7day.fid--4ba6c401_19fc8506516_-2e80","geometry":{"type":"Point","coordinates":[35.4007,33.4135]},"geometry_name":"geom","properties":{"datetimenow":"2026-08-03T15:46:54.853Z","fire_status":"Out","fire_id_source":"584076","last_update_boundary":null,"size_ha":"17","active24hr":"0    ","active7d":0,"ignition_date":"2026-07-28","duration_days":7,"lastupdate_hours":76,"fire_name":"LB •  Nmériyé • 2026-07-28","fwi_daily":"High                "},"bbox":[35.4007,33.4135,35.4007,33.4135]},{"type":"Feature","id":"modis_ba_pt_7day.fid--4ba6c401_19fc8506516_-2e7c","geometry":{"type":"Point","coordinates":[37.6208,49.9792]},"geometry_name":"geom","properties":{"datetimenow":"2026-08-03T15:46:54.853Z","fire_status":"Out","fire_id_source":"577278","last_update_boundary":null,"size_ha":"14","active24hr":"0    ","active7d":0,"ignition_date":"2026-07-28","duration_days":7,"lastupdate_hours":123,"fire_name":"UA • 2026-07-28","fwi_daily":"Moderate            "},"bbox":[37.6208,49.9792,37.6208,49.9792]},{"type":"Feature","id":"modis_ba_pt_7day.fid--4ba6c401_19fc8506516_-2e79","geometry":{"type":"Point","coordinates":[-8.2894,41.1433]},"geometry_name":"geom","properties":{"datetimenow":"2026-08-03T15:46:54.853Z","fire_status":"Under Control","fire_id_source":"592480","last_update_boundary":null,"size_ha":"4","active24hr":"0    ","active7d":1,"ignition_date":"2026-07-27","duration_days":7,"lastupdate_hours":1,"fire_name":"PT  •  Cabeça Santa • 2026-07-27","fwi_daily":"High                "},"bbox":[-8.2894,41.1433,-8.2894,41.1433]},{"type":"Feature","id":"modis_ba_pt_7day.fid--4ba6c401_19fc8506516_-2e76","geometry":{"type":"Point","coordinates":[8.0225,45.8767]},"geometry_name":"geom","properties":{"datetimenow":"2026-08-03T15:46:54.853Z","fire_status":"Under Control","fire_id_source":"584064","last_update_boundary":null,"size_ha":"9","active24hr":"0    ","active7d":2,"ignition_date":"2026-07-27","duration_days":7,"lastupdate_hours":78,"fire_name":"IT  •  Alto Sermenza • 2026-07-27","fwi_daily":"Low                 "},"bbox":[8.0225,45.8767,8.0225,45.8767]},{"type":"Feature","id":"modis_ba_pt_7day.fid--4ba6c401_19fc8506516_-2e72","geometry":{"type":"Point","coordinates":[14.8601,38.0475]},"geometry_name":"geom","properties":{"datetimenow":"2026-08-03T15:46:54.854Z","fire_status":"Under Control","fire_id_source":"584041","last_update_boundary":null,"size_ha":"33","active24hr":"0    ","active7d":2,"ignition_date":"2026-07-27","duration_days":7,"lastupdate_hours":78,"fire_name":"IT  •  Tortorici • 2026-07-27","fwi_daily":"High                "},"bbox":[14.8601,38.0475,14.8601,38.0475]},{"type":"Feature","id":"modis_ba_pt_7day.fid--4ba6c401_19fc8506516_-2e6f","geometry":{"type":"Point","coordinates":[35.4938,33.1367]},"geometry_name":"geom","properties":{"datetimenow":"2026-08-03T15:46:54.854Z","fire_status":"Under Control","fire_id_source":"592450","last_update_boundary":null,"size_ha":"53","active24hr":"0    ","active7d":0,"ignition_date":"2026-07-27","duration_days":7,"lastupdate_hours":5,"fire_name":"LB •  Blida • 2026-07-27","fwi_daily":"Extreme             "},"bbox":[35.4938,33.1367,35.4938,33.1367]},{"type":"Feature","id":"modis_ba_pt_7day.fid--4ba6c401_19fc8506516_-2e5b","geometry":{"type":"Point","coordinates":[-8.5709,40.5602]},"geometry_name":"geom","properties":{"datetimenow":"2026-08-03T15:46:54.854Z","fire_status":"Under Control","fire_id_source":"581384","last_update_boundary":null,"size_ha":"30","active24hr":"0    ","active7d":1,"ignition_date":"2026-07-27","duration_days":7,"lastupdate_hours":99,"fire_name":"PT  •  Requeixo, Nossa Senhora de Fátima e Nariz • 2026-07-27","fwi_daily":"High                "},"bbox":[-8.5709,40.5602,-8.5709,40.5602]},{"type":"Feature","id":"modis_ba_pt_7day.fid--4ba6c401_19fc8506516_-2e57","geometry":{"type":"Point","coordinates":[-8.775,39.8843]},"geometry_name":"geom","properties":{"datetimenow":"2026-08-03T15:46:54.855Z","fire_status":"Under Control","fire_id_source":"581361","last_update_boundary":null,"size_ha":"0","active24hr":"0    ","active7d":1,"ignition_date":"2026-07-27","duration_days":7,"lastupdate_hours":102,"fire_name":"PT  •  Bajouca • 2026-07-27","fwi_daily":"High                "},"bbox":[-8.775,39.8843,-8.775,39.8843]},{"type":"Feature","id":"modis_ba_pt_7day.fid--4ba6c401_19fc8506516_-2e53","geometry":{"type":"Point","coordinates":[-8.7775,39.8843]},"geometry_name":"geom","properties":{"datetimenow":"2026-08-03T15:46:54.855Z","fire_status":"Under Control","fire_id_source":"581360","last_update_boundary":null,"size_ha":"3","active24hr":"0    ","active7d":1,"ignition_date":"2026-07-27","duration_days":7,"lastupdate_hours":102,"fire_name":"PT  •  Bajouca • 2026-07-27","fwi_daily":"High                "},"bbox":[-8.7775,39.8843,-8.7775,39.8843]},{"type":"Feature","id":"modis_ba_pt_7day.fid--4ba6c401_19fc8506516_-2e4d","geometry":{"type":"Point","coordinates":[-4.9467,39.9519]},"geometry_name":"geom","properties":{"datetimenow":"2026-08-03T15:46:54.855Z","fire_status":"Under Control","fire_id_source":"575258","last_update_boundary":null,"size_ha":"114","active24hr":"0    ","active7d":1,"ignition_date":"2026-07-27","duration_days":7,"lastupdate_hours":148,"fire_name":"ES  •  Talavera de la Reina • 2026-07-27","fwi_daily":"Extreme             "},"bbox":[-4.9467,39.9519,-4.9467,39.9519]},{"type":"Feature","id":"modis_ba_pt_7day.fid--4ba6c401_19fc8506516_-2e47","geometry":{"type":"Point","coordinates":[-4.9249,39.9523]},"geometry_name":"geom","properties":{"datetimenow":"2026-08-03T15:46:54.855Z","fire_status":"Under Control","fire_id_source":"584082","last_update_boundary":null,"size_ha":"1","active24hr":"0    ","active7d":1,"ignition_date":"2026-07-27","duration_days":7,"lastupdate_hours":75,"fire_name":"ES  •  Talavera de la Reina • 2026-07-27","fwi_daily":"Extreme             "},"bbox":[-4.9249,39.9523,-4.9249,39.9523]},{"type":"Feature","id":"modis_ba_pt_7day.fid--4ba6c401_19fc8506516_-2e42","geometry":{"type":"Point","coordinates":[-8.4667,41.8391]},"geometry_name":"geom","properties":{"datetimenow":"2026-08-03T15:46:54.856Z","fire_status":"Under Control","fire_id_source":"581400","last_update_boundary":null,"size_ha":"2","active24hr":"0    ","active7d":1,"ignition_date":"2026-07-27","duration_days":7,"lastupdate_hours":97,"fire_name":"PT  •  Rio Frio • 2026-07-27","fwi_daily":"Moderate            "},"bbox":[-8.4667,41.8391,-8.4667,41.8391]},{"type":"Feature","id":"modis_ba_pt_7day.fid--4ba6c401_19fc8506516_-2e3c","geometry":{"type":"Point","coordinates":[-8.464,41.8474]},"geometry_name":"geom","properties":{"datetimenow":"2026-08-03T15:46:54.856Z","fire_status":"Out","fire_id_source":"581401","last_update_boundary":null,"size_ha":"1","active24hr":"0    ","active7d":0,"ignition_date":"2026-07-27","duration_days":7,"lastupdate_hours":97,"fire_name":"PT  •  Rio Frio • 2026-07-27","fwi_daily":"Moderate            "},"bbox":[-8.464,41.8474,-8.464,41.8474]},{"type":"Feature","id":"modis_ba_pt_7day.fid--4ba6c401_19fc8506516_-2e37","geometry":{"type":"Point","coordinates":[-4.9338,39.9502]},"geometry_name":"geom","properties":{"datetimenow":"2026-08-03T15:46:54.856Z","fire_status":"Under Control","fire_id_source":"584081","last_update_boundary":null,"size_ha":"12","active24hr":"0    ","active7d":1,"ignition_date":"2026-07-27","duration_days":7,"lastupdate_hours":75,"fire_name":"ES  •  Talavera de la Reina • 2026-07-27","fwi_daily":"Extreme             "},"bbox":[-4.9338,39.9502,-4.9338,39.9502]},{"type":"Feature","id":"modis_ba_pt_7day.fid--4ba6c401_19fc8506516_-2e30","geometry":{"type":"Point","coordinates":[-8.3949,41.7261]},"geometry_name":"geom","properties":{"datetimenow":"2026-08-03T15:46:54.856Z","fire_status":"Under Control","fire_id_source":"581397","last_update_boundary":null,"size_ha":"172","active24hr":"0    ","active7d":2,"ignition_date":"2026-07-27","duration_days":7,"lastupdate_hours":97,"fire_name":"PT  •  Sande, Vilarinho, Barros e Gomide • 2026-07-27","fwi_daily":"Moderate            "},"bbox":[-8.3949,41.7261,-8.3949,41.7261]},{"type":"Feature","id":"modis_ba_pt_7day.fid--4ba6c401_19fc8506516_-2e2b","geometry":{"type":"Point","coordinates":[-8.146,41.4259]},"geometry_name":"geom","properties":{"datetimenow":"2026-08-03T15:46:54.857Z","fire_status":"Under Control","fire_id_source":"581383","last_update_boundary":null,"size_ha":"34","active24hr":"0    ","active7d":2,"ignition_date":"2026-07-27","duration_days":7,"lastupdate_hours":99,"fire_name":"PT  •  Quinchães • 2026-07-27","fwi_daily":"High                "},"bbox":[-8.146,41.4259,-8.146,41.4259]},{"type":"Feature","id":"modis_ba_pt_7day.fid--4ba6c401_19fc8506516_-2e25","geometry":{"type":"Point","coordinates":[-6.5964,41.8873]},"geometry_name":"geom","properties":{"datetimenow":"2026-08-03T15:46:54.857Z","fire_status":"Under Control","fire_id_source":"581395","last_update_boundary":null,"size_ha":"44","active24hr":"0    ","active7d":2,"ignition_date":"2026-07-27","duration_days":7,"lastupdate_hours":97,"fire_name":"PT  •  Aveleda e Rio de Onor • 2026-07-27","fwi_daily":"Extreme             "},"bbox":[-6.5964,41.8873,-6.5964,41.8873]},{"type":"Feature","id":"modis_ba_pt_7day.fid--4ba6c401_19fc8506516_-2e1f","geometry":{"type":"Point","coordinates":[-7.0363,40.579]},"geometry_name":"geom","properties":{"datetimenow":"2026-08-03T15:46:54.857Z","fire_status":"Under Control","fire_id_source":"575233","last_update_boundary":null,"size_ha":"5226","active24hr":"0    ","active7d":7,"ignition_date":"2026-07-27","duration_days":7,"lastupdate_hours":151,"fire_name":"PT  •  Cerdeira • 2026-07-27","fwi_daily":"Very High           "},"bbox":[-7.0363,40.579,-7.0363,40.579]},{"type":"Feature","id":"modis_ba_pt_7day.fid--4ba6c401_19fc8506516_-2e18","geometry":{"type":"Point","coordinates":[-8.5237,39.1678]},"geometry_name":"geom","properties":{"datetimenow":"2026-08-03T15:46:54.857Z","fire_status":"Under Control","fire_id_source":"575237","last_update_boundary":null,"size_ha":"52","active24hr":"0    ","active7d":2,"ignition_date":"2026-07-27","duration_days":7,"lastupdate_hours":151,"fire_name":"PT  •  Fazendas de Almeirim • 2026-07-27","fwi_daily":"High                "},"bbox":[-8.5237,39.1678,-8.5237,39.1678]},{"type":"Feature","id":"modis_ba_pt_7day.fid--4ba6c401_19fc8506516_-2e0f","geometry":{"type":"Point","coordinates":[16.1219,38.6668]},"geometry_name":"geom","properties":{"datetimenow":"2026-08-03T15:46:54.858Z","fire_status":"Under Control","fire_id_source":"575212","last_update_boundary":null,"size_ha":"17","active24hr":"0    ","active7d":1,"ignition_date":"2026-07-27","duration_days":7,"lastupdate_hours":151,"fire_name":"IT  •  Stefanaconi • 2026-07-27","fwi_daily":"High                "},"bbox":[16.1219,38.6668,16.1219,38.6668]},{"type":"Feature","id":"modis_ba_pt_7day.fid--4ba6c401_19fc8506516_-2e08","geometry":{"type":"Point","coordinates":[1.4321,42.3599]},"geometry_name":"geom","properties":{"datetimenow":"2026-08-03T15:46:54.858Z","fire_status":"Under Control","fire_id_source":"584104","last_update_boundary":null,"size_ha":"8","active24hr":"0    ","active7d":1,"ignition_date":"2026-07-27","duration_days":7,"lastupdate_hours":73,"fire_name":"ES  •  Seu d'Urgell, La • 2026-07-27","fwi_daily":"Very High           "},"bbox":[1.4321,42.3599,1.4321,42.3599]},{"type":"Feature","id":"modis_ba_pt_7day.fid--4ba6c401_19fc8506516_-2ded","geometry":{"type":"Point","coordinates":[-3.4276,38.4486]},"geometry_name":"geom","properties":{"datetimenow":"2026-08-03T15:46:54.858Z","fire_status":"Under Control","fire_id_source":"575239","last_update_boundary":null,"size_ha":"198","active24hr":"0    ","active7d":2,"ignition_date":"2026-07-27","duration_days":7,"lastupdate_hours":151,"fire_name":"ES  •  Viso del Marqués • 2026-07-27","fwi_daily":"Extreme             "},"bbox":[-3.4276,38.4486,-3.4276,38.4486]},{"type":"Feature","id":"modis_ba_pt_7day.fid--4ba6c401_19fc8506516_-2dea","geometry":{"type":"Point","coordinates":[13.1504,37.9949]},"geometry_name":"geom","properties":{"datetimenow":"2026-08-03T15:46:54.859Z","fire_status":"Under Control","fire_id_source":"583838","last_update_boundary":null,"size_ha":"51","active24hr":"0    ","active7d":1,"ignition_date":"2026-07-27","duration_days":7,"lastupdate_hours":80,"fire_name":"IT  •  Monreale • 2026-07-27","fwi_daily":"Very High           "},"bbox":[13.1504,37.9949,13.1504,37.9949]},{"type":"Feature","id":"modis_ba_pt_7day.fid--4ba6c401_19fc8506516_-2de5","geometry":{"type":"Point","coordinates":[15.7089,41.8222]},"geometry_name":"geom","properties":{"datetimenow":"2026-08-03T15:46:54.859Z","fire_status":"Under Control","fire_id_source":"584059","last_update_boundary":null,"size_ha":"17","active24hr":"0    ","active7d":2,"ignition_date":"2026-07-27","duration_days":7,"lastupdate_hours":78,"fire_name":"IT  •  Cagnano Varano • 2026-07-27","fwi_daily":"Very High           "},"bbox":[15.7089,41.8222,15.7089,41.8222]},{"type":"Feature","id":"modis_ba_pt_7day.fid--4ba6c401_19fc8506516_-2de1","geometry":{"type":"Point","coordinates":[15.7127,41.8498]},"geometry_name":"geom","properties":{"datetimenow":"2026-08-03T15:46:54.859Z","fire_status":"Under Control","fire_id_source":"584056","last_update_boundary":null,"size_ha":"11","active24hr":"0    ","active7d":1,"ignition_date":"2026-07-27","duration_days":7,"lastupdate_hours":78,"fire_name":"IT  •  Cagnano Varano • 2026-07-27","fwi_daily":"High                "},"bbox":[15.7127,41.8498,15.7127,41.8498]},{"type":"Feature","id":"modis_ba_pt_7day.fid--4ba6c401_19fc8506516_-2ddc","geometry":{"type":"Point","coordinates":[13.9595,37.8388]},"geometry_name":"geom","properties":{"datetimenow":"2026-08-03T15:46:54.860Z","fire_status":"Under Control","fire_id_source":"580609","last_update_boundary":null,"size_ha":"0","active24hr":"0    ","active7d":1,"ignition_date":"2026-07-27","duration_days":7,"lastupdate_hours":105,"fire_name":"IT  •  Polizzi Generosa • 2026-07-27","fwi_daily":"High                "},"bbox":[13.9595,37.8388,13.9595,37.8388]},{"type":"Feature","id":"modis_ba_pt_7day.fid--4ba6c401_19fc8506516_-2dd8","geometry":{"type":"Point","coordinates":[22.6382,40.8415]},"geometry_name":"geom","properties":{"datetimenow":"2026-08-03T15:46:54.860Z","fire_status":"Under Control","fire_id_source":"584090","last_update_boundary":null,"size_ha":"34","active24hr":"0    ","active7d":1,"ignition_date":"2026-07-27","duration_days":7,"lastupdate_hours":74,"fire_name":"EL • 2026-07-27","fwi_daily":"High                "},"bbox":[22.6382,40.8415,22.6382,40.8415]},{"type":"Feature","id":"modis_ba_pt_7day.fid--4ba6c401_19fc8506516_-2dd3","geometry":{"type":"Point","coordinates":[13.9531,37.8397]},"geometry_name":"geom","properties":{"datetimenow":"2026-08-03T15:46:54.860Z","fire_status":"Out","fire_id_source":"580608","last_update_boundary":null,"size_ha":"0","active24hr":"0    ","active7d":0,"ignition_date":"2026-07-27","duration_days":7,"lastupdate_hours":105,"fire_name":"IT  •  Scillato • 2026-07-27","fwi_daily":"High                "},"bbox":[13.9531,37.8397,13.9531,37.8397]},{"type":"Feature","id":"modis_ba_pt_7day.fid--4ba6c401_19fc8506516_-2dce","geometry":{"type":"Point","coordinates":[36.388,35.0565]},"geometry_name":"geom","properties":{"datetimenow":"2026-08-03T15:46:54.860Z","fire_status":"Out","fire_id_source":"584075","last_update_boundary":null,"size_ha":"3","active24hr":"0    ","active7d":0,"ignition_date":"2026-07-27","duration_days":7,"lastupdate_hours":76,"fire_name":"SY • 2026-07-27","fwi_daily":"Extreme             "},"bbox":[36.388,35.0565,36.388,35.0565]},{"type":"Feature","id":"modis_ba_pt_7day.fid--4ba6c401_19fc8506516_-2dc7","geometry":{"type":"Point","coordinates":[16.4736,38.9325]},"geometry_name":"geom","properties":{"datetimenow":"2026-08-03T15:46:54.861Z","fire_status":"Under Control","fire_id_source":"580747","last_update_boundary":null,"size_ha":"8","active24hr":"0    ","active7d":1,"ignition_date":"2026-07-27","duration_days":7,"lastupdate_hours":104,"fire_name":"IT  •  Miglierina • 2026-07-27","fwi_daily":"High                "},"bbox":[16.4736,38.9325,16.4736,38.9325]},{"type":"Feature","id":"modis_ba_pt_7day.fid--4ba6c401_19fc8506516_-2dc0","geometry":{"type":"Point","coordinates":[38.286,37.9854]},"geometry_name":"geom","properties":{"datetimenow":"2026-08-03T15:46:54.861Z","fire_status":"Under Control","fire_id_source":"592411","last_update_boundary":null,"size_ha":"14","active24hr":"0    ","active7d":0,"ignition_date":"2026-07-27","duration_days":7,"lastupdate_hours":6,"fire_name":"TR • 2026-07-27","fwi_daily":"Extreme             "},"bbox":[38.286,37.9854,38.286,37.9854]},{"type":"Feature","id":"modis_ba_pt_7day.fid--4ba6c401_19fc8506516_-2db7","geometry":{"type":"Point","coordinates":[-8.2574,41.1652]},"geometry_name":"geom","properties":{"datetimenow":"2026-08-03T15:46:54.861Z","fire_status":"Under Control","fire_id_source":"575214","last_update_boundary":null,"size_ha":"437","active24hr":"0    ","active7d":2,"ignition_date":"2026-07-27","duration_days":7,"lastupdate_hours":151,"fire_name":"PT  •  Luzim e Vila Cova • 2026-07-27","fwi_daily":"High                "},"bbox":[-8.2574,41.1652,-8.2574,41.1652]},{"type":"Feature","id":"modis_ba_pt_7day.fid--4ba6c401_19fc8506516_-2dae","geometry":{"type":"Point","coordinates":[35.4091,33.1325]},"geometry_name":"geom","properties":{"datetimenow":"2026-08-03T15:46:54.861Z","fire_status":"Out","fire_id_source":"577249","last_update_boundary":null,"size_ha":"1","active24hr":"0    ","active7d":0,"ignition_date":"2026-07-27","duration_days":7,"lastupdate_hours":126,"fire_name":"LB •  El-Taïri • 2026-07-27","fwi_daily":"Extreme             "},"bbox":[35.4091,33.1325,35.4091,33.1325]},{"type":"Feature","id":"modis_ba_pt_7day.fid--4ba6c401_19fc8506516_-2da7","geometry":{"type":"Point","coordinates":[35.4063,33.1337]},"geometry_name":"geom","properties":{"datetimenow":"2026-08-03T15:46:54.862Z","fire_status":"Out","fire_id_source":"577248","last_update_boundary":null,"size_ha":"4","active24hr":"0    ","active7d":0,"ignition_date":"2026-07-27","duration_days":7,"lastupdate_hours":126,"fire_name":"LB •  El-Taïri • 2026-07-27","fwi_daily":"Extreme             "},"bbox":[35.4063,33.1337,35.4063,33.1337]},{"type":"Feature","id":"modis_ba_pt_7day.fid--4ba6c401_19fc8506516_-2da1","geometry":{"type":"Point","coordinates":[33.4837,34.9258]},"geometry_name":"geom","properties":{"datetimenow":"2026-08-03T15:46:54.862Z","fire_status":"Under Control","fire_id_source":"575309","last_update_boundary":null,"size_ha":"291","active24hr":"0    ","active7d":1,"ignition_date":"2026-07-27","duration_days":7,"lastupdate_hours":145,"fire_name":"CY • 2026-07-27","fwi_daily":"Extreme             "},"bbox":[33.4837,34.9258,33.4837,34.9258]},{"type":"Feature","id":"modis_ba_pt_7day.fid--4ba6c401_19fc8506516_-2d9c","geometry":{"type":"Point","coordinates":[35.3736,33.1303]},"geometry_name":"geom","properties":{"datetimenow":"2026-08-03T15:46:54.862Z","fire_status":"Out","fire_id_source":"577247","last_update_boundary":null,"size_ha":"15","active24hr":"0    ","active7d":0,"ignition_date":"2026-07-27","duration_days":7,"lastupdate_hours":126,"fire_name":"LB •  Debel • 2026-07-27","fwi_daily":"Extreme             "},"bbox":[35.3736,33.1303,35.3736,33.1303]},{"type":"Feature","id":"modis_ba_pt_7day.fid--4ba6c401_19fc8506516_-2d95","geometry":{"type":"Point","coordinates":[35.6613,34.1674]},"geometry_name":"geom","properties":{"datetimenow":"2026-08-03T15:46:54.862Z","fire_status":"Out","fire_id_source":"584071","last_update_boundary":null,"size_ha":"7","active24hr":"0    ","active7d":0,"ignition_date":"2026-07-27","duration_days":7,"lastupdate_hours":77,"fire_name":"LB •  Hisraïl • 2026-07-27","fwi_daily":"High                "},"bbox":[35.6613,34.1674,35.6613,34.1674]},{"type":"Feature","id":"modis_ba_pt_7day.fid--4ba6c401_19fc8506516_-2d65","geometry":{"type":"Point","coordinates":[24.8845,35.0067]},"geometry_name":"geom","properties":{"datetimenow":"2026-08-03T15:46:54.863Z","fire_status":"Under Control","fire_id_source":"577269","last_update_boundary":null,"size_ha":"50","active24hr":"0    ","active7d":1,"ignition_date":"2026-07-27","duration_days":7,"lastupdate_hours":125,"fire_name":"EL • 2026-07-27","fwi_daily":"High                "},"bbox":[24.8845,35.0067,24.8845,35.0067]},{"type":"Feature","id":"modis_ba_pt_7day.fid--4ba6c401_19fc8506516_-2d5e","geometry":{"type":"Point","coordinates":[13.5601,37.7728]},"geometry_name":"geom","properties":{"datetimenow":"2026-08-03T15:46:54.863Z","fire_status":"Under Control","fire_id_source":"575262","last_update_boundary":null,"size_ha":"1221","active24hr":"0    ","active7d":3,"ignition_date":"2026-07-27","duration_days":7,"lastupdate_hours":147,"fire_name":"IT  •  Vicari • 2026-07-27","fwi_daily":"High                "},"bbox":[13.5601,37.7728,13.5601,37.7728]},{"type":"Feature","id":"modis_ba_pt_7day.fid--4ba6c401_19fc8506516_-2d59","geometry":{"type":"Point","coordinates":[35.6162,47.0902]},"geometry_name":"geom","properties":{"datetimenow":"2026-08-03T15:46:54.863Z","fire_status":"Out","fire_id_source":"581352","last_update_boundary":null,"size_ha":"117","active24hr":"0    ","active7d":0,"ignition_date":"2026-07-27","duration_days":7,"lastupdate_hours":102,"fire_name":"UA • 2026-07-27","fwi_daily":"Very High           "},"bbox":[35.6162,47.0902,35.6162,47.0902]},{"type":"Feature","id":"modis_ba_pt_7day.fid--4ba6c401_19fc8506516_-2d53","geometry":{"type":"Point","coordinates":[21.5291,41.3833]},"geometry_name":"geom","properties":{"datetimenow":"2026-08-03T15:46:54.863Z","fire_status":"Under Control","fire_id_source":"581367","last_update_boundary":null,"size_ha":"242","active24hr":"0    ","active7d":3,"ignition_date":"2026-07-27","duration_days":8,"lastupdate_hours":101,"fire_name":"MK • 2026-07-27","fwi_daily":"Extreme             "},"bbox":[21.5291,41.3833,21.5291,41.3833]},{"type":"Feature","id":"modis_ba_pt_7day.fid--4ba6c401_19fc8506516_-2d4e","geometry":{"type":"Point","coordinates":[21.5246,41.397]},"geometry_name":"geom","properties":{"datetimenow":"2026-08-03T15:46:54.864Z","fire_status":"Under Control","fire_id_source":"577231","last_update_boundary":null,"size_ha":"67","active24hr":"0    ","active7d":1,"ignition_date":"2026-07-27","duration_days":8,"lastupdate_hours":127,"fire_name":"MK • 2026-07-27","fwi_daily":"Extreme             "},"bbox":[21.5246,41.397,21.5246,41.397]},{"type":"Feature","id":"modis_ba_pt_7day.fid--4ba6c401_19fc8506516_-2d49","geometry":{"type":"Point","coordinates":[16.1088,38.6603]},"geometry_name":"geom","properties":{"datetimenow":"2026-08-03T15:46:54.864Z","fire_status":"Under Control","fire_id_source":"575211","last_update_boundary":null,"size_ha":"4","active24hr":"0    ","active7d":1,"ignition_date":"2026-07-27","duration_days":8,"lastupdate_hours":151,"fire_name":"IT  •  Vibo Valentia • 2026-07-27","fwi_daily":"High                "},"bbox":[16.1088,38.6603,16.1088,38.6603]},{"type":"Feature","id":"modis_ba_pt_7day.fid--4ba6c401_19fc8506516_-2d43","geometry":{"type":"Point","coordinates":[41.9355,38.0003]},"geometry_name":"geom","properties":{"datetimenow":"2026-08-03T15:46:54.865Z","fire_status":"Out","fire_id_source":"581377","last_update_boundary":null,"size_ha":"8","active24hr":"0    ","active7d":0,"ignition_date":"2026-07-27","duration_days":8,"lastupdate_hours":101,"fire_name":"TR •  Siirt • 2026-07-27","fwi_daily":"Extreme             "},"bbox":[41.9355,38.0003,41.9355,38.0003]},{"type":"Feature","id":"modis_ba_pt_7day.fid--4ba6c401_19fc8506516_-2d3f","geometry":{"type":"Point","coordinates":[-8.5384,41.7595]},"geometry_name":"geom","properties":{"datetimenow":"2026-08-03T15:46:54.865Z","fire_status":"Under Control","fire_id_source":"575219","last_update_boundary":null,"size_ha":"2","active24hr":"0    ","active7d":1,"ignition_date":"2026-07-26","duration_days":8,"lastupdate_hours":151,"fire_name":"PT  •  Ribeira • 2026-07-26","fwi_daily":"Low                 "},"bbox":[-8.5384,41.7595,-8.5384,41.7595]},{"type":"Feature","id":"modis_ba_pt_7day.fid--4ba6c401_19fc8506516_-2d3a","geometry":{"type":"Point","coordinates":[-8.5382,41.7564]},"geometry_name":"geom","properties":{"datetimenow":"2026-08-03T15:46:54.865Z","fire_status":"Under Control","fire_id_source":"575221","last_update_boundary":null,"size_ha":"1","active24hr":"0    ","active7d":1,"ignition_date":"2026-07-26","duration_days":8,"lastupdate_hours":151,"fire_name":"PT  •  Ribeira • 2026-07-26","fwi_daily":"Low                 "},"bbox":[-8.5382,41.7564,-8.5382,41.7564]},{"type":"Feature","id":"modis_ba_pt_7day.fid--4ba6c401_19fc8506516_-2d34","geometry":{"type":"Point","coordinates":[-8.5392,41.7574]},"geometry_name":"geom","properties":{"datetimenow":"2026-08-03T15:46:54.866Z","fire_status":"Under Control","fire_id_source":"575220","last_update_boundary":null,"size_ha":"0","active24hr":"0    ","active7d":1,"ignition_date":"2026-07-26","duration_days":8,"lastupdate_hours":151,"fire_name":"PT  •  Ribeira • 2026-07-26","fwi_daily":"Low                 "},"bbox":[-8.5392,41.7574,-8.5392,41.7574]},{"type":"Feature","id":"modis_ba_pt_7day.fid--4ba6c401_19fc8506516_-2d2d","geometry":{"type":"Point","coordinates":[-8.5347,41.7571]},"geometry_name":"geom","properties":{"datetimenow":"2026-08-03T15:46:54.866Z","fire_status":"Under Control","fire_id_source":"575222","last_update_boundary":null,"size_ha":"31","active24hr":"0    ","active7d":1,"ignition_date":"2026-07-26","duration_days":8,"lastupdate_hours":151,"fire_name":"PT  •  Serdedelo • 2026-07-26","fwi_daily":"Low                 "},"bbox":[-8.5347,41.7571,-8.5347,41.7571]},{"type":"Feature","id":"modis_ba_pt_7day.fid--4ba6c401_19fc8506516_-2d25","geometry":{"type":"Point","coordinates":[16.2568,39.2362]},"geometry_name":"geom","properties":{"datetimenow":"2026-08-03T15:46:54.866Z","fire_status":"Out","fire_id_source":"575208","last_update_boundary":null,"size_ha":"3","active24hr":"0    ","active7d":0,"ignition_date":"2026-07-26","duration_days":8,"lastupdate_hours":151,"fire_name":"IT  •  Dipignano • 2026-07-26","fwi_daily":"High                "},"bbox":[16.2568,39.2362,16.2568,39.2362]},{"type":"Feature","id":"modis_ba_pt_7day.fid--4ba6c401_19fc8506516_-2d1d","geometry":{"type":"Point","coordinates":[-2.3568,37.4363]},"geometry_name":"geom","properties":{"datetimenow":"2026-08-03T15:46:54.866Z","fire_status":"Under Control","fire_id_source":"592399","last_update_boundary":null,"size_ha":"7","active24hr":"0    ","active7d":0,"ignition_date":"2026-07-26","duration_days":8,"lastupdate_hours":7,"fire_name":"ES  •  Purchena • 2026-07-26","fwi_daily":"Extreme             "},"bbox":[-2.3568,37.4363,-2.3568,37.4363]},{"type":"Feature","id":"modis_ba_pt_7day.fid--4ba6c401_19fc8506516_-2d15","geometry":{"type":"Point","coordinates":[7.0417,45.1502]},"geometry_name":"geom","properties":{"datetimenow":"2026-08-03T15:46:54.867Z","fire_status":"Under Control","fire_id_source":"574993","last_update_boundary":null,"size_ha":"10","active24hr":"0    ","active7d":1,"ignition_date":"2026-07-26","duration_days":8,"lastupdate_hours":152,"fire_name":"IT  •  Mompantero • 2026-07-26","fwi_daily":"Low                 "},"bbox":[7.0417,45.1502,7.0417,45.1502]},{"type":"Feature","id":"modis_ba_pt_7day.fid--4ba6c401_19fc8506516_-2d0d","geometry":{"type":"Point","coordinates":[-8.494,41.5962]},"geometry_name":"geom","properties":{"datetimenow":"2026-08-03T15:46:54.867Z","fire_status":"Out","fire_id_source":"575226","last_update_boundary":null,"size_ha":"1","active24hr":"0    ","active7d":0,"ignition_date":"2026-07-26","duration_days":8,"lastupdate_hours":151,"fire_name":"PT  •  Cabanelas • 2026-07-26","fwi_daily":"High                "},"bbox":[-8.494,41.5962,-8.494,41.5962]},{"type":"Feature","id":"modis_ba_pt_7day.fid--4ba6c401_19fc8506516_-2cf5","geometry":{"type":"Point","coordinates":[16.5463,40.9496]},"geometry_name":"geom","properties":{"datetimenow":"2026-08-03T15:46:54.867Z","fire_status":"Under Control","fire_id_source":"575199","last_update_boundary":null,"size_ha":"279","active24hr":"0    ","active7d":1,"ignition_date":"2026-07-26","duration_days":8,"lastupdate_hours":152,"fire_name":"IT  •  Toritto • 2026-07-26","fwi_daily":"Extreme             "},"bbox":[16.5463,40.9496,16.5463,40.9496]},{"type":"Feature","id":"modis_ba_pt_7day.fid--4ba6c401_19fc8506516_-2cf3","geometry":{"type":"Point","coordinates":[15.7601,38.2499]},"geometry_name":"geom","properties":{"datetimenow":"2026-08-03T15:46:54.867Z","fire_status":"Out","fire_id_source":"580739","last_update_boundary":null,"size_ha":"3","active24hr":"0    ","active7d":0,"ignition_date":"2026-07-26","duration_days":8,"lastupdate_hours":104,"fire_name":"IT  •  Scilla • 2026-07-26","fwi_daily":"High                "},"bbox":[15.7601,38.2499,15.7601,38.2499]},{"type":"Feature","id":"modis_ba_pt_7day.fid--4ba6c401_19fc8506516_-2cf1","geometry":{"type":"Point","coordinates":[12.7866,37.9113]},"geometry_name":"geom","properties":{"datetimenow":"2026-08-03T15:46:54.868Z","fire_status":"Out","fire_id_source":"575228","last_update_boundary":null,"size_ha":"7","active24hr":"0    ","active7d":0,"ignition_date":"2026-07-26","duration_days":8,"lastupdate_hours":151,"fire_name":"IT  •  Trapani • 2026-07-26","fwi_daily":"Very High           "},"bbox":[12.7866,37.9113,12.7866,37.9113]},{"type":"Feature","id":"modis_ba_pt_7day.fid--4ba6c401_19fc8506516_-2cef","geometry":{"type":"Point","coordinates":[16.0439,41.9352]},"geometry_name":"geom","properties":{"datetimenow":"2026-08-03T15:46:54.868Z","fire_status":"Out","fire_id_source":"575265","last_update_boundary":null,"size_ha":"49","active24hr":"0    ","active7d":0,"ignition_date":"2026-07-26","duration_days":8,"lastupdate_hours":147,"fire_name":"IT  •  Peschici • 2026-07-26","fwi_daily":"Very High           "},"bbox":[16.0439,41.9352,16.0439,41.9352]},{"type":"Feature","id":"modis_ba_pt_7day.fid--4ba6c401_19fc8506516_-2ceb","geometry":{"type":"Point","coordinates":[15.7578,41.8361]},"geometry_name":"geom","properties":{"datetimenow":"2026-08-03T15:46:54.868Z","fire_status":"Out","fire_id_source":"584057","last_update_boundary":null,"size_ha":"41","active24hr":"0    ","active7d":0,"ignition_date":"2026-07-26","duration_days":8,"lastupdate_hours":78,"fire_name":"IT  •  Cagnano Varano • 2026-07-26","fwi_daily":"High                "},"bbox":[15.7578,41.8361,15.7578,41.8361]},{"type":"Feature","id":"modis_ba_pt_7day.fid--4ba6c401_19fc8506516_-2ce6","geometry":{"type":"Point","coordinates":[19.5627,42.0758]},"geometry_name":"geom","properties":{"datetimenow":"2026-08-03T15:46:54.869Z","fire_status":"Out","fire_id_source":"581350","last_update_boundary":null,"size_ha":"3","active24hr":"0    ","active7d":0,"ignition_date":"2026-07-26","duration_days":8,"lastupdate_hours":102,"fire_name":"AL  •  Shkodër • 2026-07-26","fwi_daily":"Very High           "},"bbox":[19.5627,42.0758,19.5627,42.0758]},{"type":"Feature","id":"modis_ba_pt_7day.fid--4ba6c401_19fc8506516_-2ce1","geometry":{"type":"Point","coordinates":[23.9067,47.9881]},"geometry_name":"geom","properties":{"datetimenow":"2026-08-03T15:46:54.869Z","fire_status":"Out","fire_id_source":"581345","last_update_boundary":null,"size_ha":"2","active24hr":"0    ","active7d":0,"ignition_date":"2026-07-26","duration_days":8,"lastupdate_hours":102,"fire_name":"UA • 2026-07-26","fwi_daily":"High                "},"bbox":[23.9067,47.9881,23.9067,47.9881]},{"type":"Feature","id":"modis_ba_pt_7day.fid--4ba6c401_19fc8506516_-2cd8","geometry":{"type":"Point","coordinates":[21.6528,47.6725]},"geometry_name":"geom","properties":{"datetimenow":"2026-08-03T15:46:54.869Z","fire_status":"Out","fire_id_source":"575236","last_update_boundary":null,"size_ha":"2","active24hr":"0    ","active7d":0,"ignition_date":"2026-07-26","duration_days":8,"lastupdate_hours":151,"fire_name":"HU  •  Hajdúhadház • 2026-07-26","fwi_daily":"Very High           "},"bbox":[21.6528,47.6725,21.6528,47.6725]},{"type":"Feature","id":"modis_ba_pt_7day.fid--4ba6c401_19fc8506516_-2cd1","geometry":{"type":"Point","coordinates":[15.6593,41.8692]},"geometry_name":"geom","properties":{"datetimenow":"2026-08-03T15:46:54.870Z","fire_status":"Out","fire_id_source":"575196","last_update_boundary":null,"size_ha":"26","active24hr":"0    ","active7d":0,"ignition_date":"2026-07-26","duration_days":8,"lastupdate_hours":152,"fire_name":"IT  •  Cagnano Varano • 2026-07-26","fwi_daily":"High                "},"bbox":[15.6593,41.8692,15.6593,41.8692]},{"type":"Feature","id":"modis_ba_pt_7day.fid--4ba6c401_19fc8506516_-2cc8","geometry":{"type":"Point","coordinates":[32.4905,46.4061]},"geometry_name":"geom","properties":{"datetimenow":"2026-08-03T15:46:54.870Z","fire_status":"Out","fire_id_source":"580733","last_update_boundary":null,"size_ha":"119","active24hr":"0    ","active7d":0,"ignition_date":"2026-07-26","duration_days":8,"lastupdate_hours":104,"fire_name":"UA • 2026-07-26","fwi_daily":"High                "},"bbox":[32.4905,46.4061,32.4905,46.4061]},{"type":"Feature","id":"modis_ba_pt_7day.fid--4ba6c401_19fc8506516_-2cc0","geometry":{"type":"Point","coordinates":[17.0429,39.3953]},"geometry_name":"geom","properties":{"datetimenow":"2026-08-03T15:46:54.870Z","fire_status":"Out","fire_id_source":"575203","last_update_boundary":null,"size_ha":"304","active24hr":"0    ","active7d":0,"ignition_date":"2026-07-26","duration_days":8,"lastupdate_hours":152,"fire_name":"IT  •  Cirò • 2026-07-26","fwi_daily":"Very High           "},"bbox":[17.0429,39.3953,17.0429,39.3953]},{"type":"Feature","id":"modis_ba_pt_7day.fid--4ba6c401_19fc8506516_-2cb7","geometry":{"type":"Point","coordinates":[22.7626,38.6807]},"geometry_name":"geom","properties":{"datetimenow":"2026-08-03T15:46:54.870Z","fire_status":"Out","fire_id_source":"581355","last_update_boundary":null,"size_ha":"2","active24hr":"0    ","active7d":0,"ignition_date":"2026-07-26","duration_days":8,"lastupdate_hours":102,"fire_name":"EL • 2026-07-26","fwi_daily":"High                "},"bbox":[22.7626,38.6807,22.7626,38.6807]},{"type":"Feature","id":"modis_ba_pt_7day.fid--4ba6c401_19fc8506516_-2caf","geometry":{"type":"Point","coordinates":[32.4789,46.4335]},"geometry_name":"geom","properties":{"datetimenow":"2026-08-03T15:46:54.871Z","fire_status":"Out","fire_id_source":"580734","last_update_boundary":null,"size_ha":"36","active24hr":"0    ","active7d":0,"ignition_date":"2026-07-26","duration_days":8,"lastupdate_hours":104,"fire_name":"UA • 2026-07-26","fwi_daily":"High                "},"bbox":[32.4789,46.4335,32.4789,46.4335]},{"type":"Feature","id":"modis_ba_pt_7day.fid--4ba6c401_19fc8506516_-2cab","geometry":{"type":"Point","coordinates":[33.1777,46.1979]},"geometry_name":"geom","properties":{"datetimenow":"2026-08-03T15:46:54.871Z","fire_status":"Out","fire_id_source":"580749","last_update_boundary":null,"size_ha":"607","active24hr":"0    ","active7d":0,"ignition_date":"2026-07-26","duration_days":8,"lastupdate_hours":104,"fire_name":"UA • 2026-07-26","fwi_daily":"Very High           "},"bbox":[33.1777,46.1979,33.1777,46.1979]},{"type":"Feature","id":"modis_ba_pt_7day.fid--4ba6c401_19fc8506516_-2ca4","geometry":{"type":"Point","coordinates":[35.1683,33.1155]},"geometry_name":"geom","properties":{"datetimenow":"2026-08-03T15:46:54.871Z","fire_status":"Out","fire_id_source":"577245","last_update_boundary":null,"size_ha":"9","active24hr":"0    ","active7d":0,"ignition_date":"2026-07-26","duration_days":8,"lastupdate_hours":126,"fire_name":"LB •  Alma Chaab • 2026-07-26","fwi_daily":"Very High           "},"bbox":[35.1683,33.1155,35.1683,33.1155]},{"type":"Feature","id":"modis_ba_pt_7day.fid--4ba6c401_19fc8506516_-2ca0","geometry":{"type":"Point","coordinates":[15.7803,39.9315]},"geometry_name":"geom","properties":{"datetimenow":"2026-08-03T15:46:54.871Z","fire_status":"Out","fire_id_source":"575200","last_update_boundary":null,"size_ha":"21","active24hr":"0    ","active7d":0,"ignition_date":"2026-07-26","duration_days":8,"lastupdate_hours":152,"fire_name":"IT  •  Tortora • 2026-07-26","fwi_daily":"High                "},"bbox":[15.7803,39.9315,15.7803,39.9315]},{"type":"Feature","id":"modis_ba_pt_7day.fid--4ba6c401_19fc8506516_-2c92","geometry":{"type":"Point","coordinates":[4.8381,49.9572]},"geometry_name":"geom","properties":{"datetimenow":"2026-08-03T15:46:54.872Z","fire_status":"Out","fire_id_source":"580996","last_update_boundary":null,"size_ha":"7","active24hr":"0    ","active7d":0,"ignition_date":"2026-07-26","duration_days":9,"lastupdate_hours":104,"fire_name":"BE  •  Gedinne • 2026-07-26","fwi_daily":"Very High           "},"bbox":[4.8381,49.9572,4.8381,49.9572]},{"type":"Feature","id":"modis_ba_pt_7day.fid--4ba6c401_19fc8506516_-2c8b","geometry":{"type":"Point","coordinates":[6.4462,37.036]},"geometry_name":"geom","properties":{"datetimenow":"2026-08-03T15:46:54.872Z","fire_status":"Under Control","fire_id_source":"575308","last_update_boundary":null,"size_ha":"787","active24hr":"0    ","active7d":3,"ignition_date":"2026-07-26","duration_days":9,"lastupdate_hours":146,"fire_name":"DZ • 2026-07-26","fwi_daily":"High                "},"bbox":[6.4462,37.036,6.4462,37.036]},{"type":"Feature","id":"modis_ba_pt_7day.fid--4ba6c401_19fc8506516_-2c85","geometry":{"type":"Point","coordinates":[13.3515,41.3814]},"geometry_name":"geom","properties":{"datetimenow":"2026-08-03T15:46:54.872Z","fire_status":"Out","fire_id_source":"577295","last_update_boundary":null,"size_ha":"2","active24hr":"0    ","active7d":0,"ignition_date":"2026-07-26","duration_days":9,"lastupdate_hours":122,"fire_name":"IT  •  Monte San Biagio • 2026-07-26","fwi_daily":"Moderate            "},"bbox":[13.3515,41.3814,13.3515,41.3814]},{"type":"Feature","id":"modis_ba_pt_7day.fid--4ba6c401_19fc8506516_-2c81","geometry":{"type":"Point","coordinates":[3.8081,43.5517]},"geometry_name":"geom","properties":{"datetimenow":"2026-08-03T15:46:54.872Z","fire_status":"Out","fire_id_source":"574982","last_update_boundary":null,"size_ha":"1","active24hr":"0    ","active7d":0,"ignition_date":"2026-07-26","duration_days":9,"lastupdate_hours":152,"fire_name":"FR  •  Fabrègues • 2026-07-26","fwi_daily":"High                "},"bbox":[3.8081,43.5517,3.8081,43.5517]},{"type":"Feature","id":"modis_ba_pt_7day.fid--4ba6c401_19fc8506516_-2c7a","geometry":{"type":"Point","coordinates":[5.988,43.5481]},"geometry_name":"geom","properties":{"datetimenow":"2026-08-03T15:46:54.873Z","fire_status":"Under Control","fire_id_source":"584066","last_update_boundary":null,"size_ha":"0","active24hr":"0    ","active7d":1,"ignition_date":"2026-07-26","duration_days":9,"lastupdate_hours":77,"fire_name":"FR  •  Barjols • 2026-07-26","fwi_daily":"Extreme             "},"bbox":[5.988,43.5481,5.988,43.5481]},{"type":"Feature","id":"modis_ba_pt_7day.fid--4ba6c401_19fc8506516_-2c74","geometry":{"type":"Point","coordinates":[5.9848,43.5501]},"geometry_name":"geom","properties":{"datetimenow":"2026-08-03T15:46:54.873Z","fire_status":"Under Control","fire_id_source":"584065","last_update_boundary":null,"size_ha":"1","active24hr":"0    ","active7d":1,"ignition_date":"2026-07-26","duration_days":9,"lastupdate_hours":77,"fire_name":"FR  •  Barjols • 2026-07-26","fwi_daily":"Extreme             "},"bbox":[5.9848,43.5501,5.9848,43.5501]},{"type":"Feature","id":"modis_ba_pt_7day.fid--4ba6c401_19fc8506516_-2c6c","geometry":{"type":"Point","coordinates":[5.9922,43.5417]},"geometry_name":"geom","properties":{"datetimenow":"2026-08-03T15:46:54.873Z","fire_status":"Under Control","fire_id_source":"574942","last_update_boundary":null,"size_ha":"213","active24hr":"0    ","active7d":1,"ignition_date":"2026-07-26","duration_days":9,"lastupdate_hours":153,"fire_name":"FR  •  Barjols • 2026-07-26","fwi_daily":"Extreme             "},"bbox":[5.9922,43.5417,5.9922,43.5417]},{"type":"Feature","id":"modis_ba_pt_7day.fid--4ba6c401_19fc8506516_-2c66","geometry":{"type":"Point","coordinates":[15.8884,39.5701]},"geometry_name":"geom","properties":{"datetimenow":"2026-08-03T15:46:54.874Z","fire_status":"Out","fire_id_source":"575202","last_update_boundary":null,"size_ha":"40","active24hr":"0    ","active7d":0,"ignition_date":"2026-07-26","duration_days":9,"lastupdate_hours":152,"fire_name":"IT  •  Bonifati • 2026-07-26","fwi_daily":"Moderate            "},"bbox":[15.8884,39.5701,15.8884,39.5701]},{"type":"Feature","id":"modis_ba_pt_7day.fid--4ba6c401_19fc8506516_-2c5f","geometry":{"type":"Point","coordinates":[16.0643,39.3441]},"geometry_name":"geom","properties":{"datetimenow":"2026-08-03T15:46:54.874Z","fire_status":"Out","fire_id_source":"575207","last_update_boundary":null,"size_ha":"22","active24hr":"0    ","active7d":0,"ignition_date":"2026-07-26","duration_days":9,"lastupdate_hours":151,"fire_name":"IT  •  Paola • 2026-07-26","fwi_daily":"Moderate            "},"bbox":[16.0643,39.3441,16.0643,39.3441]},{"type":"Feature","id":"modis_ba_pt_7day.fid--4ba6c401_19fc8506516_-2c5b","geometry":{"type":"Point","coordinates":[7.3985,36.1333]},"geometry_name":"geom","properties":{"datetimenow":"2026-08-03T15:46:54.875Z","fire_status":"Out","fire_id_source":"575294","last_update_boundary":null,"size_ha":"189","active24hr":"0    ","active7d":0,"ignition_date":"2026-07-25","duration_days":9,"lastupdate_hours":146,"fire_name":"DZ • 2026-07-25","fwi_daily":"Extreme             "},"bbox":[7.3985,36.1333,7.3985,36.1333]},{"type":"Feature","id":"modis_ba_pt_7day.fid--4ba6c401_19fc8506516_-2c56","geometry":{"type":"Point","coordinates":[-8.6484,39.9995]},"geometry_name":"geom","properties":{"datetimenow":"2026-08-03T15:46:54.875Z","fire_status":"Out","fire_id_source":"575234","last_update_boundary":null,"size_ha":"18","active24hr":"0    ","active7d":0,"ignition_date":"2026-07-25","duration_days":9,"lastupdate_hours":151,"fire_name":"PT  •  Almagreira • 2026-07-25","fwi_daily":"High                "},"bbox":[-8.6484,39.9995,-8.6484,39.9995]},{"type":"Feature","id":"modis_ba_pt_7day.fid--4ba6c401_19fc8506516_-2c50","geometry":{"type":"Point","coordinates":[13.0397,52.0687]},"geometry_name":"geom","properties":{"datetimenow":"2026-08-03T15:46:54.875Z","fire_status":"Under Control","fire_id_source":"581060","last_update_boundary":null,"size_ha":"30","active24hr":"0    ","active7d":2,"ignition_date":"2026-07-25","duration_days":9,"lastupdate_hours":104,"fire_name":"DE  •  Jüterbog, Stadt • 2026-07-25","fwi_daily":"Moderate            "},"bbox":[13.0397,52.0687,13.0397,52.0687]},{"type":"Feature","id":"modis_ba_pt_7day.fid--4ba6c401_19fc8506516_-2c47","geometry":{"type":"Point","coordinates":[9.362,39.2998]},"geometry_name":"geom","properties":{"datetimenow":"2026-08-03T15:46:54.876Z","fire_status":"Out","fire_id_source":"577212","last_update_boundary":null,"size_ha":"11","active24hr":"0    ","active7d":0,"ignition_date":"2026-07-25","duration_days":9,"lastupdate_hours":128,"fire_name":"IT  •  Sinnai • 2026-07-25","fwi_daily":"High                "},"bbox":[9.362,39.2998,9.362,39.2998]},{"type":"Feature","id":"modis_ba_pt_7day.fid--4ba6c401_19fc8506516_-2c40","geometry":{"type":"Point","coordinates":[-4.8516,40.4222]},"geometry_name":"geom","properties":{"datetimenow":"2026-08-03T15:46:54.876Z","fire_status":"Out","fire_id_source":"575198","last_update_boundary":null,"size_ha":"1","active24hr":"0    ","active7d":0,"ignition_date":"2026-07-25","duration_days":9,"lastupdate_hours":152,"fire_name":"ES  •  Navatalgordo • 2026-07-25","fwi_daily":"Very High           "},"bbox":[-4.8516,40.4222,-4.8516,40.4222]},{"type":"Feature","id":"modis_ba_pt_7day.fid--4ba6c401_19fc8506516_-2c39","geometry":{"type":"Point","coordinates":[10.892,43.5153]},"geometry_name":"geom","properties":{"datetimenow":"2026-08-03T15:46:54.876Z","fire_status":"Out","fire_id_source":"575077","last_update_boundary":null,"size_ha":"0","active24hr":"0    ","active7d":0,"ignition_date":"2026-07-25","duration_days":9,"lastupdate_hours":152,"fire_name":"IT  •  Montaione • 2026-07-25","fwi_daily":"High                "},"bbox":[10.892,43.5153,10.892,43.5153]},{"type":"Feature","id":"modis_ba_pt_7day.fid--4ba6c401_19fc8506516_-2c32","geometry":{"type":"Point","coordinates":[8.6552,36.2823]},"geometry_name":"geom","properties":{"datetimenow":"2026-08-03T15:46:54.877Z","fire_status":"Out","fire_id_source":"575298","last_update_boundary":null,"size_ha":"4","active24hr":"0    ","active7d":0,"ignition_date":"2026-07-25","duration_days":9,"lastupdate_hours":146,"fire_name":"TN • 2026-07-25","fwi_daily":"Extreme             "},"bbox":[8.6552,36.2823,8.6552,36.2823]},{"type":"Feature","id":"modis_ba_pt_7day.fid--4ba6c401_19fc8506516_-2c18","geometry":{"type":"Point","coordinates":[17.0733,39.3255]},"geometry_name":"geom","properties":{"datetimenow":"2026-08-03T15:46:54.877Z","fire_status":"Out","fire_id_source":"575204","last_update_boundary":null,"size_ha":"67","active24hr":"0    ","active7d":0,"ignition_date":"2026-07-25","duration_days":9,"lastupdate_hours":152,"fire_name":"IT  •  Cirò Marina • 2026-07-25","fwi_daily":"Very High           "},"bbox":[17.0733,39.3255,17.0733,39.3255]},{"type":"Feature","id":"modis_ba_pt_7day.fid--4ba6c401_19fc8506516_-2c11","geometry":{"type":"Point","coordinates":[8.6423,40.6889]},"geometry_name":"geom","properties":{"datetimenow":"2026-08-03T15:46:54.878Z","fire_status":"Out","fire_id_source":"575229","last_update_boundary":null,"size_ha":"11","active24hr":"0    ","active7d":0,"ignition_date":"2026-07-25","duration_days":9,"lastupdate_hours":151,"fire_name":"IT  •  Cargeghe • 2026-07-25","fwi_daily":"Extreme             "},"bbox":[8.6423,40.6889,8.6423,40.6889]},{"type":"Feature","id":"modis_ba_pt_7day.fid--4ba6c401_19fc8506516_-2c0c","geometry":{"type":"Point","coordinates":[19.4554,42.0207]},"geometry_name":"geom","properties":{"datetimenow":"2026-08-03T15:46:54.878Z","fire_status":"Out","fire_id_source":"580989","last_update_boundary":null,"size_ha":"3","active24hr":"0    ","active7d":0,"ignition_date":"2026-07-25","duration_days":9,"lastupdate_hours":104,"fire_name":"AL  •  Shkodër • 2026-07-25","fwi_daily":"High                "},"bbox":[19.4554,42.0207,19.4554,42.0207]},{"type":"Feature","id":"modis_ba_pt_7day.fid--4ba6c401_19fc8506516_-2c08","geometry":{"type":"Point","coordinates":[22.9246,43.5624]},"geometry_name":"geom","properties":{"datetimenow":"2026-08-03T15:46:54.878Z","fire_status":"Under Control","fire_id_source":"592437","last_update_boundary":null,"size_ha":"8","active24hr":"0    ","active7d":0,"ignition_date":"2026-07-25","duration_days":9,"lastupdate_hours":6,"fire_name":"BG • 2026-07-25","fwi_daily":"High                "},"bbox":[22.9246,43.5624,22.9246,43.5624]},{"type":"Feature","id":"modis_ba_pt_7day.fid--4ba6c401_19fc8506516_-2c02","geometry":{"type":"Point","coordinates":[13.5682,41.2454]},"geometry_name":"geom","properties":{"datetimenow":"2026-08-03T15:46:54.878Z","fire_status":"Out","fire_id_source":"577296","last_update_boundary":null,"size_ha":"2","active24hr":"0    ","active7d":0,"ignition_date":"2026-07-25","duration_days":9,"lastupdate_hours":122,"fire_name":"IT  •  Gaeta • 2026-07-25","fwi_daily":"Moderate            "},"bbox":[13.5682,41.2454,13.5682,41.2454]},{"type":"Feature","id":"modis_ba_pt_7day.fid--4ba6c401_19fc8506516_-2bfc","geometry":{"type":"Point","coordinates":[15.8055,39.8332]},"geometry_name":"geom","properties":{"datetimenow":"2026-08-03T15:46:54.879Z","fire_status":"Out","fire_id_source":"575201","last_update_boundary":null,"size_ha":"22","active24hr":"0    ","active7d":0,"ignition_date":"2026-07-25","duration_days":9,"lastupdate_hours":152,"fire_name":"IT  •  Scalea • 2026-07-25","fwi_daily":"Moderate            "},"bbox":[15.8055,39.8332,15.8055,39.8332]},{"type":"Feature","id":"modis_ba_pt_7day.fid--4ba6c401_19fc8506516_-2bf5","geometry":{"type":"Point","coordinates":[16.2259,38.6937]},"geometry_name":"geom","properties":{"datetimenow":"2026-08-03T15:46:54.880Z","fire_status":"Out","fire_id_source":"575210","last_update_boundary":null,"size_ha":"21","active24hr":"0    ","active7d":0,"ignition_date":"2026-07-25","duration_days":9,"lastupdate_hours":151,"fire_name":"IT  •  Filogaso • 2026-07-25","fwi_daily":"High                "},"bbox":[16.2259,38.6937,16.2259,38.6937]},{"type":"Feature","id":"modis_ba_pt_7day.fid--4ba6c401_19fc8506516_-2bec","geometry":{"type":"Point","coordinates":[35.4587,33.3527]},"geometry_name":"geom","properties":{"datetimenow":"2026-08-03T15:46:54.880Z","fire_status":"Under Control","fire_id_source":"592455","last_update_boundary":null,"size_ha":"2","active24hr":"0    ","active7d":0,"ignition_date":"2026-07-25","duration_days":9,"lastupdate_hours":5,"fire_name":"LB •  Choukine • 2026-07-25","fwi_daily":"Extreme             "},"bbox":[35.4587,33.3527,35.4587,33.3527]},{"type":"Feature","id":"modis_ba_pt_7day.fid--4ba6c401_19fc8506516_-2be7","geometry":{"type":"Point","coordinates":[26.9814,43.8]},"geometry_name":"geom","properties":{"datetimenow":"2026-08-03T15:46:54.880Z","fire_status":"Under Control","fire_id_source":"592442","last_update_boundary":null,"size_ha":"12","active24hr":"0    ","active7d":0,"ignition_date":"2026-07-25","duration_days":9,"lastupdate_hours":6,"fire_name":"BG • 2026-07-25","fwi_daily":"High                "},"bbox":[26.9814,43.8,26.9814,43.8]},{"type":"Feature","id":"modis_ba_pt_7day.fid--4ba6c401_19fc8506516_-2be1","geometry":{"type":"Point","coordinates":[40.4991,38.4116]},"geometry_name":"geom","properties":{"datetimenow":"2026-08-03T15:46:54.881Z","fire_status":"Out","fire_id_source":"584017","last_update_boundary":null,"size_ha":"21","active24hr":"0    ","active7d":0,"ignition_date":"2026-07-25","duration_days":9,"lastupdate_hours":80,"fire_name":"TR • 2026-07-25","fwi_daily":"Extreme             "},"bbox":[40.4991,38.4116,40.4991,38.4116]},{"type":"Feature","id":"modis_ba_pt_7day.fid--4ba6c401_19fc8506516_-2bdc","geometry":{"type":"Point","coordinates":[-0.2558,39.8913]},"geometry_name":"geom","properties":{"datetimenow":"2026-08-03T15:46:54.881Z","fire_status":"Under Control","fire_id_source":"570518","last_update_boundary":null,"size_ha":"9222","active24hr":"0    ","active7d":5,"ignition_date":"2026-07-25","duration_days":9,"lastupdate_hours":199,"fire_name":"ES  •  Nules • 2026-07-25","fwi_daily":"High                "},"bbox":[-0.2558,39.8913,-0.2558,39.8913]},{"type":"Feature","id":"modis_ba_pt_7day.fid--4ba6c401_19fc8506516_-2bd7","geometry":{"type":"Point","coordinates":[-0.977,44.9759]},"geometry_name":"geom","properties":{"datetimenow":"2026-08-03T15:46:54.881Z","fire_status":"Under Control","fire_id_source":"592247","last_update_boundary":null,"size_ha":"7","active24hr":"0    ","active7d":0,"ignition_date":"2026-07-25","duration_days":10,"lastupdate_hours":8,"fire_name":"FR  •  Sainte-Hélène • 2026-07-25","fwi_daily":"Moderate            "},"bbox":[-0.977,44.9759,-0.977,44.9759]},{"type":"Feature","id":"modis_ba_pt_7day.fid--4ba6c401_19fc8506516_-2bd1","geometry":{"type":"Point","coordinates":[-1.0076,44.9735]},"geometry_name":"geom","properties":{"datetimenow":"2026-08-03T15:46:54.882Z","fire_status":"Under Control","fire_id_source":"592248","last_update_boundary":null,"size_ha":"8","active24hr":"0    ","active7d":1,"ignition_date":"2026-07-25","duration_days":10,"lastupdate_hours":8,"fire_name":"FR  •  Lacanau • 2026-07-25","fwi_daily":"Moderate            "},"bbox":[-1.0076,44.9735,-1.0076,44.9735]},{"type":"Feature","id":"modis_ba_pt_7day.fid--4ba6c401_19fc8506516_-2bc9","geometry":{"type":"Point","coordinates":[-1.1566,44.7732]},"geometry_name":"geom","properties":{"datetimenow":"2026-08-03T15:46:54.883Z","fire_status":"Under Control","fire_id_source":"592380","last_update_boundary":null,"size_ha":"49","active24hr":"0    ","active7d":0,"ignition_date":"2026-07-25","duration_days":10,"lastupdate_hours":7,"fire_name":"FR  •  Arès • 2026-07-25","fwi_daily":"Low                 "},"bbox":[-1.1566,44.7732,-1.1566,44.7732]},{"type":"Feature","id":"modis_ba_pt_7day.fid--4ba6c401_19fc8506516_-2bc5","geometry":{"type":"Point","coordinates":[2.3118,43.5653]},"geometry_name":"geom","properties":{"datetimenow":"2026-08-03T15:46:54.883Z","fire_status":"Out","fire_id_source":"577188","last_update_boundary":null,"size_ha":"4","active24hr":"0    ","active7d":0,"ignition_date":"2026-07-25","duration_days":10,"lastupdate_hours":128,"fire_name":"FR  •  Valdurenque • 2026-07-25","fwi_daily":"High                "},"bbox":[2.3118,43.5653,2.3118,43.5653]},{"type":"Feature","id":"modis_ba_pt_7day.fid--4ba6c401_19fc8506516_-2b9c","geometry":{"type":"Point","coordinates":[2.2591,42.4928]},"geometry_name":"geom","properties":{"datetimenow":"2026-08-03T15:46:54.884Z","fire_status":"Under Control","fire_id_source":"572347","last_update_boundary":null,"size_ha":"43","active24hr":"0    ","active7d":2,"ignition_date":"2026-07-25","duration_days":10,"lastupdate_hours":176,"fire_name":"FR  •  Nyer • 2026-07-25","fwi_daily":"Moderate            "},"bbox":[2.2591,42.4928,2.2591,42.4928]},{"type":"Feature","id":"modis_ba_pt_7day.fid--4ba6c401_19fc8506516_-2b97","geometry":{"type":"Point","coordinates":[8.2255,45.8665]},"geometry_name":"geom","properties":{"datetimenow":"2026-08-03T15:46:54.885Z","fire_status":"Under Control","fire_id_source":"575014","last_update_boundary":null,"size_ha":"30","active24hr":"0    ","active7d":1,"ignition_date":"2026-07-25","duration_days":10,"lastupdate_hours":152,"fire_name":"IT  •  Cravagliana • 2026-07-25","fwi_daily":"Low                 "},"bbox":[8.2255,45.8665,8.2255,45.8665]},{"type":"Feature","id":"modis_ba_pt_7day.fid--4ba6c401_19fc8506516_-2b90","geometry":{"type":"Point","coordinates":[8.4592,36.3855]},"geometry_name":"geom","properties":{"datetimenow":"2026-08-03T15:46:54.885Z","fire_status":"Out","fire_id_source":"575272","last_update_boundary":null,"size_ha":"61","active24hr":"0    ","active7d":0,"ignition_date":"2026-07-25","duration_days":10,"lastupdate_hours":147,"fire_name":"TN • 2026-07-25","fwi_daily":"Extreme             "},"bbox":[8.4592,36.3855,8.4592,36.3855]},{"type":"Feature","id":"modis_ba_pt_7day.fid--4ba6c401_19fc8506516_-2b8b","geometry":{"type":"Point","coordinates":[18.5788,42.4915]},"geometry_name":"geom","properties":{"datetimenow":"2026-08-03T15:46:54.886Z","fire_status":"Out","fire_id_source":"580916","last_update_boundary":null,"size_ha":"60","active24hr":"0    ","active7d":0,"ignition_date":"2026-07-25","duration_days":10,"lastupdate_hours":104,"fire_name":"ME • 2026-07-25","fwi_daily":"Moderate            "},"bbox":[18.5788,42.4915,18.5788,42.4915]},{"type":"Feature","id":"modis_ba_pt_7day.fid--4ba6c401_19fc8506516_-2b82","geometry":{"type":"Point","coordinates":[35.4211,33.1478]},"geometry_name":"geom","properties":{"datetimenow":"2026-08-03T15:46:54.887Z","fire_status":"Out","fire_id_source":"577250","last_update_boundary":null,"size_ha":"2","active24hr":"0    ","active7d":0,"ignition_date":"2026-07-25","duration_days":10,"lastupdate_hours":126,"fire_name":"LB •  Kounine • 2026-07-25","fwi_daily":"Extreme             "},"bbox":[35.4211,33.1478,35.4211,33.1478]},{"type":"Feature","id":"modis_ba_pt_7day.fid--4ba6c401_19fc8506516_-2b79","geometry":{"type":"Point","coordinates":[35.4989,33.1845]},"geometry_name":"geom","properties":{"datetimenow":"2026-08-03T15:46:54.887Z","fire_status":"Out","fire_id_source":"577255","last_update_boundary":null,"size_ha":"11","active24hr":"0    ","active7d":0,"ignition_date":"2026-07-25","duration_days":10,"lastupdate_hours":125,"fire_name":"LB •  Meis El-Jabal • 2026-07-25","fwi_daily":"Extreme             "},"bbox":[35.4989,33.1845,35.4989,33.1845]},{"type":"Feature","id":"modis_ba_pt_7day.fid--4ba6c401_19fc8506516_-2b74","geometry":{"type":"Point","coordinates":[16.1525,38.7257]},"geometry_name":"geom","properties":{"datetimenow":"2026-08-03T15:46:54.887Z","fire_status":"Out","fire_id_source":"580742","last_update_boundary":null,"size_ha":"3","active24hr":"0    ","active7d":0,"ignition_date":"2026-07-25","duration_days":10,"lastupdate_hours":104,"fire_name":"IT  •  Pizzo • 2026-07-25","fwi_daily":"High                "},"bbox":[16.1525,38.7257,16.1525,38.7257]},{"type":"Feature","id":"modis_ba_pt_7day.fid--4ba6c401_19fc8506516_-2b6e","geometry":{"type":"Point","coordinates":[35.4241,33.1461]},"geometry_name":"geom","properties":{"datetimenow":"2026-08-03T15:46:54.888Z","fire_status":"Out","fire_id_source":"577251","last_update_boundary":null,"size_ha":"5","active24hr":"0    ","active7d":0,"ignition_date":"2026-07-25","duration_days":10,"lastupdate_hours":126,"fire_name":"LB •  Kounine • 2026-07-25","fwi_daily":"Extreme             "},"bbox":[35.4241,33.1461,35.4241,33.1461]},{"type":"Feature","id":"modis_ba_pt_7day.fid--4ba6c401_19fc8506516_-2b68","geometry":{"type":"Point","coordinates":[35.5172,33.2936]},"geometry_name":"geom","properties":{"datetimenow":"2026-08-03T15:46:54.888Z","fire_status":"Out","fire_id_source":"577258","last_update_boundary":null,"size_ha":"17","active24hr":"0    ","active7d":0,"ignition_date":"2026-07-25","duration_days":10,"lastupdate_hours":125,"fire_name":"LB •  Deir Sériane • 2026-07-25","fwi_daily":"Extreme             "},"bbox":[35.5172,33.2936,35.5172,33.2936]},{"type":"Feature","id":"modis_ba_pt_7day.fid--4ba6c401_19fc8506516_-2b62","geometry":{"type":"Point","coordinates":[35.4757,33.1875]},"geometry_name":"geom","properties":{"datetimenow":"2026-08-03T15:46:54.888Z","fire_status":"Out","fire_id_source":"577256","last_update_boundary":null,"size_ha":"1","active24hr":"0    ","active7d":0,"ignition_date":"2026-07-25","duration_days":10,"lastupdate_hours":125,"fire_name":"LB •  Chakra • 2026-07-25","fwi_daily":"Extreme             "},"bbox":[35.4757,33.1875,35.4757,33.1875]},{"type":"Feature","id":"modis_ba_pt_7day.fid--4ba6c401_19fc8506516_-2b5b","geometry":{"type":"Point","coordinates":[35.4809,33.15]},"geometry_name":"geom","properties":{"datetimenow":"2026-08-03T15:46:54.889Z","fire_status":"Out","fire_id_source":"577253","last_update_boundary":null,"size_ha":"15","active24hr":"0    ","active7d":0,"ignition_date":"2026-07-25","duration_days":10,"lastupdate_hours":125,"fire_name":"LB •  Mhaïbib • 2026-07-25","fwi_daily":"Extreme             "},"bbox":[35.4809,33.15,35.4809,33.15]},{"type":"Feature","id":"modis_ba_pt_7day.fid--4ba6c401_19fc8506516_-2b55","geometry":{"type":"Point","coordinates":[35.4933,33.1433]},"geometry_name":"geom","properties":{"datetimenow":"2026-08-03T15:46:54.889Z","fire_status":"Out","fire_id_source":"577254","last_update_boundary":null,"size_ha":"6","active24hr":"0    ","active7d":0,"ignition_date":"2026-07-25","duration_days":10,"lastupdate_hours":125,"fire_name":"LB •  Blida • 2026-07-25","fwi_daily":"Extreme             "},"bbox":[35.4933,33.1433,35.4933,33.1433]},{"type":"Feature","id":"modis_ba_pt_7day.fid--4ba6c401_19fc8506516_-2b4d","geometry":{"type":"Point","coordinates":[36.4808,35.0474]},"geometry_name":"geom","properties":{"datetimenow":"2026-08-03T15:46:54.889Z","fire_status":"Out","fire_id_source":"584038","last_update_boundary":null,"size_ha":"10","active24hr":"0    ","active7d":0,"ignition_date":"2026-07-25","duration_days":10,"lastupdate_hours":78,"fire_name":"SY • 2026-07-25","fwi_daily":"Very Extreme        "},"bbox":[36.4808,35.0474,36.4808,35.0474]},{"type":"Feature","id":"modis_ba_pt_7day.fid--4ba6c401_19fc8506516_-2b49","geometry":{"type":"Point","coordinates":[2.3162,43.5577]},"geometry_name":"geom","properties":{"datetimenow":"2026-08-03T15:46:54.890Z","fire_status":"Out","fire_id_source":"574984","last_update_boundary":null,"size_ha":"472","active24hr":"0    ","active7d":0,"ignition_date":"2026-07-24","duration_days":10,"lastupdate_hours":152,"fire_name":" • 2026-07-24","fwi_daily":"High                "},"bbox":[2.3162,43.5577,2.3162,43.5577]},{"type":"Feature","id":"modis_ba_pt_7day.fid--4ba6c401_19fc8506516_-2b44","geometry":{"type":"Point","coordinates":[8.6579,36.2905]},"geometry_name":"geom","properties":{"datetimenow":"2026-08-03T15:46:54.891Z","fire_status":"Out","fire_id_source":"575301","last_update_boundary":null,"size_ha":"8","active24hr":"0    ","active7d":0,"ignition_date":"2026-07-24","duration_days":10,"lastupdate_hours":146,"fire_name":"TN • 2026-07-24","fwi_daily":"Extreme             "},"bbox":[8.6579,36.2905,8.6579,36.2905]},{"type":"Feature","id":"modis_ba_pt_7day.fid--4ba6c401_19fc8506516_-2b3f","geometry":{"type":"Point","coordinates":[-7.8323,43.6521]},"geometry_name":"geom","properties":{"datetimenow":"2026-08-03T15:46:54.891Z","fire_status":"Out","fire_id_source":"581403","last_update_boundary":null,"size_ha":"5","active24hr":"0    ","active7d":0,"ignition_date":"2026-07-24","duration_days":10,"lastupdate_hours":97,"fire_name":"ES  •  Ortigueira • 2026-07-24","fwi_daily":"Low                 "},"bbox":[-7.8323,43.6521,-7.8323,43.6521]},{"type":"Feature","id":"modis_ba_pt_7day.fid--4ba6c401_19fc8506516_-2b21","geometry":{"type":"Point","coordinates":[-1.1661,44.7761]},"geometry_name":"geom","properties":{"datetimenow":"2026-08-03T15:46:54.892Z","fire_status":"Under Control","fire_id_source":"592379","last_update_boundary":null,"size_ha":"17","active24hr":"0    ","active7d":0,"ignition_date":"2026-07-24","duration_days":10,"lastupdate_hours":7,"fire_name":"FR  •  Lège-Cap-Ferret • 2026-07-24","fwi_daily":"Low                 "},"bbox":[-1.1661,44.7761,-1.1661,44.7761]},{"type":"Feature","id":"modis_ba_pt_7day.fid--4ba6c401_19fc8506516_-2b1b","geometry":{"type":"Point","coordinates":[9.4766,46.0578]},"geometry_name":"geom","properties":{"datetimenow":"2026-08-03T15:46:54.892Z","fire_status":"Under Control","fire_id_source":"572404","last_update_boundary":null,"size_ha":"10","active24hr":"0    ","active7d":2,"ignition_date":"2026-07-24","duration_days":10,"lastupdate_hours":174,"fire_name":"IT  •  Premana • 2026-07-24","fwi_daily":"Low                 "},"bbox":[9.4766,46.0578,9.4766,46.0578]},{"type":"Feature","id":"modis_ba_pt_7day.fid--4ba6c401_19fc8506516_-2b16","geometry":{"type":"Point","coordinates":[-4.6198,40.4325]},"geometry_name":"geom","properties":{"datetimenow":"2026-08-03T15:46:54.893Z","fire_status":"Out","fire_id_source":"572496","last_update_boundary":null,"size_ha":"1577","active24hr":"0    ","active7d":0,"ignition_date":"2026-07-24","duration_days":10,"lastupdate_hours":168,"fire_name":"ES  •  Barraco, El • 2026-07-24","fwi_daily":"Extreme             "},"bbox":[-4.6198,40.4325,-4.6198,40.4325]},{"type":"Feature","id":"modis_ba_pt_7day.fid--4ba6c401_19fc8506516_-2b0e","geometry":{"type":"Point","coordinates":[32.4669,46.417]},"geometry_name":"geom","properties":{"datetimenow":"2026-08-03T15:46:54.893Z","fire_status":"Out","fire_id_source":"580732","last_update_boundary":null,"size_ha":"186","active24hr":"0    ","active7d":0,"ignition_date":"2026-07-24","duration_days":10,"lastupdate_hours":104,"fire_name":"UA • 2026-07-24","fwi_daily":"High                "},"bbox":[32.4669,46.417,32.4669,46.417]},{"type":"Feature","id":"modis_ba_pt_7day.fid--4ba6c401_19fc8506516_-2b07","geometry":{"type":"Point","coordinates":[1.2867,42.4609]},"geometry_name":"geom","properties":{"datetimenow":"2026-08-03T15:46:54.893Z","fire_status":"Out","fire_id_source":"575195","last_update_boundary":null,"size_ha":"0","active24hr":"0    ","active7d":0,"ignition_date":"2026-07-24","duration_days":10,"lastupdate_hours":152,"fire_name":"ES  •  Farrera • 2026-07-24","fwi_daily":"High                "},"bbox":[1.2867,42.4609,1.2867,42.4609]},{"type":"Feature","id":"modis_ba_pt_7day.fid--4ba6c401_19fc8506516_-2aff","geometry":{"type":"Point","coordinates":[1.2848,42.4603]},"geometry_name":"geom","properties":{"datetimenow":"2026-08-03T15:46:54.893Z","fire_status":"Out","fire_id_source":"575194","last_update_boundary":null,"size_ha":"37","active24hr":"0    ","active7d":0,"ignition_date":"2026-07-24","duration_days":10,"lastupdate_hours":152,"fire_name":"ES  •  Farrera • 2026-07-24","fwi_daily":"High                "},"bbox":[1.2848,42.4603,1.2848,42.4603]},{"type":"Feature","id":"modis_ba_pt_7day.fid--4ba6c401_19fc8506516_-2af8","geometry":{"type":"Point","coordinates":[32.4673,46.4374]},"geometry_name":"geom","properties":{"datetimenow":"2026-08-03T15:46:54.894Z","fire_status":"Out","fire_id_source":"580736","last_update_boundary":null,"size_ha":"135","active24hr":"0    ","active7d":0,"ignition_date":"2026-07-24","duration_days":10,"lastupdate_hours":104,"fire_name":"UA • 2026-07-24","fwi_daily":"High                "},"bbox":[32.4673,46.4374,32.4673,46.4374]},{"type":"Feature","id":"modis_ba_pt_7day.fid--4ba6c401_19fc8506516_-2af2","geometry":{"type":"Point","coordinates":[15.724,37.9868]},"geometry_name":"geom","properties":{"datetimenow":"2026-08-03T15:46:54.896Z","fire_status":"Out","fire_id_source":"580730","last_update_boundary":null,"size_ha":"8","active24hr":"0    ","active7d":0,"ignition_date":"2026-07-24","duration_days":10,"lastupdate_hours":104,"fire_name":"IT  •  Montebello Jonico • 2026-07-24","fwi_daily":"Moderate            "},"bbox":[15.724,37.9868,15.724,37.9868]},{"type":"Feature","id":"modis_ba_pt_7day.fid--4ba6c401_19fc8506516_-2aed","geometry":{"type":"Point","coordinates":[35.493,33.2873]},"geometry_name":"geom","properties":{"datetimenow":"2026-08-03T15:46:54.897Z","fire_status":"Out","fire_id_source":"577259","last_update_boundary":null,"size_ha":"55","active24hr":"0    ","active7d":0,"ignition_date":"2026-07-24","duration_days":10,"lastupdate_hours":125,"fire_name":"LB •  Deir Sériane • 2026-07-24","fwi_daily":"Extreme             "},"bbox":[35.493,33.2873,35.493,33.2873]},{"type":"Feature","id":"modis_ba_pt_7day.fid--4ba6c401_19fc8506516_-2ae6","geometry":{"type":"Point","coordinates":[35.4022,47.5401]},"geometry_name":"geom","properties":{"datetimenow":"2026-08-03T15:46:54.898Z","fire_status":"Out","fire_id_source":"581348","last_update_boundary":null,"size_ha":"25","active24hr":"0    ","active7d":0,"ignition_date":"2026-07-24","duration_days":10,"lastupdate_hours":102,"fire_name":"UA • 2026-07-24","fwi_daily":"High                "},"bbox":[35.4022,47.5401,35.4022,47.5401]},{"type":"Feature","id":"modis_ba_pt_7day.fid--4ba6c401_19fc8506516_-2adf","geometry":{"type":"Point","coordinates":[33.0798,46.1955]},"geometry_name":"geom","properties":{"datetimenow":"2026-08-03T15:46:54.898Z","fire_status":"Out","fire_id_source":"580768","last_update_boundary":null,"size_ha":"258","active24hr":"0    ","active7d":0,"ignition_date":"2026-07-24","duration_days":10,"lastupdate_hours":104,"fire_name":"UA • 2026-07-24","fwi_daily":"Very High           "},"bbox":[33.0798,46.1955,33.0798,46.1955]},{"type":"Feature","id":"modis_ba_pt_7day.fid--4ba6c401_19fc8506516_-2ad7","geometry":{"type":"Point","coordinates":[-6.9363,42.7008]},"geometry_name":"geom","properties":{"datetimenow":"2026-08-03T15:46:54.898Z","fire_status":"Out","fire_id_source":"575242","last_update_boundary":null,"size_ha":"1","active24hr":"0    ","active7d":0,"ignition_date":"2026-07-24","duration_days":10,"lastupdate_hours":151,"fire_name":"ES  •  Balboa • 2026-07-24","fwi_daily":"High                "},"bbox":[-6.9363,42.7008,-6.9363,42.7008]},{"type":"Feature","id":"modis_ba_pt_7day.fid--4ba6c401_19fc8506516_-2ad2","geometry":{"type":"Point","coordinates":[-6.9356,42.6964]},"geometry_name":"geom","properties":{"datetimenow":"2026-08-03T15:46:54.899Z","fire_status":"Out","fire_id_source":"575240","last_update_boundary":null,"size_ha":"97","active24hr":"0    ","active7d":0,"ignition_date":"2026-07-24","duration_days":10,"lastupdate_hours":151,"fire_name":"ES  •  Balboa • 2026-07-24","fwi_daily":"High                "},"bbox":[-6.9356,42.6964,-6.9356,42.6964]},{"type":"Feature","id":"modis_ba_pt_7day.fid--4ba6c401_19fc8506516_-2ace","geometry":{"type":"Point","coordinates":[-0.0737,40.844]},"geometry_name":"geom","properties":{"datetimenow":"2026-08-03T15:46:54.899Z","fire_status":"Out","fire_id_source":"577284","last_update_boundary":null,"size_ha":"1","active24hr":"0    ","active7d":0,"ignition_date":"2026-07-24","duration_days":11,"lastupdate_hours":123,"fire_name":"ES  •  Cerollera, La • 2026-07-24","fwi_daily":"Very High           "},"bbox":[-0.0737,40.844,-0.0737,40.844]},{"type":"Feature","id":"modis_ba_pt_7day.fid--4ba6c401_19fc8506516_-2ac9","geometry":{"type":"Point","coordinates":[-0.0778,40.8462]},"geometry_name":"geom","properties":{"datetimenow":"2026-08-03T15:46:54.899Z","fire_status":"Out","fire_id_source":"577285","last_update_boundary":null,"size_ha":"66","active24hr":"0    ","active7d":0,"ignition_date":"2026-07-24","duration_days":11,"lastupdate_hours":123,"fire_name":"ES  •  Cerollera, La • 2026-07-24","fwi_daily":"Very High           "},"bbox":[-0.0778,40.8462,-0.0778,40.8462]},{"type":"Feature","id":"modis_ba_pt_7day.fid--4ba6c401_19fc8506516_-2ac5","geometry":{"type":"Point","coordinates":[-1.218,44.8172]},"geometry_name":"geom","properties":{"datetimenow":"2026-08-03T15:46:54.899Z","fire_status":"Under Control","fire_id_source":"592370","last_update_boundary":null,"size_ha":"56","active24hr":"0    ","active7d":2,"ignition_date":"2026-07-24","duration_days":11,"lastupdate_hours":8,"fire_name":"FR  •  Porge • 2026-07-24","fwi_daily":"Low                 "},"bbox":[-1.218,44.8172,-1.218,44.8172]},{"type":"Feature","id":"modis_ba_pt_7day.fid--4ba6c401_19fc8506516_-2aa6","geometry":{"type":"Point","coordinates":[12.9186,42.1934]},"geometry_name":"geom","properties":{"datetimenow":"2026-08-03T15:46:54.900Z","fire_status":"Out","fire_id_source":"575193","last_update_boundary":null,"size_ha":"2","active24hr":"0    ","active7d":0,"ignition_date":"2026-07-24","duration_days":11,"lastupdate_hours":152,"fire_name":"IT  •  Colle di Tora • 2026-07-24","fwi_daily":"High                "},"bbox":[12.9186,42.1934,12.9186,42.1934]},{"type":"Feature","id":"modis_ba_pt_7day.fid--4ba6c401_19fc8506516_-2aa0","geometry":{"type":"Point","coordinates":[-4.521,40.4257]},"geometry_name":"geom","properties":{"datetimenow":"2026-08-03T15:46:54.901Z","fire_status":"Out","fire_id_source":"575245","last_update_boundary":null,"size_ha":"19","active24hr":"0    ","active7d":0,"ignition_date":"2026-07-24","duration_days":11,"lastupdate_hours":150,"fire_name":"ES  •  Tiemblo, El • 2026-07-24","fwi_daily":"Extreme             "},"bbox":[-4.521,40.4257,-4.521,40.4257]},{"type":"Feature","id":"modis_ba_pt_7day.fid--4ba6c401_19fc8506516_-2a9b","geometry":{"type":"Point","coordinates":[-6.0538,42.7603]},"geometry_name":"geom","properties":{"datetimenow":"2026-08-03T15:46:54.901Z","fire_status":"Out","fire_id_source":"575244","last_update_boundary":null,"size_ha":"1","active24hr":"0    ","active7d":0,"ignition_date":"2026-07-24","duration_days":11,"lastupdate_hours":151,"fire_name":"ES  •  Riello • 2026-07-24","fwi_daily":"Very High           "},"bbox":[-6.0538,42.7603,-6.0538,42.7603]},{"type":"Feature","id":"modis_ba_pt_7day.fid--4ba6c401_19fc8506516_-2a94","geometry":{"type":"Point","coordinates":[8.6448,46.1233]},"geometry_name":"geom","properties":{"datetimenow":"2026-08-03T15:46:54.901Z","fire_status":"Under Control","fire_id_source":"592360","last_update_boundary":null,"size_ha":"2","active24hr":"0    ","active7d":0,"ignition_date":"2026-07-24","duration_days":11,"lastupdate_hours":8,"fire_name":"IT  •  Cavaglio-Spoccia • 2026-07-24","fwi_daily":"Low                 "},"bbox":[8.6448,46.1233,8.6448,46.1233]},{"type":"Feature","id":"modis_ba_pt_7day.fid--4ba6c401_19fc8506516_-2a8d","geometry":{"type":"Point","coordinates":[8.4053,36.1954]},"geometry_name":"geom","properties":{"datetimenow":"2026-08-03T15:46:54.902Z","fire_status":"Out","fire_id_source":"575271","last_update_boundary":null,"size_ha":"41","active24hr":"0    ","active7d":0,"ignition_date":"2026-07-24","duration_days":11,"lastupdate_hours":147,"fire_name":"TN • 2026-07-24","fwi_daily":"Extreme             "},"bbox":[8.4053,36.1954,8.4053,36.1954]},{"type":"Feature","id":"modis_ba_pt_7day.fid--4ba6c401_19fc8506516_-2a84","geometry":{"type":"Point","coordinates":[8.631,46.1234]},"geometry_name":"geom","properties":{"datetimenow":"2026-08-03T15:46:54.902Z","fire_status":"Under Control","fire_id_source":"592337","last_update_boundary":null,"size_ha":"4","active24hr":"0    ","active7d":0,"ignition_date":"2026-07-24","duration_days":11,"lastupdate_hours":8,"fire_name":"CH  •  Centovalli • 2026-07-24","fwi_daily":"Low                 "},"bbox":[8.631,46.1234,8.631,46.1234]},{"type":"Feature","id":"modis_ba_pt_7day.fid--4ba6c401_19fc8506516_-2a7f","geometry":{"type":"Point","coordinates":[35.5172,33.2469]},"geometry_name":"geom","properties":{"datetimenow":"2026-08-03T15:46:54.902Z","fire_status":"Out","fire_id_source":"577261","last_update_boundary":null,"size_ha":"9","active24hr":"0    ","active7d":0,"ignition_date":"2026-07-24","duration_days":11,"lastupdate_hours":125,"fire_name":"LB •  Rabb Salacine • 2026-07-24","fwi_daily":"Extreme             "},"bbox":[35.5172,33.2469,35.5172,33.2469]},{"type":"Feature","id":"modis_ba_pt_7day.fid--4ba6c401_19fc8506516_-2a79","geometry":{"type":"Point","coordinates":[35.1972,33.1113]},"geometry_name":"geom","properties":{"datetimenow":"2026-08-03T15:46:54.903Z","fire_status":"Out","fire_id_source":"577246","last_update_boundary":null,"size_ha":"8","active24hr":"0    ","active7d":0,"ignition_date":"2026-07-24","duration_days":11,"lastupdate_hours":126,"fire_name":"LB •  Alma Chaab • 2026-07-24","fwi_daily":"Very High           "},"bbox":[35.1972,33.1113,35.1972,33.1113]},{"type":"Feature","id":"modis_ba_pt_7day.fid--4ba6c401_19fc8506516_-2a74","geometry":{"type":"Point","coordinates":[-8.4474,41.8268]},"geometry_name":"geom","properties":{"datetimenow":"2026-08-03T15:46:54.904Z","fire_status":"Out","fire_id_source":"577290","last_update_boundary":null,"size_ha":"0","active24hr":"0    ","active7d":0,"ignition_date":"2026-07-24","duration_days":11,"lastupdate_hours":123,"fire_name":"PT  •  Souto e Tabaçô • 2026-07-24","fwi_daily":"Moderate            "},"bbox":[-8.4474,41.8268,-8.4474,41.8268]},{"type":"Feature","id":"modis_ba_pt_7day.fid--4ba6c401_19fc8506516_-2a6d","geometry":{"type":"Point","coordinates":[35.531,33.3762]},"geometry_name":"geom","properties":{"datetimenow":"2026-08-03T15:46:54.904Z","fire_status":"Out","fire_id_source":"577263","last_update_boundary":null,"size_ha":"8","active24hr":"0    ","active7d":0,"ignition_date":"2026-07-24","duration_days":11,"lastupdate_hours":125,"fire_name":"LB •  El-Jarmak • 2026-07-24","fwi_daily":"Extreme             "},"bbox":[35.531,33.3762,35.531,33.3762]},{"type":"Feature","id":"modis_ba_pt_7day.fid--4ba6c401_19fc8506516_-2a67","geometry":{"type":"Point","coordinates":[7.3375,36.7421]},"geometry_name":"geom","properties":{"datetimenow":"2026-08-03T15:46:54.904Z","fire_status":"Out","fire_id_source":"577306","last_update_boundary":null,"size_ha":"38","active24hr":"0    ","active7d":0,"ignition_date":"2026-07-24","duration_days":11,"lastupdate_hours":122,"fire_name":"DZ • 2026-07-24","fwi_daily":"Extreme             "},"bbox":[7.3375,36.7421,7.3375,36.7421]},{"type":"Feature","id":"modis_ba_pt_7day.fid--4ba6c401_19fc8506516_-2a60","geometry":{"type":"Point","coordinates":[14.8439,37.0686]},"geometry_name":"geom","properties":{"datetimenow":"2026-08-03T15:46:54.905Z","fire_status":"Out","fire_id_source":"584040","last_update_boundary":null,"size_ha":"26","active24hr":"0    ","active7d":0,"ignition_date":"2026-07-24","duration_days":11,"lastupdate_hours":78,"fire_name":"IT  •  Buscemi • 2026-07-24","fwi_daily":"High                "},"bbox":[14.8439,37.0686,14.8439,37.0686]},{"type":"Feature","id":"modis_ba_pt_7day.fid--4ba6c401_19fc8506516_-2a5b","geometry":{"type":"Point","coordinates":[14.8433,38.0531]},"geometry_name":"geom","properties":{"datetimenow":"2026-08-03T15:46:54.905Z","fire_status":"Out","fire_id_source":"580729","last_update_boundary":null,"size_ha":"2","active24hr":"0    ","active7d":0,"ignition_date":"2026-07-24","duration_days":11,"lastupdate_hours":105,"fire_name":"IT  •  Tortorici • 2026-07-24","fwi_daily":"High                "},"bbox":[14.8433,38.0531,14.8433,38.0531]},{"type":"Feature","id":"modis_ba_pt_7day.fid--4ba6c401_19fc8506516_-2a56","geometry":{"type":"Point","coordinates":[35.4798,33.2727]},"geometry_name":"geom","properties":{"datetimenow":"2026-08-03T15:46:54.905Z","fire_status":"Out","fire_id_source":"577260","last_update_boundary":null,"size_ha":"11","active24hr":"0    ","active7d":0,"ignition_date":"2026-07-24","duration_days":11,"lastupdate_hours":125,"fire_name":"LB •  Adchite El-Koussair • 2026-07-24","fwi_daily":"Extreme             "},"bbox":[35.4798,33.2727,35.4798,33.2727]},{"type":"Feature","id":"modis_ba_pt_7day.fid--4ba6c401_19fc8506516_-2a52","geometry":{"type":"Point","coordinates":[8.8691,39.4673]},"geometry_name":"geom","properties":{"datetimenow":"2026-08-03T15:46:54.906Z","fire_status":"Out","fire_id_source":"577201","last_update_boundary":null,"size_ha":"48","active24hr":"0    ","active7d":0,"ignition_date":"2026-07-23","duration_days":11,"lastupdate_hours":128,"fire_name":"IT  •  Serramanna • 2026-07-23","fwi_daily":"Very Extreme        "},"bbox":[8.8691,39.4673,8.8691,39.4673]},{"type":"Feature","id":"modis_ba_pt_7day.fid--4ba6c401_19fc8506516_-2a36","geometry":{"type":"Point","coordinates":[-1.124,44.4008]},"geometry_name":"geom","properties":{"datetimenow":"2026-08-03T15:46:54.907Z","fire_status":"Under Control","fire_id_source":"567357","last_update_boundary":null,"size_ha":"3513","active24hr":"0    ","active7d":2,"ignition_date":"2026-07-23","duration_days":11,"lastupdate_hours":247,"fire_name":"FR  •  Biscarrosse • 2026-07-23","fwi_daily":"Low                 "},"bbox":[-1.124,44.4008,-1.124,44.4008]},{"type":"Feature","id":"modis_ba_pt_7day.fid--4ba6c401_19fc8506516_-2a2c","geometry":{"type":"Point","coordinates":[-4.6883,43.3043]},"geometry_name":"geom","properties":{"datetimenow":"2026-08-03T15:46:54.908Z","fire_status":"Out","fire_id_source":"581405","last_update_boundary":null,"size_ha":"1","active24hr":"0    ","active7d":0,"ignition_date":"2026-07-23","duration_days":11,"lastupdate_hours":97,"fire_name":"ES  •  Peñamellera Alta • 2026-07-23","fwi_daily":"Low                 "},"bbox":[-4.6883,43.3043,-4.6883,43.3043]},{"type":"Feature","id":"modis_ba_pt_7day.fid--4ba6c401_19fc8506516_-2a25","geometry":{"type":"Point","coordinates":[-8.6439,42.7398]},"geometry_name":"geom","properties":{"datetimenow":"2026-08-03T15:46:54.908Z","fire_status":"Out","fire_id_source":"581404","last_update_boundary":null,"size_ha":"1","active24hr":"0    ","active7d":0,"ignition_date":"2026-07-23","duration_days":11,"lastupdate_hours":97,"fire_name":"ES  •  Padrón • 2026-07-23","fwi_daily":"Low                 "},"bbox":[-8.6439,42.7398,-8.6439,42.7398]},{"type":"Feature","id":"modis_ba_pt_7day.fid--4ba6c401_19fc8506516_-2a20","geometry":{"type":"Point","coordinates":[-8.0252,41.7413]},"geometry_name":"geom","properties":{"datetimenow":"2026-08-03T15:46:54.909Z","fire_status":"Out","fire_id_source":"575224","last_update_boundary":null,"size_ha":"26","active24hr":"0    ","active7d":0,"ignition_date":"2026-07-23","duration_days":11,"lastupdate_hours":151,"fire_name":"PT  •  Cabril • 2026-07-23","fwi_daily":"Moderate            "},"bbox":[-8.0252,41.7413,-8.0252,41.7413]},{"type":"Feature","id":"modis_ba_pt_7day.fid--4ba6c401_19fc8506516_-2a1a","geometry":{"type":"Point","coordinates":[21.6611,67.3624]},"geometry_name":"geom","properties":{"datetimenow":"2026-08-03T15:46:54.910Z","fire_status":"Under Control","fire_id_source":"592415","last_update_boundary":null,"size_ha":"8","active24hr":"0    ","active7d":0,"ignition_date":"2026-07-23","duration_days":11,"lastupdate_hours":6,"fire_name":"SE  •  Gällivare • 2026-07-23","fwi_daily":"Low                 "},"bbox":[21.6611,67.3624,21.6611,67.3624]},{"type":"Feature","id":"modis_ba_pt_7day.fid--4ba6c401_19fc8506516_-2a13","geometry":{"type":"Point","coordinates":[3.5843,45.0409]},"geometry_name":"geom","properties":{"datetimenow":"2026-08-03T15:46:54.910Z","fire_status":"Out","fire_id_source":"575246","last_update_boundary":null,"size_ha":"42","active24hr":"0    ","active7d":0,"ignition_date":"2026-07-23","duration_days":11,"lastupdate_hours":149,"fire_name":" • 2026-07-23","fwi_daily":"Very High           "},"bbox":[3.5843,45.0409,3.5843,45.0409]},{"type":"Feature","id":"modis_ba_pt_7day.fid--4ba6c401_19fc8506516_-2a0e","geometry":{"type":"Point","coordinates":[3.5633,36.3819]},"geometry_name":"geom","properties":{"datetimenow":"2026-08-03T15:46:54.910Z","fire_status":"Out","fire_id_source":"575303","last_update_boundary":null,"size_ha":"114","active24hr":"0    ","active7d":0,"ignition_date":"2026-07-23","duration_days":11,"lastupdate_hours":146,"fire_name":"DZ • 2026-07-23","fwi_daily":"Very Extreme        "},"bbox":[3.5633,36.3819,3.5633,36.3819]},{"type":"Feature","id":"modis_ba_pt_7day.fid--4ba6c401_19fc8506516_-2a0a","geometry":{"type":"Point","coordinates":[5.7583,36.5809]},"geometry_name":"geom","properties":{"datetimenow":"2026-08-03T15:46:54.911Z","fire_status":"Out","fire_id_source":"577244","last_update_boundary":null,"size_ha":"85","active24hr":"0    ","active7d":0,"ignition_date":"2026-07-23","duration_days":11,"lastupdate_hours":126,"fire_name":"DZ • 2026-07-23","fwi_daily":"Very High           "},"bbox":[5.7583,36.5809,5.7583,36.5809]},{"type":"Feature","id":"modis_ba_pt_7day.fid--4ba6c401_19fc8506516_-2a09","geometry":{"type":"Point","coordinates":[-1.5618,50.6729]},"geometry_name":"geom","properties":{"datetimenow":"2026-08-03T15:46:54.912Z","fire_status":"Out","fire_id_source":"584078","last_update_boundary":null,"size_ha":"11","active24hr":"0    ","active7d":0,"ignition_date":"2026-07-23","duration_days":11,"lastupdate_hours":75,"fire_name":"UK  •  Isle of Wight • 2026-07-23","fwi_daily":"Moderate            "},"bbox":[-1.5618,50.6729,-1.5618,50.6729]},{"type":"Feature","id":"modis_ba_pt_7day.fid--4ba6c401_19fc8506516_-2a08","geometry":{"type":"Point","coordinates":[7.8754,36.4065]},"geometry_name":"geom","properties":{"datetimenow":"2026-08-03T15:46:54.913Z","fire_status":"Out","fire_id_source":"575274","last_update_boundary":null,"size_ha":"2","active24hr":"0    ","active7d":0,"ignition_date":"2026-07-23","duration_days":11,"lastupdate_hours":147,"fire_name":"DZ • 2026-07-23","fwi_daily":"Extreme             "},"bbox":[7.8754,36.4065,7.8754,36.4065]},{"type":"Feature","id":"modis_ba_pt_7day.fid--4ba6c401_19fc8506516_-2a07","geometry":{"type":"Point","coordinates":[8.0631,36.2914]},"geometry_name":"geom","properties":{"datetimenow":"2026-08-03T15:46:54.914Z","fire_status":"Out","fire_id_source":"577220","last_update_boundary":null,"size_ha":"10","active24hr":"0    ","active7d":0,"ignition_date":"2026-07-23","duration_days":11,"lastupdate_hours":127,"fire_name":"DZ • 2026-07-23","fwi_daily":"Extreme             "},"bbox":[8.0631,36.2914,8.0631,36.2914]},{"type":"Feature","id":"modis_ba_pt_7day.fid--4ba6c401_19fc8506516_-2a05","geometry":{"type":"Point","coordinates":[37.6341,49.9847]},"geometry_name":"geom","properties":{"datetimenow":"2026-08-03T15:46:54.914Z","fire_status":"Out","fire_id_source":"577277","last_update_boundary":null,"size_ha":"41","active24hr":"0    ","active7d":0,"ignition_date":"2026-07-23","duration_days":11,"lastupdate_hours":123,"fire_name":"UA • 2026-07-23","fwi_daily":"Moderate            "},"bbox":[37.6341,49.9847,37.6341,49.9847]},{"type":"Feature","id":"modis_ba_pt_7day.fid--4ba6c401_19fc8506516_-2a00","geometry":{"type":"Point","coordinates":[38.5744,38.0382]},"geometry_name":"geom","properties":{"datetimenow":"2026-08-03T15:46:54.915Z","fire_status":"Out","fire_id_source":"584054","last_update_boundary":null,"size_ha":"59","active24hr":"0    ","active7d":0,"ignition_date":"2026-07-23","duration_days":11,"lastupdate_hours":78,"fire_name":"TR • 2026-07-23","fwi_daily":"Extreme             "},"bbox":[38.5744,38.0382,38.5744,38.0382]},{"type":"Feature","id":"modis_ba_pt_7day.fid--4ba6c401_19fc8506516_-29fb","geometry":{"type":"Point","coordinates":[42.7186,39.2802]},"geometry_name":"geom","properties":{"datetimenow":"2026-08-03T15:46:54.915Z","fire_status":"Out","fire_id_source":"575249","last_update_boundary":null,"size_ha":"75","active24hr":"0    ","active7d":0,"ignition_date":"2026-07-23","duration_days":11,"lastupdate_hours":149,"fire_name":"TR • 2026-07-23","fwi_daily":null},"bbox":[42.7186,39.2802,42.7186,39.2802]},{"type":"Feature","id":"modis_ba_pt_7day.fid--4ba6c401_19fc8506516_-29f5","geometry":{"type":"Point","coordinates":[5.4024,36.5019]},"geometry_name":"geom","properties":{"datetimenow":"2026-08-03T15:46:54.915Z","fire_status":"Out","fire_id_source":"577227","last_update_boundary":null,"size_ha":"8","active24hr":"0    ","active7d":0,"ignition_date":"2026-07-23","duration_days":12,"lastupdate_hours":127,"fire_name":"DZ • 2026-07-23","fwi_daily":"Extreme             "},"bbox":[5.4024,36.5019,5.4024,36.5019]},{"type":"Feature","id":"modis_ba_pt_7day.fid--4ba6c401_19fc8506516_-29ef","geometry":{"type":"Point","coordinates":[7.8801,58.2462]},"geometry_name":"geom","properties":{"datetimenow":"2026-08-03T15:46:54.916Z","fire_status":"Out","fire_id_source":"577229","last_update_boundary":null,"size_ha":"6","active24hr":"0    ","active7d":0,"ignition_date":"2026-07-23","duration_days":12,"lastupdate_hours":127,"fire_name":"NO  •  Vennesla • 2026-07-23","fwi_daily":"Moderate            "},"bbox":[7.8801,58.2462,7.8801,58.2462]},{"type":"Feature","id":"modis_ba_pt_7day.fid--4ba6c401_19fc8506516_-29c0","geometry":{"type":"Point","coordinates":[5.4024,36.566]},"geometry_name":"geom","properties":{"datetimenow":"2026-08-03T15:46:54.917Z","fire_status":"Out","fire_id_source":"575302","last_update_boundary":null,"size_ha":"23","active24hr":"0    ","active7d":0,"ignition_date":"2026-07-23","duration_days":12,"lastupdate_hours":146,"fire_name":"DZ • 2026-07-23","fwi_daily":"High                "},"bbox":[5.4024,36.566,5.4024,36.566]},{"type":"Feature","id":"modis_ba_pt_7day.fid--4ba6c401_19fc8506516_-29bb","geometry":{"type":"Point","coordinates":[8.0171,36.4424]},"geometry_name":"geom","properties":{"datetimenow":"2026-08-03T15:46:54.918Z","fire_status":"Out","fire_id_source":"575273","last_update_boundary":null,"size_ha":"15","active24hr":"0    ","active7d":0,"ignition_date":"2026-07-23","duration_days":12,"lastupdate_hours":147,"fire_name":"DZ • 2026-07-23","fwi_daily":"Extreme             "},"bbox":[8.0171,36.4424,8.0171,36.4424]},{"type":"Feature","id":"modis_ba_pt_7day.fid--4ba6c401_19fc8506516_-29b4","geometry":{"type":"Point","coordinates":[6.2634,36.1414]},"geometry_name":"geom","properties":{"datetimenow":"2026-08-03T15:46:54.919Z","fire_status":"Out","fire_id_source":"581357","last_update_boundary":null,"size_ha":"47","active24hr":"0    ","active7d":0,"ignition_date":"2026-07-23","duration_days":12,"lastupdate_hours":102,"fire_name":"DZ • 2026-07-23","fwi_daily":"Extreme             "},"bbox":[6.2634,36.1414,6.2634,36.1414]},{"type":"Feature","id":"modis_ba_pt_7day.fid--4ba6c401_19fc8506516_-29af","geometry":{"type":"Point","coordinates":[3.5995,36.3747]},"geometry_name":"geom","properties":{"datetimenow":"2026-08-03T15:46:54.919Z","fire_status":"Out","fire_id_source":"575304","last_update_boundary":null,"size_ha":"41","active24hr":"0    ","active7d":0,"ignition_date":"2026-07-23","duration_days":12,"lastupdate_hours":146,"fire_name":"DZ • 2026-07-23","fwi_daily":"Very Extreme        "},"bbox":[3.5995,36.3747,3.5995,36.3747]},{"type":"Feature","id":"modis_ba_pt_7day.fid--4ba6c401_19fc8506516_-29a8","geometry":{"type":"Point","coordinates":[6.8417,36.5993]},"geometry_name":"geom","properties":{"datetimenow":"2026-08-03T15:46:54.920Z","fire_status":"Out","fire_id_source":"577224","last_update_boundary":null,"size_ha":"44","active24hr":"0    ","active7d":0,"ignition_date":"2026-07-23","duration_days":12,"lastupdate_hours":127,"fire_name":"DZ • 2026-07-23","fwi_daily":"Extreme             "},"bbox":[6.8417,36.5993,6.8417,36.5993]},{"type":"Feature","id":"modis_ba_pt_7day.fid--4ba6c401_19fc8506516_-29a4","geometry":{"type":"Point","coordinates":[7.1087,36.339]},"geometry_name":"geom","properties":{"datetimenow":"2026-08-03T15:46:54.920Z","fire_status":"Out","fire_id_source":"581356","last_update_boundary":null,"size_ha":"44","active24hr":"0    ","active7d":0,"ignition_date":"2026-07-23","duration_days":12,"lastupdate_hours":102,"fire_name":"DZ • 2026-07-23","fwi_daily":"Extreme             "},"bbox":[7.1087,36.339,7.1087,36.339]},{"type":"Feature","id":"modis_ba_pt_7day.fid--4ba6c401_19fc8506516_-299e","geometry":{"type":"Point","coordinates":[35.9082,33.8656]},"geometry_name":"geom","properties":{"datetimenow":"2026-08-03T15:46:54.920Z","fire_status":"Under Control","fire_id_source":"591991","last_update_boundary":null,"size_ha":"6","active24hr":"0    ","active7d":0,"ignition_date":"2026-07-23","duration_days":12,"lastupdate_hours":8,"fire_name":"LB •  Wadi-el-Arayeche • 2026-07-23","fwi_daily":"Very High           "},"bbox":[35.9082,33.8656,35.9082,33.8656]},{"type":"Feature","id":"modis_ba_pt_7day.fid--4ba6c401_19fc8506516_-299b","geometry":{"type":"Point","coordinates":[28.3877,38.5373]},"geometry_name":"geom","properties":{"datetimenow":"2026-08-03T15:46:54.920Z","fire_status":"Out","fire_id_source":"577301","last_update_boundary":null,"size_ha":"11","active24hr":"0    ","active7d":0,"ignition_date":"2026-07-23","duration_days":12,"lastupdate_hours":122,"fire_name":"TR •  Manisa • 2026-07-23","fwi_daily":"Very High           "},"bbox":[28.3877,38.5373,28.3877,38.5373]},{"type":"Feature","id":"modis_ba_pt_7day.fid--4ba6c401_19fc8506516_-2997","geometry":{"type":"Point","coordinates":[27.1353,38.6479]},"geometry_name":"geom","properties":{"datetimenow":"2026-08-03T15:46:54.921Z","fire_status":"Under Control","fire_id_source":"577304","last_update_boundary":null,"size_ha":"52","active24hr":"0    ","active7d":1,"ignition_date":"2026-07-23","duration_days":12,"lastupdate_hours":122,"fire_name":"TR • 2026-07-23","fwi_daily":"High                "},"bbox":[27.1353,38.6479,27.1353,38.6479]},{"type":"Feature","id":"modis_ba_pt_7day.fid--4ba6c401_19fc8506516_-2993","geometry":{"type":"Point","coordinates":[6.9619,36.6466]},"geometry_name":"geom","properties":{"datetimenow":"2026-08-03T15:46:54.921Z","fire_status":"Out","fire_id_source":"577226","last_update_boundary":null,"size_ha":"10","active24hr":"0    ","active7d":0,"ignition_date":"2026-07-23","duration_days":12,"lastupdate_hours":127,"fire_name":"DZ • 2026-07-23","fwi_daily":"Extreme             "},"bbox":[6.9619,36.6466,6.9619,36.6466]},{"type":"Feature","id":"modis_ba_pt_7day.fid--4ba6c401_19fc8506516_-298e","geometry":{"type":"Point","coordinates":[6.6946,36.3202]},"geometry_name":"geom","properties":{"datetimenow":"2026-08-03T15:46:54.921Z","fire_status":"Out","fire_id_source":"575295","last_update_boundary":null,"size_ha":"32","active24hr":"0    ","active7d":0,"ignition_date":"2026-07-23","duration_days":12,"lastupdate_hours":146,"fire_name":"DZ • 2026-07-23","fwi_daily":"Extreme             "},"bbox":[6.6946,36.3202,6.6946,36.3202]}],"totalFeatures":447,"numberMatched":447,"numberReturned":447,"timeStamp":"2026-08-03T15:49:00.273Z","crs":{"type":"name","properties":{"name":"urn:ogc:def:crs:EPSG::4326"}},"bbox":[-8.8554,32.7383,42.7186,67.3624]}