"id","breedtegraad","lengtegraad","weergavenaam","plaatsnaam","landcode","landnaam","status","status_uitleg","statusvolgorde","markerkleur","actief","oppervlakte_ha","oppervlakte","markergrootte","ontstaansdatum","ontstaansdatum_iso","duur_dagen","duur","detecties_24u","detecties_7d","uren_sinds_update","brandgevaar","status_bijgewerkt","bron_bijgewerkt_utc","opgehaald_utc","bron","bron_url"
"modis_ba_pt_7day.fid--4ba6c401_19fcb51e647_-5933",40.6805,-8.152,"Bosbrand",,,"Onbekend land","Uitgedoofd","Volgens de laatste beschikbare bronupdate was deze brand uitgedoofd.",3,"#FCD9BE","Nee",,"Niet beschikbaar",0.1,"Niet beschikbaar",,,"Niet beschikbaar",,,,"Laag","Niet beschikbaar",,"2026-08-04T05:57:47Z","FireMap.live (EFFIS en NASA FIRMS)","https://firemap.live/"
"modis_ba_pt_7day.fid--4ba6c401_19fcb51e647_-5930",40.0008,-8.6349,"Bosbrand",,,"Onbekend land","Uitgedoofd","Volgens de laatste beschikbare bronupdate was deze brand uitgedoofd.",3,"#FCD9BE","Nee",,"Niet beschikbaar",0.1,"Niet beschikbaar",,,"Niet beschikbaar",,,,"Gemiddeld","Niet beschikbaar",,"2026-08-04T05:57:47Z","FireMap.live (EFFIS en NASA FIRMS)","https://firemap.live/"
"modis_ba_pt_7day.fid--4ba6c401_19fcb51e647_-592e",41.6367,-7.3369,"Bosbrand",,,"Onbekend land","Uitgedoofd","Volgens de laatste beschikbare bronupdate was deze brand uitgedoofd.",3,"#FCD9BE","Nee",,"Niet beschikbaar",0.1,"Niet beschikbaar",,,"Niet beschikbaar",,,,"Hoog","Niet beschikbaar",,"2026-08-04T05:57:47Z","FireMap.live (EFFIS en NASA FIRMS)","https://firemap.live/"
"modis_ba_pt_7day.fid--4ba6c401_19fcb51e647_-592c",40.0085,-8.6532,"Bosbrand",,,"Onbekend land","Uitgedoofd","Volgens de laatste beschikbare bronupdate was deze brand uitgedoofd.",3,"#FCD9BE","Nee",,"Niet beschikbaar",0.1,"Niet beschikbaar",,,"Niet beschikbaar",,,,"Gemiddeld","Niet beschikbaar",,"2026-08-04T05:57:47Z","FireMap.live (EFFIS en NASA FIRMS)","https://firemap.live/"
"modis_ba_pt_7day.fid--4ba6c401_19fcb51e647_-592b",41.7171,-7.5828,"Bosbrand",,,"Onbekend land","Uitgedoofd","Volgens de laatste beschikbare bronupdate was deze brand uitgedoofd.",3,"#FCD9BE","Nee",,"Niet beschikbaar",0.1,"Niet beschikbaar",,,"Niet beschikbaar",,,,"Hoog","Niet beschikbaar",,"2026-08-04T05:57:47Z","FireMap.live (EFFIS en NASA FIRMS)","https://firemap.live/"
"modis_ba_pt_7day.fid--4ba6c401_19fcb51e647_-5929",39.5996,-8.7365,"Bosbrand",,,"Onbekend land","Uitgedoofd","Volgens de laatste beschikbare bronupdate was deze brand uitgedoofd.",3,"#FCD9BE","Nee",,"Niet beschikbaar",0.1,"Niet beschikbaar",,,"Niet beschikbaar",,,,"Laag","Niet beschikbaar",,"2026-08-04T05:57:47Z","FireMap.live (EFFIS en NASA FIRMS)","https://firemap.live/"
"modis_ba_pt_7day.fid--4ba6c401_19fcb51e647_-5927",40.7429,-8.1617,"Bosbrand",,,"Onbekend land","Uitgedoofd","Volgens de laatste beschikbare bronupdate was deze brand uitgedoofd.",3,"#FCD9BE","Nee",,"Niet beschikbaar",0.1,"Niet beschikbaar",,,"Niet beschikbaar",,,,"Laag","Niet beschikbaar",,"2026-08-04T05:57:47Z","FireMap.live (EFFIS en NASA FIRMS)","https://firemap.live/"
"modis_ba_pt_7day.fid--4ba6c401_19fcb51e647_-5925",39.6921,-7.5739,"Bosbrand",,,"Onbekend land","Uitgedoofd","Volgens de laatste beschikbare bronupdate was deze brand uitgedoofd.",3,"#FCD9BE","Nee",,"Niet beschikbaar",0.1,"Niet beschikbaar",,,"Niet beschikbaar",,,,"Zeer hoog","Niet beschikbaar",,"2026-08-04T05:57:47Z","FireMap.live (EFFIS en NASA FIRMS)","https://firemap.live/"
"592397",37.2244,-6.8596,"Moguer","Moguer","ES","Spanje","Niet onder controle","Volgens de laatste beschikbare bronupdate was deze brand nog niet onder controle.",1,"#AA3228","Ja",1,"1 hectare",0.35,"2 augustus 2026","2026-08-02",2,"2 dagen",0,,21,"Hoog","4 augustus 2026 om 07:42","2026-08-04T05:42:33.800Z","2026-08-04T05:57:47Z","FireMap.live (EFFIS en NASA FIRMS)","https://firemap.live/"
"591818",39.5391,8.9625,"Furtei","Furtei","IT","Italië","Niet onder controle","Volgens de laatste beschikbare bronupdate was deze brand nog niet onder controle.",1,"#AA3228","Ja",145,"145 hectare",1.43,"2 augustus 2026","2026-08-02",2,"2 dagen",0,,23,"Extreem","4 augustus 2026 om 07:42","2026-08-04T05:42:33.802Z","2026-08-04T05:57:47Z","FireMap.live (EFFIS en NASA FIRMS)","https://firemap.live/"
"592046",38.9502,17.0069,"Isola di Capo Rizzuto","Isola di Capo Rizzuto","IT","Italië","Niet onder controle","Volgens de laatste beschikbare bronupdate was deze brand nog niet onder controle.",1,"#AA3228","Ja",18,"18 hectare",0.98,"2 augustus 2026","2026-08-02",2,"2 dagen",0,,22,"Gemiddeld","4 augustus 2026 om 07:42","2026-08-04T05:42:33.802Z","2026-08-04T05:57:47Z","FireMap.live (EFFIS en NASA FIRMS)","https://firemap.live/"
"592467",37.9828,15.6859,"Motta San Giovanni","Motta San Giovanni","IT","Italië","Niet onder controle","Volgens de laatste beschikbare bronupdate was deze brand nog niet onder controle.",1,"#AA3228","Ja",21,"21 hectare",1.01,"2 augustus 2026","2026-08-02",2,"2 dagen",0,,17,"Hoog","4 augustus 2026 om 07:42","2026-08-04T05:42:33.802Z","2026-08-04T05:57:47Z","FireMap.live (EFFIS en NASA FIRMS)","https://firemap.live/"
"592035",38.2183,15.9295,"Delianuova","Delianuova","IT","Italië","Niet onder controle","Volgens de laatste beschikbare bronupdate was deze brand nog niet onder controle.",1,"#AA3228","Ja",5,"5 hectare",0.7,"2 augustus 2026","2026-08-02",2,"2 dagen",0,,22,"Hoog","4 augustus 2026 om 07:42","2026-08-04T05:42:33.803Z","2026-08-04T05:57:47Z","FireMap.live (EFFIS en NASA FIRMS)","https://firemap.live/"
"591819",37.3705,13.4094,"Siculiana","Siculiana","IT","Italië","Niet onder controle","Volgens de laatste beschikbare bronupdate was deze brand nog niet onder controle.",1,"#AA3228","Ja",113,"113 hectare",1.38,"2 augustus 2026","2026-08-02",2,"2 dagen",0,,23,"Hoog","4 augustus 2026 om 07:42","2026-08-04T05:42:33.803Z","2026-08-04T05:57:47Z","FireMap.live (EFFIS en NASA FIRMS)","https://firemap.live/"
"592368",33.0821,35.4177,"Yaroune","Yaroune","LB","Libanon","Niet onder controle","Volgens de laatste beschikbare bronupdate was deze brand nog niet onder controle.",1,"#AA3228","Ja",375,"375 hectare",1.64,"2 augustus 2026","2026-08-02",2,"2 dagen",53,,21,"Hoog","4 augustus 2026 om 07:42","2026-08-04T05:42:33.803Z","2026-08-04T05:57:47Z","FireMap.live (EFFIS en NASA FIRMS)","https://firemap.live/"
"592466",37.2651,14.7544,"Militello in Val di Catania","Militello in Val di Catania","IT","Italië","Niet onder controle","Volgens de laatste beschikbare bronupdate was deze brand nog niet onder controle.",1,"#AA3228","Ja",35,"35 hectare",1.12,"2 augustus 2026","2026-08-02",2,"2 dagen",0,,17,"Zeer hoog","4 augustus 2026 om 07:42","2026-08-04T05:42:33.803Z","2026-08-04T05:57:47Z","FireMap.live (EFFIS en NASA FIRMS)","https://firemap.live/"
"591679",38.0507,23.3781,"Bosbrand in Griekenland",,"EL","Griekenland","Niet onder controle","Volgens de laatste beschikbare bronupdate was deze brand nog niet onder controle.",1,"#AA3228","Ja",1186,"1.186 hectare",1.89,"2 augustus 2026","2026-08-02",2,"2 dagen",164,,23,"Zeer hoog","4 augustus 2026 om 07:42","2026-08-04T05:42:33.804Z","2026-08-04T05:57:47Z","FireMap.live (EFFIS en NASA FIRMS)","https://firemap.live/"
"591809",42.5781,0.7798,"Vilaller","Vilaller","ES","Spanje","Niet onder controle","Volgens de laatste beschikbare bronupdate was deze brand nog niet onder controle.",1,"#AA3228","Ja",9,"9 hectare",0.83,"2 augustus 2026","2026-08-02",2,"2 dagen",1,,23,"Laag","4 augustus 2026 om 07:42","2026-08-04T05:42:33.804Z","2026-08-04T05:57:47Z","FireMap.live (EFFIS en NASA FIRMS)","https://firemap.live/"
"591766",38.0768,20.7396,"Bosbrand in Griekenland",,"EL","Griekenland","Niet onder controle","Volgens de laatste beschikbare bronupdate was deze brand nog niet onder controle.",1,"#AA3228","Ja",353,"353 hectare",1.62,"2 augustus 2026","2026-08-02",2,"2 dagen",7,,23,"Gemiddeld","4 augustus 2026 om 07:42","2026-08-04T05:42:33.804Z","2026-08-04T05:57:47Z","FireMap.live (EFFIS en NASA FIRMS)","https://firemap.live/"
"592418",39.1835,36.1704,"Sivas","Sivas","TR","Turkije","Niet onder controle","Volgens de laatste beschikbare bronupdate was deze brand nog niet onder controle.",1,"#AA3228","Ja",69,"69 hectare",1.27,"2 augustus 2026","2026-08-02",2,"2 dagen",0,,20,"Zeer hoog","4 augustus 2026 om 07:42","2026-08-04T05:42:33.804Z","2026-08-04T05:57:47Z","FireMap.live (EFFIS en NASA FIRMS)","https://firemap.live/"
"592271",33.3408,35.7033,"El-Habbariyé","El-Habbariyé","LB","Libanon","Niet onder controle","Volgens de laatste beschikbare bronupdate was deze brand nog niet onder controle.",1,"#AA3228","Ja",7,"7 hectare",0.77,"2 augustus 2026","2026-08-02",2,"2 dagen",0,,22,"Zeer hoog","4 augustus 2026 om 07:42","2026-08-04T05:42:33.805Z","2026-08-04T05:57:47Z","FireMap.live (EFFIS en NASA FIRMS)","https://firemap.live/"
"592396",35.7748,36.5757,"Bosbrand in Syrië",,"SY","Syrië","Niet onder controle","Volgens de laatste beschikbare bronupdate was deze brand nog niet onder controle.",1,"#AA3228","Ja",12,"12 hectare",0.89,"2 augustus 2026","2026-08-02",2,"2 dagen",0,,21,"Extreem","4 augustus 2026 om 07:42","2026-08-04T05:42:33.805Z","2026-08-04T05:57:47Z","FireMap.live (EFFIS en NASA FIRMS)","https://firemap.live/"
"592452",38.099,36.4749,"Bosbrand in Turkije",,"TR","Turkije","Niet onder controle","Volgens de laatste beschikbare bronupdate was deze brand nog niet onder controle.",1,"#AA3228","Ja",4,"4 hectare",0.65,"2 augustus 2026","2026-08-02",2,"2 dagen",0,,19,"Extreem","4 augustus 2026 om 07:42","2026-08-04T05:42:33.805Z","2026-08-04T05:57:47Z","FireMap.live (EFFIS en NASA FIRMS)","https://firemap.live/"
"592454",36.2246,36.6362,"Hatay","Hatay","TR","Turkije","Niet onder controle","Volgens de laatste beschikbare bronupdate was deze brand nog niet onder controle.",1,"#AA3228","Ja",12,"12 hectare",0.89,"2 augustus 2026","2026-08-02",2,"2 dagen",0,,19,"Extreem","4 augustus 2026 om 07:42","2026-08-04T05:42:33.805Z","2026-08-04T05:57:47Z","FireMap.live (EFFIS en NASA FIRMS)","https://firemap.live/"
"592371",33.2445,35.7204,"Bosbrand in Israël",,"IL","Israël","Niet onder controle","Volgens de laatste beschikbare bronupdate was deze brand nog niet onder controle.",1,"#AA3228","Ja",22,"22 hectare",1.02,"2 augustus 2026","2026-08-02",2,"2 dagen",0,,21,"Zeer hoog","4 augustus 2026 om 07:42","2026-08-04T05:42:33.806Z","2026-08-04T05:57:47Z","FireMap.live (EFFIS en NASA FIRMS)","https://firemap.live/"
"592405",38.3261,37.9259,"Malatya","Malatya","TR","Turkije","Niet onder controle","Volgens de laatste beschikbare bronupdate was deze brand nog niet onder controle.",1,"#AA3228","Ja",11,"11 hectare",0.87,"2 augustus 2026","2026-08-02",2,"2 dagen",0,,20,"Extreem","4 augustus 2026 om 07:42","2026-08-04T05:42:33.806Z","2026-08-04T05:57:47Z","FireMap.live (EFFIS en NASA FIRMS)","https://firemap.live/"
"592481",41.0477,-8.4705,"Canedo, Vale e Vila Maior","Canedo, Vale e Vila Maior","PT","Portugal","Niet onder controle","Volgens de laatste beschikbare bronupdate was deze brand nog niet onder controle.",1,"#AA3228","Ja",4,"4 hectare",0.65,"1 augustus 2026","2026-08-01",3,"3 dagen",0,,15,"Gemiddeld","4 augustus 2026 om 07:42","2026-08-04T05:42:33.806Z","2026-08-04T05:57:47Z","FireMap.live (EFFIS en NASA FIRMS)","https://firemap.live/"
"592424",45.6585,13.8475,"Trieste","Trieste","IT","Italië","Niet onder controle","Volgens de laatste beschikbare bronupdate was deze brand nog niet onder controle.",1,"#AA3228","Ja",22,"22 hectare",1.02,"1 augustus 2026","2026-08-01",3,"3 dagen",1,,20,"Gemiddeld","4 augustus 2026 om 07:42","2026-08-04T05:42:33.806Z","2026-08-04T05:57:47Z","FireMap.live (EFFIS en NASA FIRMS)","https://firemap.live/"
"591813",42.0653,-8.3979,"Barbeita","Barbeita","PT","Portugal","Niet onder controle","Volgens de laatste beschikbare bronupdate was deze brand nog niet onder controle.",1,"#AA3228","Ja",38,"38 hectare",1.14,"1 augustus 2026","2026-08-01",3,"3 dagen",0,,23,"Laag","4 augustus 2026 om 07:42","2026-08-04T05:42:33.807Z","2026-08-04T05:57:47Z","FireMap.live (EFFIS en NASA FIRMS)","https://firemap.live/"
"591814",39.8321,-6.3105,"Casas de Millán","Casas de Millán","ES","Spanje","Niet onder controle","Volgens de laatste beschikbare bronupdate was deze brand nog niet onder controle.",1,"#AA3228","Ja",1471,"1.471 hectare",1.93,"1 augustus 2026","2026-08-01",3,"3 dagen",0,,23,"Zeer hoog","4 augustus 2026 om 07:42","2026-08-04T05:42:33.807Z","2026-08-04T05:57:47Z","FireMap.live (EFFIS en NASA FIRMS)","https://firemap.live/"
"592065",39.7523,16.132,"Lungro","Lungro","IT","Italië","Niet onder controle","Volgens de laatste beschikbare bronupdate was deze brand nog niet onder controle.",1,"#AA3228","Ja",5,"5 hectare",0.7,"1 augustus 2026","2026-08-01",3,"3 dagen",0,,22,"Hoog","4 augustus 2026 om 07:42","2026-08-04T05:42:33.807Z","2026-08-04T05:57:47Z","FireMap.live (EFFIS en NASA FIRMS)","https://firemap.live/"
"592464",38.0251,13.1287,"Borgetto","Borgetto","IT","Italië","Niet onder controle","Volgens de laatste beschikbare bronupdate was deze brand nog niet onder controle.",1,"#AA3228","Ja",34,"34 hectare",1.12,"1 augustus 2026","2026-08-01",3,"3 dagen",0,,17,"Zeer hoog","4 augustus 2026 om 07:42","2026-08-04T05:42:33.807Z","2026-08-04T05:57:47Z","FireMap.live (EFFIS en NASA FIRMS)","https://firemap.live/"
"592433",42.9904,22.869,"Bosbrand in Bulgarije",,"BG","Bulgarije","Niet onder controle","Volgens de laatste beschikbare bronupdate was deze brand nog niet onder controle.",1,"#AA3228","Ja",8,"8 hectare",0.8,"1 augustus 2026","2026-08-01",3,"3 dagen",0,,20,"Hoog","4 augustus 2026 om 07:42","2026-08-04T05:42:33.808Z","2026-08-04T05:57:47Z","FireMap.live (EFFIS en NASA FIRMS)","https://firemap.live/"
"592173",41.479,13.9875,"San Vittore del Lazio","San Vittore del Lazio","IT","Italië","Niet onder controle","Volgens de laatste beschikbare bronupdate was deze brand nog niet onder controle.",1,"#AA3228","Ja",1,"1 hectare",0.35,"1 augustus 2026","2026-08-01",3,"3 dagen",0,,22,"Hoog","4 augustus 2026 om 07:42","2026-08-04T05:42:33.808Z","2026-08-04T05:57:47Z","FireMap.live (EFFIS en NASA FIRMS)","https://firemap.live/"
"592382",42.7967,1.1485,"Seix","Seix","FR","Frankrijk","Niet onder controle","Volgens de laatste beschikbare bronupdate was deze brand nog niet onder controle.",1,"#AA3228","Ja",9,"9 hectare",0.83,"1 augustus 2026","2026-08-01",3,"3 dagen",0,,21,"Laag","4 augustus 2026 om 07:42","2026-08-04T05:42:33.808Z","2026-08-04T05:57:47Z","FireMap.live (EFFIS en NASA FIRMS)","https://firemap.live/"
"592432",42.9968,23.0773,"Bosbrand in Bulgarije",,"BG","Bulgarije","Niet onder controle","Volgens de laatste beschikbare bronupdate was deze brand nog niet onder controle.",1,"#AA3228","Ja",8,"8 hectare",0.8,"1 augustus 2026","2026-08-01",3,"3 dagen",0,,20,"Gemiddeld","4 augustus 2026 om 07:42","2026-08-04T05:42:33.808Z","2026-08-04T05:57:47Z","FireMap.live (EFFIS en NASA FIRMS)","https://firemap.live/"
"591771",38.951,22.398,"Bosbrand in Griekenland",,"EL","Griekenland","Niet onder controle","Volgens de laatste beschikbare bronupdate was deze brand nog niet onder controle.",1,"#AA3228","Ja",10,"10 hectare",0.85,"1 augustus 2026","2026-08-01",3,"3 dagen",0,,23,"Hoog","4 augustus 2026 om 07:42","2026-08-04T05:42:33.809Z","2026-08-04T05:57:47Z","FireMap.live (EFFIS en NASA FIRMS)","https://firemap.live/"
"591774",38.7819,21.1778,"Bosbrand in Griekenland",,"EL","Griekenland","Niet onder controle","Volgens de laatste beschikbare bronupdate was deze brand nog niet onder controle.",1,"#AA3228","Ja",49,"49 hectare",1.2,"1 augustus 2026","2026-08-01",3,"3 dagen",0,,23,"Zeer hoog","4 augustus 2026 om 07:42","2026-08-04T05:42:33.809Z","2026-08-04T05:57:47Z","FireMap.live (EFFIS en NASA FIRMS)","https://firemap.live/"
"592021",37.8528,15.2299,"Gaggi","Gaggi","IT","Italië","Niet onder controle","Volgens de laatste beschikbare bronupdate was deze brand nog niet onder controle.",1,"#AA3228","Ja",9,"9 hectare",0.83,"1 augustus 2026","2026-08-01",3,"3 dagen",0,,22,"Hoog","4 augustus 2026 om 07:42","2026-08-04T05:42:33.809Z","2026-08-04T05:57:47Z","FireMap.live (EFFIS en NASA FIRMS)","https://firemap.live/"
"592475",40.4106,9.0087,"Bottidda","Bottidda","IT","Italië","Niet onder controle","Volgens de laatste beschikbare bronupdate was deze brand nog niet onder controle.",1,"#AA3228","Ja",57,"57 hectare",1.23,"1 augustus 2026","2026-08-01",3,"3 dagen",0,,16,"Extreem","4 augustus 2026 om 07:42","2026-08-04T05:42:33.809Z","2026-08-04T05:57:47Z","FireMap.live (EFFIS en NASA FIRMS)","https://firemap.live/"
"592294",40.4055,9.0104,"Bottidda","Bottidda","IT","Italië","Niet onder controle","Volgens de laatste beschikbare bronupdate was deze brand nog niet onder controle.",1,"#AA3228","Ja",4,"4 hectare",0.65,"1 augustus 2026","2026-08-01",3,"3 dagen",0,,22,"Extreem","4 augustus 2026 om 07:42","2026-08-04T05:42:33.810Z","2026-08-04T05:57:47Z","FireMap.live (EFFIS en NASA FIRMS)","https://firemap.live/"
"592300",44.3288,6.1216,"Bayons","Bayons","FR","Frankrijk","Niet onder controle","Volgens de laatste beschikbare bronupdate was deze brand nog niet onder controle.",1,"#AA3228","Ja",7,"7 hectare",0.77,"1 augustus 2026","2026-08-01",3,"3 dagen",0,,22,"Extreem","4 augustus 2026 om 07:42","2026-08-04T05:42:33.810Z","2026-08-04T05:57:47Z","FireMap.live (EFFIS en NASA FIRMS)","https://firemap.live/"
"592045",38.6135,16.4966,"Sant'Andrea Apostolo dello Ionio","Sant'Andrea Apostolo dello Ionio","IT","Italië","Niet onder controle","Volgens de laatste beschikbare bronupdate was deze brand nog niet onder controle.",1,"#AA3228","Ja",0,"0 hectare",0.1,"1 augustus 2026","2026-08-01",3,"3 dagen",0,,22,"Hoog","4 augustus 2026 om 07:42","2026-08-04T05:42:33.810Z","2026-08-04T05:57:47Z","FireMap.live (EFFIS en NASA FIRMS)","https://firemap.live/"
"586303",45.0645,13.9384,"Bosbrand in Kroatië",,"HR","Kroatië","Niet onder controle","Volgens de laatste beschikbare bronupdate was deze brand nog niet onder controle.",1,"#AA3228","Ja",41,"41 hectare",1.16,"1 augustus 2026","2026-08-01",3,"3 dagen",0,,62,"Zeer hoog","4 augustus 2026 om 07:42","2026-08-04T05:42:33.810Z","2026-08-04T05:57:47Z","FireMap.live (EFFIS en NASA FIRMS)","https://firemap.live/"
"592425",45.4116,13.8294,"Bosbrand in Kroatië",,"HR","Kroatië","Niet onder controle","Volgens de laatste beschikbare bronupdate was deze brand nog niet onder controle.",1,"#AA3228","Ja",26,"26 hectare",1.06,"1 augustus 2026","2026-08-01",3,"3 dagen",0,,20,"Zeer hoog","4 augustus 2026 om 07:42","2026-08-04T05:42:33.811Z","2026-08-04T05:57:47Z","FireMap.live (EFFIS en NASA FIRMS)","https://firemap.live/"
"592457",38.7573,27.7621,"Manisa","Manisa","TR","Turkije","Niet onder controle","Volgens de laatste beschikbare bronupdate was deze brand nog niet onder controle.",1,"#AA3228","Ja",45,"45 hectare",1.18,"1 augustus 2026","2026-08-01",3,"3 dagen",0,,19,"Extreem","4 augustus 2026 om 07:42","2026-08-04T05:42:33.811Z","2026-08-04T05:57:47Z","FireMap.live (EFFIS en NASA FIRMS)","https://firemap.live/"
"586288",38.4153,21.965,"Bosbrand in Griekenland",,"EL","Griekenland","Niet onder controle","Volgens de laatste beschikbare bronupdate was deze brand nog niet onder controle.",1,"#AA3228","Ja",462,"462 hectare",1.68,"1 augustus 2026","2026-08-01",3,"3 dagen",0,,62,"Zeer hoog","4 augustus 2026 om 07:42","2026-08-04T05:42:33.811Z","2026-08-04T05:57:47Z","FireMap.live (EFFIS en NASA FIRMS)","https://firemap.live/"
"592093",40.33,17.6365,"Manduria","Manduria","IT","Italië","Niet onder controle","Volgens de laatste beschikbare bronupdate was deze brand nog niet onder controle.",1,"#AA3228","Ja",15,"15 hectare",0.94,"1 augustus 2026","2026-08-01",3,"3 dagen",0,,22,"Hoog","4 augustus 2026 om 07:42","2026-08-04T05:42:33.811Z","2026-08-04T05:57:47Z","FireMap.live (EFFIS en NASA FIRMS)","https://firemap.live/"
"591769",39.2862,22.4054,"Bosbrand in Griekenland",,"EL","Griekenland","Niet onder controle","Volgens de laatste beschikbare bronupdate was deze brand nog niet onder controle.",1,"#AA3228","Ja",35,"35 hectare",1.12,"1 augustus 2026","2026-08-01",3,"3 dagen",0,,23,"Hoog","4 augustus 2026 om 07:42","2026-08-04T05:42:33.811Z","2026-08-04T05:57:47Z","FireMap.live (EFFIS en NASA FIRMS)","https://firemap.live/"
"592369",32.7383,35.7932,"Bosbrand in Jordanië",,"JO","Jordanië","Niet onder controle","Volgens de laatste beschikbare bronupdate was deze brand nog niet onder controle.",1,"#AA3228","Ja",77,"77 hectare",1.29,"1 augustus 2026","2026-08-01",3,"3 dagen",0,,21,"Extreem","4 augustus 2026 om 07:42","2026-08-04T05:42:33.812Z","2026-08-04T05:57:47Z","FireMap.live (EFFIS en NASA FIRMS)","https://firemap.live/"
"591980",37.2275,13.7911,"Naro","Naro","IT","Italië","Niet onder controle","Volgens de laatste beschikbare bronupdate was deze brand nog niet onder controle.",1,"#AA3228","Ja",109,"109 hectare",1.37,"1 augustus 2026","2026-08-01",3,"3 dagen",0,,22,"Hoog","4 augustus 2026 om 07:42","2026-08-04T05:42:33.812Z","2026-08-04T05:57:47Z","FireMap.live (EFFIS en NASA FIRMS)","https://firemap.live/"
"586287",38.2741,21.9892,"Bosbrand in Griekenland",,"EL","Griekenland","Niet onder controle","Volgens de laatste beschikbare bronupdate was deze brand nog niet onder controle.",1,"#AA3228","Ja",868,"868 hectare",1.82,"31 juli 2026","2026-07-31",3,"3 dagen",0,,64,"Extreem","4 augustus 2026 om 07:42","2026-08-04T05:42:33.815Z","2026-08-04T05:57:47Z","FireMap.live (EFFIS en NASA FIRMS)","https://firemap.live/"
"586290",43.4824,6.0843,"Correns","Correns","FR","Frankrijk","Niet onder controle","Volgens de laatste beschikbare bronupdate was deze brand nog niet onder controle.",1,"#AA3228","Ja",2032,"2.032 hectare",2,"31 juli 2026","2026-07-31",4,"4 dagen",0,,62,"Zeer hoog","4 augustus 2026 om 07:42","2026-08-04T05:42:33.818Z","2026-08-04T05:57:47Z","FireMap.live (EFFIS en NASA FIRMS)","https://firemap.live/"
"591836",37.5696,13.6416,"Cammarata","Cammarata","IT","Italië","Niet onder controle","Volgens de laatste beschikbare bronupdate was deze brand nog niet onder controle.",1,"#AA3228","Ja",534,"534 hectare",1.71,"31 juli 2026","2026-07-31",4,"4 dagen",0,,22,"Extreem","4 augustus 2026 om 07:42","2026-08-04T05:42:33.818Z","2026-08-04T05:57:47Z","FireMap.live (EFFIS en NASA FIRMS)","https://firemap.live/"
"591827",39.7961,28.1921,"Bosbrand in Turkije",,"TR","Turkije","Niet onder controle","Volgens de laatste beschikbare bronupdate was deze brand nog niet onder controle.",1,"#AA3228","Ja",993,"993 hectare",1.85,"31 juli 2026","2026-07-31",4,"4 dagen",0,,23,"Zeer hoog","4 augustus 2026 om 07:42","2026-08-04T05:42:33.819Z","2026-08-04T05:57:47Z","FireMap.live (EFFIS en NASA FIRMS)","https://firemap.live/"
"586305",42.6695,18.2913,"Trebinje","Trebinje","BA","Bosnië en Herzegovina","Niet onder controle","Volgens de laatste beschikbare bronupdate was deze brand nog niet onder controle.",1,"#AA3228","Ja",745,"745 hectare",1.79,"31 juli 2026","2026-07-31",4,"4 dagen",30,,62,"Hoog","4 augustus 2026 om 07:42","2026-08-04T05:42:33.820Z","2026-08-04T05:57:47Z","FireMap.live (EFFIS en NASA FIRMS)","https://firemap.live/"
"584085",37.7234,22.7155,"Bosbrand in Griekenland",,"EL","Griekenland","Niet onder controle","Volgens de laatste beschikbare bronupdate was deze brand nog niet onder controle.",1,"#AA3228","Ja",560,"560 hectare",1.72,"31 juli 2026","2026-07-31",4,"4 dagen",0,,88,"Extreem","4 augustus 2026 om 07:42","2026-08-04T05:42:33.821Z","2026-08-04T05:57:47Z","FireMap.live (EFFIS en NASA FIRMS)","https://firemap.live/"
"584087",38.1343,23.2407,"Bosbrand in Griekenland",,"EL","Griekenland","Niet onder controle","Volgens de laatste beschikbare bronupdate was deze brand nog niet onder controle.",1,"#AA3228","Ja",11440,"11.440 hectare",2.38,"31 juli 2026","2026-07-31",4,"4 dagen",376,,88,"Zeer hoog","4 augustus 2026 om 07:42","2026-08-04T05:42:33.821Z","2026-08-04T05:57:47Z","FireMap.live (EFFIS en NASA FIRMS)","https://firemap.live/"
"584088",38.2482,23.0265,"Bosbrand in Griekenland",,"EL","Griekenland","Niet onder controle","Volgens de laatste beschikbare bronupdate was deze brand nog niet onder controle.",1,"#AA3228","Ja",3746,"3.746 hectare",2.14,"31 juli 2026","2026-07-31",4,"4 dagen",0,,88,"Hoog","4 augustus 2026 om 07:42","2026-08-04T05:42:33.822Z","2026-08-04T05:57:47Z","FireMap.live (EFFIS en NASA FIRMS)","https://firemap.live/"
"583383",41.7377,-7.553,"Redondelo","Redondelo","PT","Portugal","Niet onder controle","Volgens de laatste beschikbare bronupdate was deze brand nog niet onder controle.",1,"#AA3228","Ja",1119,"1.119 hectare",1.87,"30 juli 2026","2026-07-30",5,"5 dagen",0,,95,"Hoog","4 augustus 2026 om 07:42","2026-08-04T05:42:33.826Z","2026-08-04T05:57:47Z","FireMap.live (EFFIS en NASA FIRMS)","https://firemap.live/"
"581396",35.1668,24.4649,"Bosbrand in Griekenland",,"EL","Griekenland","Niet onder controle","Volgens de laatste beschikbare bronupdate was deze brand nog niet onder controle.",1,"#AA3228","Ja",1284,"1.284 hectare",1.9,"30 juli 2026","2026-07-30",5,"5 dagen",0,,111,"Extreem","4 augustus 2026 om 07:42","2026-08-04T05:42:33.831Z","2026-08-04T05:57:47Z","FireMap.live (EFFIS en NASA FIRMS)","https://firemap.live/"
"583385",41.7178,-7.2214,"Sonim e Barreiros","Sonim e Barreiros","PT","Portugal","Niet onder controle","Volgens de laatste beschikbare bronupdate was deze brand nog niet onder controle.",1,"#AA3228","Ja",3652,"3.652 hectare",2.13,"30 juli 2026","2026-07-30",5,"5 dagen",0,,95,"Hoog","4 augustus 2026 om 07:42","2026-08-04T05:42:33.832Z","2026-08-04T05:57:47Z","FireMap.live (EFFIS en NASA FIRMS)","https://firemap.live/"
"592390",42.7028,-6.7557,"Villafranca del Bierzo","Villafranca del Bierzo","ES","Spanje","Niet onder controle","Volgens de laatste beschikbare bronupdate was deze brand nog niet onder controle.",1,"#AA3228","Ja",1240,"1.240 hectare",1.9,"30 juli 2026","2026-07-30",5,"5 dagen",0,,21,"Hoog","4 augustus 2026 om 07:42","2026-08-04T05:42:33.833Z","2026-08-04T05:57:47Z","FireMap.live (EFFIS en NASA FIRMS)","https://firemap.live/"
"581407",40.1199,26.475,"Çanakkale","Çanakkale","TR","Turkije","Niet onder controle","Volgens de laatste beschikbare bronupdate was deze brand nog niet onder controle.",1,"#AA3228","Ja",494,"494 hectare",1.7,"29 juli 2026","2026-07-29",6,"6 dagen",0,,110,"Extreem","4 augustus 2026 om 07:42","2026-08-04T05:42:33.835Z","2026-08-04T05:57:47Z","FireMap.live (EFFIS en NASA FIRMS)","https://firemap.live/"
"584073",36.4672,32.3137,"Antalya","Antalya","TR","Turkije","Niet onder controle","Volgens de laatste beschikbare bronupdate was deze brand nog niet onder controle.",1,"#AA3228","Ja",878,"878 hectare",1.82,"29 juli 2026","2026-07-29",6,"6 dagen",0,,90,"Hoog","4 augustus 2026 om 07:42","2026-08-04T05:42:33.835Z","2026-08-04T05:57:47Z","FireMap.live (EFFIS en NASA FIRMS)","https://firemap.live/"
"581415",35.0138,26.1356,"Bosbrand in Griekenland",,"EL","Griekenland","Niet onder controle","Volgens de laatste beschikbare bronupdate was deze brand nog niet onder controle.",1,"#AA3228","Ja",441,"441 hectare",1.67,"29 juli 2026","2026-07-29",6,"6 dagen",0,,110,"Gemiddeld","4 augustus 2026 om 07:42","2026-08-04T05:42:33.835Z","2026-08-04T05:57:47Z","FireMap.live (EFFIS en NASA FIRMS)","https://firemap.live/"
"592384",37.3018,37.2086,"Bosbrand in Turkije",,"TR","Turkije","Niet onder controle","Volgens de laatste beschikbare bronupdate was deze brand nog niet onder controle.",1,"#AA3228","Ja",611,"611 hectare",1.74,"29 juli 2026","2026-07-29",6,"6 dagen",0,,21,"Extreem","4 augustus 2026 om 07:42","2026-08-04T05:42:33.836Z","2026-08-04T05:57:47Z","FireMap.live (EFFIS en NASA FIRMS)","https://firemap.live/"
"580384",42.6795,-5.4039,"Vegas del Condado","Vegas del Condado","ES","Spanje","Niet onder controle","Volgens de laatste beschikbare bronupdate was deze brand nog niet onder controle.",1,"#AA3228","Ja",1531,"1.531 hectare",1.94,"29 juli 2026","2026-07-29",6,"6 dagen",0,,119,"Zeer hoog","4 augustus 2026 om 07:42","2026-08-04T05:42:33.837Z","2026-08-04T05:57:47Z","FireMap.live (EFFIS en NASA FIRMS)","https://firemap.live/"
"577308",41.3522,-6.3008,"Fermoselle","Fermoselle","ES","Spanje","Niet onder controle","Volgens de laatste beschikbare bronupdate was deze brand nog niet onder controle.",1,"#AA3228","Ja",11099,"11.099 hectare",2.37,"29 juli 2026","2026-07-29",6,"6 dagen",0,,135,"Zeer hoog","4 augustus 2026 om 07:42","2026-08-04T05:42:33.839Z","2026-08-04T05:57:47Z","FireMap.live (EFFIS en NASA FIRMS)","https://firemap.live/"
"577315",35.1261,24.6103,"Bosbrand in Griekenland",,"EL","Griekenland","Niet onder controle","Volgens de laatste beschikbare bronupdate was deze brand nog niet onder controle.",1,"#AA3228","Ja",5331,"5.331 hectare",2.21,"29 juli 2026","2026-07-29",6,"6 dagen",0,,132,"Extreem","4 augustus 2026 om 07:42","2026-08-04T05:42:33.840Z","2026-08-04T05:57:47Z","FireMap.live (EFFIS en NASA FIRMS)","https://firemap.live/"
"577305",39.3174,26.9249,"Bosbrand in Turkije",,"TR","Turkije","Niet onder controle","Volgens de laatste beschikbare bronupdate was deze brand nog niet onder controle.",1,"#AA3228","Ja",4726,"4.726 hectare",2.19,"29 juli 2026","2026-07-29",6,"6 dagen",0,,136,"Onbekend","4 augustus 2026 om 07:42","2026-08-04T05:42:33.844Z","2026-08-04T05:57:47Z","FireMap.live (EFFIS en NASA FIRMS)","https://firemap.live/"
"577298",36.6587,29.436,"Bosbrand in Turkije",,"TR","Turkije","Niet onder controle","Volgens de laatste beschikbare bronupdate was deze brand nog niet onder controle.",1,"#AA3228","Ja",5742,"5.742 hectare",2.23,"29 juli 2026","2026-07-29",6,"6 dagen",0,,136,"Zeer hoog","4 augustus 2026 om 07:42","2026-08-04T05:42:33.844Z","2026-08-04T05:57:47Z","FireMap.live (EFFIS en NASA FIRMS)","https://firemap.live/"
"586299",42.2907,13.3793,"Bosbrand in Italië",,"IT","Italië","Niet onder controle","Volgens de laatste beschikbare bronupdate was deze brand nog niet onder controle.",1,"#AA3228","Ja",836,"836 hectare",1.81,"29 juli 2026","2026-07-29",6,"6 dagen",35,,62,"Zeer hoog","4 augustus 2026 om 07:42","2026-08-04T05:42:33.845Z","2026-08-04T05:57:47Z","FireMap.live (EFFIS en NASA FIRMS)","https://firemap.live/"
"577007",41.6644,-7.2262,"Vilarandelo","Vilarandelo","PT","Portugal","Niet onder controle","Volgens de laatste beschikbare bronupdate was deze brand nog niet onder controle.",1,"#AA3228","Ja",10697,"10.697 hectare",2.36,"28 juli 2026","2026-07-28",7,"7 dagen",0,,143,"Zeer hoog","4 augustus 2026 om 07:42","2026-08-04T05:42:33.850Z","2026-08-04T05:57:47Z","FireMap.live (EFFIS en NASA FIRMS)","https://firemap.live/"
"577230",48.4824,17.1258,"Záhorie (vojenský obvod)","Záhorie (vojenský obvod)","SK","Slowakije","Niet onder controle","Volgens de laatste beschikbare bronupdate was deze brand nog niet onder controle.",1,"#AA3228","Ja",558,"558 hectare",1.72,"28 juli 2026","2026-07-28",7,"7 dagen",0,,141,"Extreem","4 augustus 2026 om 07:42","2026-08-04T05:42:33.855Z","2026-08-04T05:57:47Z","FireMap.live (EFFIS en NASA FIRMS)","https://firemap.live/"
"577194",37.0173,25.1677,"Bosbrand in Griekenland",,"EL","Griekenland","Niet onder controle","Volgens de laatste beschikbare bronupdate was deze brand nog niet onder controle.",1,"#AA3228","Ja",1160,"1.160 hectare",1.88,"28 juli 2026","2026-07-28",7,"7 dagen",0,,142,"Zeer hoog","4 augustus 2026 om 07:42","2026-08-04T05:42:33.855Z","2026-08-04T05:57:47Z","FireMap.live (EFFIS en NASA FIRMS)","https://firemap.live/"
"591808",42.5707,0.7726,"Vilaller","Vilaller","ES","Spanje","Onder controle","Volgens de laatste beschikbare bronupdate stond deze brand onder controle.",2,"#E07154","Ja",29,"29 hectare",1.08,"1 augustus 2026","2026-08-01",3,"3 dagen",2,,23,"Laag","4 augustus 2026 om 07:42","2026-08-04T05:42:33.812Z","2026-08-04T05:57:47Z","FireMap.live (EFFIS en NASA FIRMS)","https://firemap.live/"
"592383",42.6935,0.7386,"Vielha e Mijaran","Vielha e Mijaran","ES","Spanje","Onder controle","Volgens de laatste beschikbare bronupdate stond deze brand onder controle.",2,"#E07154","Ja",7,"7 hectare",0.77,"1 augustus 2026","2026-08-01",3,"3 dagen",5,,21,"Laag","4 augustus 2026 om 07:42","2026-08-04T05:42:33.812Z","2026-08-04T05:57:47Z","FireMap.live (EFFIS en NASA FIRMS)","https://firemap.live/"
"592385",42.4531,0.4391,"Valle de Bardají","Valle de Bardají","ES","Spanje","Onder controle","Volgens de laatste beschikbare bronupdate stond deze brand onder controle.",2,"#E07154","Ja",20,"20 hectare",1,"1 augustus 2026","2026-08-01",3,"3 dagen",4,,21,"Laag","4 augustus 2026 om 07:42","2026-08-04T05:42:33.813Z","2026-08-04T05:57:47Z","FireMap.live (EFFIS en NASA FIRMS)","https://firemap.live/"
"586298",41.5145,12.6773,"Nettuno","Nettuno","IT","Italië","Onder controle","Volgens de laatste beschikbare bronupdate stond deze brand onder controle.",2,"#E07154","Ja",44,"44 hectare",1.17,"31 juli 2026","2026-07-31",4,"4 dagen",5,,62,"Hoog","4 augustus 2026 om 07:42","2026-08-04T05:42:33.816Z","2026-08-04T05:57:47Z","FireMap.live (EFFIS en NASA FIRMS)","https://firemap.live/"
"591993",37.1041,14.4108,"Niscemi","Niscemi","IT","Italië","Onder controle","Volgens de laatste beschikbare bronupdate stond deze brand onder controle.",2,"#E07154","Ja",19,"19 hectare",0.99,"31 juli 2026","2026-07-31",4,"4 dagen",0,,22,"Zeer hoog","4 augustus 2026 om 07:42","2026-08-04T05:42:33.818Z","2026-08-04T05:57:47Z","FireMap.live (EFFIS en NASA FIRMS)","https://firemap.live/"
"592159",41.8127,15.7189,"Cagnano Varano","Cagnano Varano","IT","Italië","Onder controle","Volgens de laatste beschikbare bronupdate stond deze brand onder controle.",2,"#E07154","Ja",102,"102 hectare",1.35,"31 juli 2026","2026-07-31",4,"4 dagen",0,,22,"Zeer hoog","4 augustus 2026 om 07:42","2026-08-04T05:42:33.819Z","2026-08-04T05:57:47Z","FireMap.live (EFFIS en NASA FIRMS)","https://firemap.live/"
"592429",43.287,17.5762,"Bosbrand in Bosnië en Herzegovina",,"BA","Bosnië en Herzegovina","Onder controle","Volgens de laatste beschikbare bronupdate stond deze brand onder controle.",2,"#E07154","Ja",99,"99 hectare",1.35,"31 juli 2026","2026-07-31",4,"4 dagen",0,,20,"Hoog","4 augustus 2026 om 07:42","2026-08-04T05:42:33.819Z","2026-08-04T05:57:47Z","FireMap.live (EFFIS en NASA FIRMS)","https://firemap.live/"
"591992",37.2599,14.0064,"Ravanusa","Ravanusa","IT","Italië","Onder controle","Volgens de laatste beschikbare bronupdate stond deze brand onder controle.",2,"#E07154","Ja",200,"200 hectare",1.5,"31 juli 2026","2026-07-31",4,"4 dagen",0,,22,"Zeer hoog","4 augustus 2026 om 07:42","2026-08-04T05:42:33.822Z","2026-08-04T05:57:47Z","FireMap.live (EFFIS en NASA FIRMS)","https://firemap.live/"
"581096",53.5611,-7.0368,"Bracklin","Bracklin","IE","Ierland","Onder controle","Volgens de laatste beschikbare bronupdate stond deze brand onder controle.",2,"#E07154","Ja",45,"45 hectare",1.18,"28 juli 2026","2026-07-28",7,"7 dagen",0,,117,"Laag","4 augustus 2026 om 07:42","2026-08-04T05:42:33.852Z","2026-08-04T05:57:47Z","FireMap.live (EFFIS en NASA FIRMS)","https://firemap.live/"
"580473",42.8694,0.0963,"Barèges","Barèges","FR","Frankrijk","Onder controle","Volgens de laatste beschikbare bronupdate stond deze brand onder controle.",2,"#E07154","Ja",33,"33 hectare",1.11,"28 juli 2026","2026-07-28",7,"7 dagen",1,,119,"Laag","4 augustus 2026 om 07:42","2026-08-04T05:42:33.853Z","2026-08-04T05:57:47Z","FireMap.live (EFFIS en NASA FIRMS)","https://firemap.live/"
"584058",41.8237,15.7185,"Cagnano Varano","Cagnano Varano","IT","Italië","Onder controle","Volgens de laatste beschikbare bronupdate stond deze brand onder controle.",2,"#E07154","Ja",41,"41 hectare",1.16,"27 juli 2026","2026-07-27",8,"8 dagen",0,,92,"Zeer hoog","4 augustus 2026 om 07:42","2026-08-04T05:42:33.865Z","2026-08-04T05:57:47Z","FireMap.live (EFFIS en NASA FIRMS)","https://firemap.live/"
"581351",41.3492,19.9445,"Tiranë","Tiranë","AL","Albanië","Onder controle","Volgens de laatste beschikbare bronupdate stond deze brand onder controle.",2,"#E07154","Ja",9,"9 hectare",0.83,"26 juli 2026","2026-07-26",9,"9 dagen",2,,116,"Zeer hoog","4 augustus 2026 om 07:42","2026-08-04T05:42:33.873Z","2026-08-04T05:57:47Z","FireMap.live (EFFIS en NASA FIRMS)","https://firemap.live/"
"586300",53.225,-6.2324,"Glencullen","Glencullen","IE","Ierland","Onder controle","Volgens de laatste beschikbare bronupdate stond deze brand onder controle.",2,"#E07154","Ja",15,"15 hectare",0.94,"25 juli 2026","2026-07-25",10,"10 dagen",2,,62,"Laag","4 augustus 2026 om 07:42","2026-08-04T05:42:33.885Z","2026-08-04T05:57:47Z","FireMap.live (EFFIS en NASA FIRMS)","https://firemap.live/"
"592113",44.8623,-0.8723,"Saint-Médard-en-Jalles","Saint-Médard-en-Jalles","FR","Frankrijk","Onder controle","Volgens de laatste beschikbare bronupdate stond deze brand onder controle.",2,"#E07154","Ja",172,"172 hectare",1.47,"25 juli 2026","2026-07-25",10,"10 dagen",0,,22,"Gemiddeld","4 augustus 2026 om 07:42","2026-08-04T05:42:33.886Z","2026-08-04T05:57:47Z","FireMap.live (EFFIS en NASA FIRMS)","https://firemap.live/"
"575293",36.7853,8.7032,"Bosbrand in Tunesië",,"TN","Tunesië","Onder controle","Volgens de laatste beschikbare bronupdate stond deze brand onder controle.",2,"#E07154","Ja",7,"7 hectare",0.77,"25 juli 2026","2026-07-25",10,"10 dagen",4,,160,"Extreem","4 augustus 2026 om 07:42","2026-08-04T05:42:33.888Z","2026-08-04T05:57:47Z","FireMap.live (EFFIS en NASA FIRMS)","https://firemap.live/"
"575276",41.4964,13.5098,"Pastena","Pastena","IT","Italië","Onder controle","Volgens de laatste beschikbare bronupdate stond deze brand onder controle.",2,"#E07154","Ja",133,"133 hectare",1.41,"24 juli 2026","2026-07-24",10,"10 dagen",0,,160,"Hoog","4 augustus 2026 om 07:42","2026-08-04T05:42:33.892Z","2026-08-04T05:57:47Z","FireMap.live (EFFIS en NASA FIRMS)","https://firemap.live/"
"574961",43.4861,6.0509,"Correns","Correns","FR","Frankrijk","Onder controle","Volgens de laatste beschikbare bronupdate stond deze brand onder controle.",2,"#E07154","Ja",18,"18 hectare",0.98,"24 juli 2026","2026-07-24",10,"10 dagen",0,,166,"Zeer hoog","4 augustus 2026 om 07:42","2026-08-04T05:42:33.893Z","2026-08-04T05:57:47Z","FireMap.live (EFFIS en NASA FIRMS)","https://firemap.live/"
"574960",43.4861,6.0346,"Châteauvert","Châteauvert","FR","Frankrijk","Onder controle","Volgens de laatste beschikbare bronupdate stond deze brand onder controle.",2,"#E07154","Ja",263,"263 hectare",1.56,"24 juli 2026","2026-07-24",10,"10 dagen",0,,166,"Zeer hoog","4 augustus 2026 om 07:42","2026-08-04T05:42:33.894Z","2026-08-04T05:57:47Z","FireMap.live (EFFIS en NASA FIRMS)","https://firemap.live/"
"580512",46.4693,32.0972,"Bosbrand in Oekraïne",,"UA","Oekraïne","Onder controle","Volgens de laatste beschikbare bronupdate stond deze brand onder controle.",2,"#E07154","Ja",31,"31 hectare",1.1,"24 juli 2026","2026-07-24",11,"11 dagen",0,,119,"Gemiddeld","4 augustus 2026 om 07:42","2026-08-04T05:42:33.898Z","2026-08-04T05:57:47Z","FireMap.live (EFFIS en NASA FIRMS)","https://firemap.live/"
"584079",51.6646,-3.4615,"Rhondda Cynon Taf","Rhondda Cynon Taf","UK","Verenigd Koninkrijk","Onder controle","Volgens de laatste beschikbare bronupdate stond deze brand onder controle.",2,"#E07154","Ja",34,"34 hectare",1.12,"24 juli 2026","2026-07-24",11,"11 dagen",0,,89,"Laag","4 augustus 2026 om 07:42","2026-08-04T05:42:33.905Z","2026-08-04T05:57:47Z","FireMap.live (EFFIS en NASA FIRMS)","https://firemap.live/"
"572413",42.0691,19.1672,"Bosbrand in Montenegro",,"ME","Montenegro","Onder controle","Volgens de laatste beschikbare bronupdate stond deze brand onder controle.",2,"#E07154","Ja",267,"267 hectare",1.56,"23 juli 2026","2026-07-23",11,"11 dagen",1,,188,"Gemiddeld","4 augustus 2026 om 07:42","2026-08-04T05:42:33.907Z","2026-08-04T05:57:47Z","FireMap.live (EFFIS en NASA FIRMS)","https://firemap.live/"
"592438",40.3729,-4.2847,"Navas del Rey","Navas del Rey","ES","Spanje","Onder controle","Volgens de laatste beschikbare bronupdate stond deze brand onder controle.",2,"#E07154","Ja",19939,"19.939 hectare",2.5,"23 juli 2026","2026-07-23",12,"12 dagen",0,,20,"Extreem","4 augustus 2026 om 07:42","2026-08-04T05:42:33.909Z","2026-08-04T05:57:47Z","FireMap.live (EFFIS en NASA FIRMS)","https://firemap.live/"
"572441",36.202,3.8625,"Bosbrand in Algerije",,"DZ","Algerije","Onder controle","Volgens de laatste beschikbare bronupdate stond deze brand onder controle.",2,"#E07154","Ja",9,"9 hectare",0.83,"23 juli 2026","2026-07-23",12,"12 dagen",4,,187,"Onbekend","4 augustus 2026 om 07:42","2026-08-04T05:42:33.910Z","2026-08-04T05:57:47Z","FireMap.live (EFFIS en NASA FIRMS)","https://firemap.live/"
"591944",37.5406,13.6744,"Casteltermini","Casteltermini","IT","Italië","Onder controle","Volgens de laatste beschikbare bronupdate stond deze brand onder controle.",2,"#E07154","Ja",3,"3 hectare",0.59,"1 augustus 2026","2026-08-01",3,"3 dagen",0,1,22,"Extreem","4 augustus 2026 om 07:42","2026-08-04T05:42:33.813Z","2026-08-04T05:57:47Z","FireMap.live (EFFIS en NASA FIRMS)","https://firemap.live/"
"592462",38.2867,21.983,"Bosbrand in Griekenland",,"EL","Griekenland","Onder controle","Volgens de laatste beschikbare bronupdate stond deze brand onder controle.",2,"#E07154","Ja",3,"3 hectare",0.59,"1 augustus 2026","2026-08-01",3,"3 dagen",0,2,17,"Extreem","4 augustus 2026 om 07:42","2026-08-04T05:42:33.813Z","2026-08-04T05:57:47Z","FireMap.live (EFFIS en NASA FIRMS)","https://firemap.live/"
"592134",40.8211,14.7287,"Bracigliano","Bracigliano","IT","Italië","Onder controle","Volgens de laatste beschikbare bronupdate stond deze brand onder controle.",2,"#E07154","Ja",4,"4 hectare",0.65,"1 augustus 2026","2026-08-01",3,"3 dagen",0,1,22,"Hoog","4 augustus 2026 om 07:42","2026-08-04T05:42:33.813Z","2026-08-04T05:57:47Z","FireMap.live (EFFIS en NASA FIRMS)","https://firemap.live/"
"592447",36.6665,37.2732,"Kilis","Kilis","TR","Turkije","Onder controle","Volgens de laatste beschikbare bronupdate stond deze brand onder controle.",2,"#E07154","Ja",41,"41 hectare",1.16,"1 augustus 2026","2026-08-01",3,"3 dagen",0,0,19,"Onbekend","4 augustus 2026 om 07:42","2026-08-04T05:42:33.814Z","2026-08-04T05:57:47Z","FireMap.live (EFFIS en NASA FIRMS)","https://firemap.live/"
"592470",41.4615,13.9548,"San Vittore del Lazio","San Vittore del Lazio","IT","Italië","Onder controle","Volgens de laatste beschikbare bronupdate stond deze brand onder controle.",2,"#E07154","Ja",5,"5 hectare",0.7,"1 augustus 2026","2026-08-01",3,"3 dagen",0,0,17,"Hoog","4 augustus 2026 om 07:42","2026-08-04T05:42:33.814Z","2026-08-04T05:57:47Z","FireMap.live (EFFIS en NASA FIRMS)","https://firemap.live/"
"592057",39.2049,16.8743,"Castelsilano","Castelsilano","IT","Italië","Onder controle","Volgens de laatste beschikbare bronupdate stond deze brand onder controle.",2,"#E07154","Ja",22,"22 hectare",1.02,"1 augustus 2026","2026-08-01",3,"3 dagen",0,0,22,"Zeer hoog","4 augustus 2026 om 07:42","2026-08-04T05:42:33.814Z","2026-08-04T05:57:47Z","FireMap.live (EFFIS en NASA FIRMS)","https://firemap.live/"
"592471",41.4584,13.9583,"San Pietro Infine","San Pietro Infine","IT","Italië","Onder controle","Volgens de laatste beschikbare bronupdate stond deze brand onder controle.",2,"#E07154","Ja",10,"10 hectare",0.85,"1 augustus 2026","2026-08-01",3,"3 dagen",0,0,17,"Hoog","4 augustus 2026 om 07:42","2026-08-04T05:42:33.814Z","2026-08-04T05:57:47Z","FireMap.live (EFFIS en NASA FIRMS)","https://firemap.live/"
"592469",39.7526,16.1354,"Lungro","Lungro","IT","Italië","Onder controle","Volgens de laatste beschikbare bronupdate stond deze brand onder controle.",2,"#E07154","Ja",2,"2 hectare",0.5,"1 augustus 2026","2026-08-01",3,"3 dagen",0,0,17,"Hoog","4 augustus 2026 om 07:42","2026-08-04T05:42:33.815Z","2026-08-04T05:57:47Z","FireMap.live (EFFIS en NASA FIRMS)","https://firemap.live/"
"592428",43.8249,16.6825,"Bosbrand in Kroatië",,"HR","Kroatië","Onder controle","Volgens de laatste beschikbare bronupdate stond deze brand onder controle.",2,"#E07154","Ja",4,"4 hectare",0.65,"1 augustus 2026","2026-08-01",3,"3 dagen",0,0,20,"Zeer hoog","4 augustus 2026 om 07:42","2026-08-04T05:42:33.815Z","2026-08-04T05:57:47Z","FireMap.live (EFFIS en NASA FIRMS)","https://firemap.live/"
"591828",39.7882,28.1814,"Bosbrand in Turkije",,"TR","Turkije","Onder controle","Volgens de laatste beschikbare bronupdate stond deze brand onder controle.",2,"#E07154","Ja",46,"46 hectare",1.18,"31 juli 2026","2026-07-31",3,"3 dagen",0,2,23,"Zeer hoog","4 augustus 2026 om 07:42","2026-08-04T05:42:33.815Z","2026-08-04T05:57:47Z","FireMap.live (EFFIS en NASA FIRMS)","https://firemap.live/"
"592476",42.4,-7.8965,"Amoeiro","Amoeiro","ES","Spanje","Onder controle","Volgens de laatste beschikbare bronupdate stond deze brand onder controle.",2,"#E07154","Ja",3,"3 hectare",0.59,"31 juli 2026","2026-07-31",4,"4 dagen",0,1,16,"Hoog","4 augustus 2026 om 07:42","2026-08-04T05:42:33.816Z","2026-08-04T05:57:47Z","FireMap.live (EFFIS en NASA FIRMS)","https://firemap.live/"
"592434",40.4036,-4.384,"San Martín de Valdeiglesias","San Martín de Valdeiglesias","ES","Spanje","Onder controle","Volgens de laatste beschikbare bronupdate stond deze brand onder controle.",2,"#E07154","Ja",35,"35 hectare",1.12,"31 juli 2026","2026-07-31",4,"4 dagen",0,2,20,"Zeer hoog","4 augustus 2026 om 07:42","2026-08-04T05:42:33.816Z","2026-08-04T05:57:47Z","FireMap.live (EFFIS en NASA FIRMS)","https://firemap.live/"
"586297",40.953,15.5971,"Melfi","Melfi","IT","Italië","Onder controle","Volgens de laatste beschikbare bronupdate stond deze brand onder controle.",2,"#E07154","Ja",72,"72 hectare",1.28,"31 juli 2026","2026-07-31",4,"4 dagen",0,3,62,"Extreem","4 augustus 2026 om 07:42","2026-08-04T05:42:33.816Z","2026-08-04T05:57:47Z","FireMap.live (EFFIS en NASA FIRMS)","https://firemap.live/"
"592426",44.084,16.3035,"Bosbrand in Kroatië",,"HR","Kroatië","Onder controle","Volgens de laatste beschikbare bronupdate stond deze brand onder controle.",2,"#E07154","Ja",42,"42 hectare",1.16,"31 juli 2026","2026-07-31",4,"4 dagen",0,1,20,"Zeer hoog","4 augustus 2026 om 07:42","2026-08-04T05:42:33.817Z","2026-08-04T05:57:47Z","FireMap.live (EFFIS en NASA FIRMS)","https://firemap.live/"
"591656",38.0231,23.6279,"Bosbrand in Griekenland",,"EL","Griekenland","Onder controle","Volgens de laatste beschikbare bronupdate stond deze brand onder controle.",2,"#E07154","Ja",78,"78 hectare",1.3,"31 juli 2026","2026-07-31",4,"4 dagen",0,1,23,"Extreem","4 augustus 2026 om 07:42","2026-08-04T05:42:33.817Z","2026-08-04T05:57:47Z","FireMap.live (EFFIS en NASA FIRMS)","https://firemap.live/"
"592114",40.9135,14.915,"Chiusano di San Domenico","Chiusano di San Domenico","IT","Italië","Onder controle","Volgens de laatste beschikbare bronupdate stond deze brand onder controle.",2,"#E07154","Ja",11,"11 hectare",0.87,"31 juli 2026","2026-07-31",4,"4 dagen",0,1,22,"Zeer hoog","4 augustus 2026 om 07:42","2026-08-04T05:42:33.817Z","2026-08-04T05:57:47Z","FireMap.live (EFFIS en NASA FIRMS)","https://firemap.live/"
"592395",40.5637,-7.4669,"Linhares","Linhares","PT","Portugal","Onder controle","Volgens de laatste beschikbare bronupdate stond deze brand onder controle.",2,"#E07154","Ja",2,"2 hectare",0.5,"31 juli 2026","2026-07-31",4,"4 dagen",0,1,21,"Hoog","4 augustus 2026 om 07:42","2026-08-04T05:42:33.817Z","2026-08-04T05:57:47Z","FireMap.live (EFFIS en NASA FIRMS)","https://firemap.live/"
"592472",42.1027,13.0906,"Bosbrand in Italië",,"IT","Italië","Onder controle","Volgens de laatste beschikbare bronupdate stond deze brand onder controle.",2,"#E07154","Ja",4,"4 hectare",0.65,"31 juli 2026","2026-07-31",4,"4 dagen",0,1,16,"Hoog","4 augustus 2026 om 07:42","2026-08-04T05:42:33.818Z","2026-08-04T05:57:47Z","FireMap.live (EFFIS en NASA FIRMS)","https://firemap.live/"
"592430",43.4096,17.5849,"Bosbrand in Bosnië en Herzegovina",,"BA","Bosnië en Herzegovina","Onder controle","Volgens de laatste beschikbare bronupdate stond deze brand onder controle.",2,"#E07154","Ja",10,"10 hectare",0.85,"31 juli 2026","2026-07-31",4,"4 dagen",0,1,20,"Hoog","4 augustus 2026 om 07:42","2026-08-04T05:42:33.819Z","2026-08-04T05:57:47Z","FireMap.live (EFFIS en NASA FIRMS)","https://firemap.live/"
"586291",40.6919,9.4324,"Padru","Padru","IT","Italië","Onder controle","Volgens de laatste beschikbare bronupdate stond deze brand onder controle.",2,"#E07154","Ja",48,"48 hectare",1.19,"31 juli 2026","2026-07-31",4,"4 dagen",0,1,62,"Zeer hoog","4 augustus 2026 om 07:42","2026-08-04T05:42:33.819Z","2026-08-04T05:57:47Z","FireMap.live (EFFIS en NASA FIRMS)","https://firemap.live/"
"591994",37.1264,14.5358,"Caltagirone","Caltagirone","IT","Italië","Onder controle","Volgens de laatste beschikbare bronupdate stond deze brand onder controle.",2,"#E07154","Ja",22,"22 hectare",1.02,"31 juli 2026","2026-07-31",4,"4 dagen",0,1,22,"Zeer hoog","4 augustus 2026 om 07:42","2026-08-04T05:42:33.820Z","2026-08-04T05:57:47Z","FireMap.live (EFFIS en NASA FIRMS)","https://firemap.live/"
"592147",41.8891,16.1506,"Vieste","Vieste","IT","Italië","Onder controle","Volgens de laatste beschikbare bronupdate stond deze brand onder controle.",2,"#E07154","Ja",22,"22 hectare",1.02,"31 juli 2026","2026-07-31",4,"4 dagen",0,1,22,"Hoog","4 augustus 2026 om 07:42","2026-08-04T05:42:33.820Z","2026-08-04T05:57:47Z","FireMap.live (EFFIS en NASA FIRMS)","https://firemap.live/"
"592444",45.0819,22.652,"Bosbrand in Roemenië",,"RO","Roemenië","Onder controle","Volgens de laatste beschikbare bronupdate stond deze brand onder controle.",2,"#E07154","Ja",15,"15 hectare",0.94,"31 juli 2026","2026-07-31",4,"4 dagen",0,1,20,"Gemiddeld","4 augustus 2026 om 07:42","2026-08-04T05:42:33.820Z","2026-08-04T05:57:47Z","FireMap.live (EFFIS en NASA FIRMS)","https://firemap.live/"
"592066",39.8787,15.8914,"Papasidero","Papasidero","IT","Italië","Onder controle","Volgens de laatste beschikbare bronupdate stond deze brand onder controle.",2,"#E07154","Ja",7,"7 hectare",0.77,"31 juli 2026","2026-07-31",4,"4 dagen",0,1,22,"Hoog","4 augustus 2026 om 07:42","2026-08-04T05:42:33.821Z","2026-08-04T05:57:47Z","FireMap.live (EFFIS en NASA FIRMS)","https://firemap.live/"
"592400",35.6043,36.0613,"Bosbrand in Syrië",,"SY","Syrië","Onder controle","Volgens de laatste beschikbare bronupdate stond deze brand onder controle.",2,"#E07154","Ja",2,"2 hectare",0.5,"31 juli 2026","2026-07-31",4,"4 dagen",0,0,21,"Hoog","4 augustus 2026 om 07:42","2026-08-04T05:42:33.821Z","2026-08-04T05:57:47Z","FireMap.live (EFFIS en NASA FIRMS)","https://firemap.live/"
"592403",35.6056,36.0642,"Bosbrand in Syrië",,"SY","Syrië","Onder controle","Volgens de laatste beschikbare bronupdate stond deze brand onder controle.",2,"#E07154","Ja",1,"1 hectare",0.35,"31 juli 2026","2026-07-31",4,"4 dagen",0,0,21,"Hoog","4 augustus 2026 om 07:42","2026-08-04T05:42:33.822Z","2026-08-04T05:57:47Z","FireMap.live (EFFIS en NASA FIRMS)","https://firemap.live/"
"584102",33.1631,35.5021,"Meis El-Jabal","Meis El-Jabal","LB","Libanon","Uitgedoofd","Volgens de laatste beschikbare bronupdate was deze brand uitgedoofd.",3,"#FCD9BE","Nee",148,"148 hectare",1.44,"31 juli 2026","2026-07-31",4,"4 dagen",0,0,87,"Hoog","4 augustus 2026 om 07:42","2026-08-04T05:42:33.822Z","2026-08-04T05:57:47Z","FireMap.live (EFFIS en NASA FIRMS)","https://firemap.live/"
"592461",38.0281,21.6216,"Bosbrand in Griekenland",,"EL","Griekenland","Onder controle","Volgens de laatste beschikbare bronupdate stond deze brand onder controle.",2,"#E07154","Ja",1,"1 hectare",0.35,"31 juli 2026","2026-07-31",4,"4 dagen",0,1,18,"Zeer hoog","4 augustus 2026 om 07:42","2026-08-04T05:42:33.823Z","2026-08-04T05:57:47Z","FireMap.live (EFFIS en NASA FIRMS)","https://firemap.live/"
"584086",38.03,21.6357,"Bosbrand in Griekenland",,"EL","Griekenland","Onder controle","Volgens de laatste beschikbare bronupdate stond deze brand onder controle.",2,"#E07154","Ja",75,"75 hectare",1.29,"31 juli 2026","2026-07-31",4,"4 dagen",0,2,88,"Zeer hoog","4 augustus 2026 om 07:42","2026-08-04T05:42:33.823Z","2026-08-04T05:57:47Z","FireMap.live (EFFIS en NASA FIRMS)","https://firemap.live/"
"586307",44.7306,21.9048,"Bosbrand in Roemenië",,"RO","Roemenië","Onder controle","Volgens de laatste beschikbare bronupdate stond deze brand onder controle.",2,"#E07154","Ja",2,"2 hectare",0.5,"31 juli 2026","2026-07-31",4,"4 dagen",0,1,62,"Hoog","4 augustus 2026 om 07:42","2026-08-04T05:42:33.823Z","2026-08-04T05:57:47Z","FireMap.live (EFFIS en NASA FIRMS)","https://firemap.live/"
"586306",44.7426,21.8985,"Bosbrand in Roemenië",,"RO","Roemenië","Onder controle","Volgens de laatste beschikbare bronupdate stond deze brand onder controle.",2,"#E07154","Ja",2,"2 hectare",0.5,"31 juli 2026","2026-07-31",4,"4 dagen",0,1,62,"Hoog","4 augustus 2026 om 07:42","2026-08-04T05:42:33.823Z","2026-08-04T05:57:47Z","FireMap.live (EFFIS en NASA FIRMS)","https://firemap.live/"
"592465",37.1283,14.1285,"Butera","Butera","IT","Italië","Onder controle","Volgens de laatste beschikbare bronupdate stond deze brand onder controle.",2,"#E07154","Ja",15,"15 hectare",0.94,"31 juli 2026","2026-07-31",4,"4 dagen",0,1,17,"Hoog","4 augustus 2026 om 07:42","2026-08-04T05:42:33.824Z","2026-08-04T05:57:47Z","FireMap.live (EFFIS en NASA FIRMS)","https://firemap.live/"
"592391",35.6996,36.2563,"Bosbrand in Syrië",,"SY","Syrië","Onder controle","Volgens de laatste beschikbare bronupdate stond deze brand onder controle.",2,"#E07154","Ja",45,"45 hectare",1.18,"31 juli 2026","2026-07-31",4,"4 dagen",0,0,21,"Hoog","4 augustus 2026 om 07:42","2026-08-04T05:42:33.824Z","2026-08-04T05:57:47Z","FireMap.live (EFFIS en NASA FIRMS)","https://firemap.live/"
"584089",38.6953,21.0402,"Bosbrand in Griekenland",,"EL","Griekenland","Onder controle","Volgens de laatste beschikbare bronupdate stond deze brand onder controle.",2,"#E07154","Ja",9,"9 hectare",0.83,"31 juli 2026","2026-07-31",4,"4 dagen",0,1,88,"Hoog","4 augustus 2026 om 07:42","2026-08-04T05:42:33.824Z","2026-08-04T05:57:47Z","FireMap.live (EFFIS en NASA FIRMS)","https://firemap.live/"
"592155",41.7913,15.7627,"Cagnano Varano","Cagnano Varano","IT","Italië","Onder controle","Volgens de laatste beschikbare bronupdate stond deze brand onder controle.",2,"#E07154","Ja",25,"25 hectare",1.05,"31 juli 2026","2026-07-31",4,"4 dagen",0,2,22,"Zeer hoog","4 augustus 2026 om 07:42","2026-08-04T05:42:33.824Z","2026-08-04T05:57:47Z","FireMap.live (EFFIS en NASA FIRMS)","https://firemap.live/"
"592364",46.4248,13.6162,"Bosbrand in Slovenië",,"SI","Slovenië","Onder controle","Volgens de laatste beschikbare bronupdate stond deze brand onder controle.",2,"#E07154","Ja",8,"8 hectare",0.8,"31 juli 2026","2026-07-31",4,"4 dagen",0,2,22,"Gemiddeld","4 augustus 2026 om 07:42","2026-08-04T05:42:33.825Z","2026-08-04T05:57:47Z","FireMap.live (EFFIS en NASA FIRMS)","https://firemap.live/"
"592401",42.7174,-5.4063,"Santa Colomba de Curueño","Santa Colomba de Curueño","ES","Spanje","Onder controle","Volgens de laatste beschikbare bronupdate stond deze brand onder controle.",2,"#E07154","Ja",2,"2 hectare",0.5,"31 juli 2026","2026-07-31",4,"4 dagen",0,0,21,"Hoog","4 augustus 2026 om 07:42","2026-08-04T05:42:33.825Z","2026-08-04T05:57:47Z","FireMap.live (EFFIS en NASA FIRMS)","https://firemap.live/"
"583369",36.96,27.0254,"Bosbrand in Griekenland",,"EL","Griekenland","Onder controle","Volgens de laatste beschikbare bronupdate stond deze brand onder controle.",2,"#E07154","Ja",154,"154 hectare",1.44,"30 juli 2026","2026-07-30",5,"5 dagen",0,1,95,"Hoog","4 augustus 2026 om 07:42","2026-08-04T05:42:33.825Z","2026-08-04T05:57:47Z","FireMap.live (EFFIS en NASA FIRMS)","https://firemap.live/"
"592431",42.702,-6.7218,"Vega de Espinareda","Vega de Espinareda","ES","Spanje","Onder controle","Volgens de laatste beschikbare bronupdate stond deze brand onder controle.",2,"#E07154","Ja",2,"2 hectare",0.5,"30 juli 2026","2026-07-30",5,"5 dagen",0,2,20,"Hoog","4 augustus 2026 om 07:42","2026-08-04T05:42:33.825Z","2026-08-04T05:57:47Z","FireMap.live (EFFIS en NASA FIRMS)","https://firemap.live/"
"592063",39.7562,16.1178,"Lungro","Lungro","IT","Italië","Onder controle","Volgens de laatste beschikbare bronupdate stond deze brand onder controle.",2,"#E07154","Ja",21,"21 hectare",1.01,"30 juli 2026","2026-07-30",5,"5 dagen",0,2,22,"Hoog","4 augustus 2026 om 07:42","2026-08-04T05:42:33.826Z","2026-08-04T05:57:47Z","FireMap.live (EFFIS en NASA FIRMS)","https://firemap.live/"
"592477",42.6933,-6.9911,"Vega de Valcarce","Vega de Valcarce","ES","Spanje","Onder controle","Volgens de laatste beschikbare bronupdate stond deze brand onder controle.",2,"#E07154","Ja",13,"13 hectare",0.91,"30 juli 2026","2026-07-30",5,"5 dagen",0,2,16,"Gemiddeld","4 augustus 2026 om 07:42","2026-08-04T05:42:33.826Z","2026-08-04T05:57:47Z","FireMap.live (EFFIS en NASA FIRMS)","https://firemap.live/"
"592419",45.5934,1.0613,"Bussière-Galant","Bussière-Galant","FR","Frankrijk","Onder controle","Volgens de laatste beschikbare bronupdate stond deze brand onder controle.",2,"#E07154","Ja",21,"21 hectare",1.01,"30 juli 2026","2026-07-30",5,"5 dagen",0,1,20,"Laag","4 augustus 2026 om 07:42","2026-08-04T05:42:33.826Z","2026-08-04T05:57:47Z","FireMap.live (EFFIS en NASA FIRMS)","https://firemap.live/"
"592362",46.0607,9.4758,"Premana","Premana","IT","Italië","Onder controle","Volgens de laatste beschikbare bronupdate stond deze brand onder controle.",2,"#E07154","Ja",12,"12 hectare",0.89,"30 juli 2026","2026-07-30",5,"5 dagen",0,2,22,"Laag","4 augustus 2026 om 07:42","2026-08-04T05:42:33.826Z","2026-08-04T05:57:47Z","FireMap.live (EFFIS en NASA FIRMS)","https://firemap.live/"
"592039",38.4348,16.1537,"Giffone","Giffone","IT","Italië","Onder controle","Volgens de laatste beschikbare bronupdate stond deze brand onder controle.",2,"#E07154","Ja",2,"2 hectare",0.5,"30 juli 2026","2026-07-30",5,"5 dagen",0,1,22,"Hoog","4 augustus 2026 om 07:42","2026-08-04T05:42:33.827Z","2026-08-04T05:57:47Z","FireMap.live (EFFIS en NASA FIRMS)","https://firemap.live/"
"592422",45.1024,1.187,"Farges","Farges","FR","Frankrijk","Onder controle","Volgens de laatste beschikbare bronupdate stond deze brand onder controle.",2,"#E07154","Ja",2,"2 hectare",0.5,"30 juli 2026","2026-07-30",5,"5 dagen",0,1,20,"Laag","4 augustus 2026 om 07:42","2026-08-04T05:42:33.827Z","2026-08-04T05:57:47Z","FireMap.live (EFFIS en NASA FIRMS)","https://firemap.live/"
"592460",37.8045,24.8321,"Bosbrand in Griekenland",,"EL","Griekenland","Onder controle","Volgens de laatste beschikbare bronupdate stond deze brand onder controle.",2,"#E07154","Ja",154,"154 hectare",1.44,"30 juli 2026","2026-07-30",5,"5 dagen",0,3,18,"Hoog","4 augustus 2026 om 07:42","2026-08-04T05:42:33.827Z","2026-08-04T05:57:47Z","FireMap.live (EFFIS en NASA FIRMS)","https://firemap.live/"
"592473",42.161,12.5086,"Morlupo","Morlupo","IT","Italië","Onder controle","Volgens de laatste beschikbare bronupdate stond deze brand onder controle.",2,"#E07154","Ja",41,"41 hectare",1.16,"30 juli 2026","2026-07-30",5,"5 dagen",0,2,16,"Zeer hoog","4 augustus 2026 om 07:42","2026-08-04T05:42:33.827Z","2026-08-04T05:57:47Z","FireMap.live (EFFIS en NASA FIRMS)","https://firemap.live/"
"584083",37.973,15.7129,"Montebello Jonico","Montebello Jonico","IT","Italië","Onder controle","Volgens de laatste beschikbare bronupdate stond deze brand onder controle.",2,"#E07154","Ja",68,"68 hectare",1.27,"30 juli 2026","2026-07-30",5,"5 dagen",0,2,88,"Hoog","4 augustus 2026 om 07:42","2026-08-04T05:42:33.828Z","2026-08-04T05:57:47Z","FireMap.live (EFFIS en NASA FIRMS)","https://firemap.live/"
"592468",38.7909,16.3728,"Cortale","Cortale","IT","Italië","Onder controle","Volgens de laatste beschikbare bronupdate stond deze brand onder controle.",2,"#E07154","Ja",13,"13 hectare",0.91,"30 juli 2026","2026-07-30",5,"5 dagen",0,2,17,"Hoog","4 augustus 2026 om 07:42","2026-08-04T05:42:33.828Z","2026-08-04T05:57:47Z","FireMap.live (EFFIS en NASA FIRMS)","https://firemap.live/"
"584043",37.9812,15.7173,"Motta San Giovanni","Motta San Giovanni","IT","Italië","Onder controle","Volgens de laatste beschikbare bronupdate stond deze brand onder controle.",2,"#E07154","Ja",39,"39 hectare",1.15,"30 juli 2026","2026-07-30",5,"5 dagen",0,2,92,"Hoog","4 augustus 2026 om 07:42","2026-08-04T05:42:33.828Z","2026-08-04T05:57:47Z","FireMap.live (EFFIS en NASA FIRMS)","https://firemap.live/"
"592040",38.5693,16.1161,"Dinami","Dinami","IT","Italië","Onder controle","Volgens de laatste beschikbare bronupdate stond deze brand onder controle.",2,"#E07154","Ja",10,"10 hectare",0.85,"30 juli 2026","2026-07-30",5,"5 dagen",0,2,22,"Hoog","4 augustus 2026 om 07:42","2026-08-04T05:42:33.828Z","2026-08-04T05:57:47Z","FireMap.live (EFFIS en NASA FIRMS)","https://firemap.live/"
"592410",59.7443,16.1655,"Surahammar","Surahammar","SE","Zweden","Onder controle","Volgens de laatste beschikbare bronupdate stond deze brand onder controle.",2,"#E07154","Ja",0,"0 hectare",0.1,"30 juli 2026","2026-07-30",5,"5 dagen",0,1,20,"Hoog","4 augustus 2026 om 07:42","2026-08-04T05:42:33.829Z","2026-08-04T05:57:47Z","FireMap.live (EFFIS en NASA FIRMS)","https://firemap.live/"
"592409",59.7459,16.1661,"Surahammar","Surahammar","SE","Zweden","Onder controle","Volgens de laatste beschikbare bronupdate stond deze brand onder controle.",2,"#E07154","Ja",1,"1 hectare",0.35,"30 juli 2026","2026-07-30",5,"5 dagen",0,1,20,"Hoog","4 augustus 2026 om 07:42","2026-08-04T05:42:33.829Z","2026-08-04T05:57:47Z","FireMap.live (EFFIS en NASA FIRMS)","https://firemap.live/"
"586301",52.0691,13.0618,"Jüterbog, Stadt","Jüterbog, Stadt","DE","Duitsland","Onder controle","Volgens de laatste beschikbare bronupdate stond deze brand onder controle.",2,"#E07154","Ja",68,"68 hectare",1.27,"30 juli 2026","2026-07-30",5,"5 dagen",0,3,62,"Laag","4 augustus 2026 om 07:42","2026-08-04T05:42:33.829Z","2026-08-04T05:57:47Z","FireMap.live (EFFIS en NASA FIRMS)","https://firemap.live/"
"584044",38.6361,15.8779,"Ricadi","Ricadi","IT","Italië","Onder controle","Volgens de laatste beschikbare bronupdate stond deze brand onder controle.",2,"#E07154","Ja",12,"12 hectare",0.89,"30 juli 2026","2026-07-30",5,"5 dagen",0,1,92,"Gemiddeld","4 augustus 2026 om 07:42","2026-08-04T05:42:33.829Z","2026-08-04T05:57:47Z","FireMap.live (EFFIS en NASA FIRMS)","https://firemap.live/"
"592036",38.2052,16.225,"Portigliola","Portigliola","IT","Italië","Onder controle","Volgens de laatste beschikbare bronupdate stond deze brand onder controle.",2,"#E07154","Ja",4,"4 hectare",0.65,"30 juli 2026","2026-07-30",5,"5 dagen",0,1,22,"Hoog","4 augustus 2026 om 07:42","2026-08-04T05:42:33.830Z","2026-08-04T05:57:47Z","FireMap.live (EFFIS en NASA FIRMS)","https://firemap.live/"
"592210",41.503,13.9147,"Cervaro","Cervaro","IT","Italië","Onder controle","Volgens de laatste beschikbare bronupdate stond deze brand onder controle.",2,"#E07154","Ja",0,"0 hectare",0.1,"30 juli 2026","2026-07-30",5,"5 dagen",0,1,22,"Hoog","4 augustus 2026 om 07:42","2026-08-04T05:42:33.830Z","2026-08-04T05:57:47Z","FireMap.live (EFFIS en NASA FIRMS)","https://firemap.live/"
"592037",38.2066,16.2212,"Portigliola","Portigliola","IT","Italië","Onder controle","Volgens de laatste beschikbare bronupdate stond deze brand onder controle.",2,"#E07154","Ja",2,"2 hectare",0.5,"30 juli 2026","2026-07-30",5,"5 dagen",0,1,22,"Hoog","4 augustus 2026 om 07:42","2026-08-04T05:42:33.830Z","2026-08-04T05:57:47Z","FireMap.live (EFFIS en NASA FIRMS)","https://firemap.live/"
"584061",41.5044,13.915,"Cervaro","Cervaro","IT","Italië","Onder controle","Volgens de laatste beschikbare bronupdate stond deze brand onder controle.",2,"#E07154","Ja",47,"47 hectare",1.19,"30 juli 2026","2026-07-30",5,"5 dagen",0,1,92,"Hoog","4 augustus 2026 om 07:42","2026-08-04T05:42:33.830Z","2026-08-04T05:57:47Z","FireMap.live (EFFIS en NASA FIRMS)","https://firemap.live/"
"581411",39.2906,28.0219,"Bosbrand in Turkije",,"TR","Turkije","Onder controle","Volgens de laatste beschikbare bronupdate stond deze brand onder controle.",2,"#E07154","Ja",7,"7 hectare",0.77,"30 juli 2026","2026-07-30",5,"5 dagen",0,1,110,"Zeer hoog","4 augustus 2026 om 07:42","2026-08-04T05:42:33.831Z","2026-08-04T05:57:47Z","FireMap.live (EFFIS en NASA FIRMS)","https://firemap.live/"
"581414",39.2537,32.3189,"Ankara","Ankara","TR","Turkije","Onder controle","Volgens de laatste beschikbare bronupdate stond deze brand onder controle.",2,"#E07154","Ja",135,"135 hectare",1.42,"30 juli 2026","2026-07-30",5,"5 dagen",0,1,110,"Hoog","4 augustus 2026 om 07:42","2026-08-04T05:42:33.831Z","2026-08-04T05:57:47Z","FireMap.live (EFFIS en NASA FIRMS)","https://firemap.live/"
"592451",33.1349,35.5027,"Blida","Blida","LB","Libanon","Onder controle","Volgens de laatste beschikbare bronupdate stond deze brand onder controle.",2,"#E07154","Ja",11,"11 hectare",0.87,"30 juli 2026","2026-07-30",5,"5 dagen",0,0,19,"Hoog","4 augustus 2026 om 07:42","2026-08-04T05:42:33.831Z","2026-08-04T05:57:47Z","FireMap.live (EFFIS en NASA FIRMS)","https://firemap.live/"
"592458",32.8243,35.2512,"Bosbrand in Israël",,"IL","Israël","Onder controle","Volgens de laatste beschikbare bronupdate stond deze brand onder controle.",2,"#E07154","Ja",2,"2 hectare",0.5,"30 juli 2026","2026-07-30",5,"5 dagen",0,0,19,"Zeer hoog","4 augustus 2026 om 07:42","2026-08-04T05:42:33.831Z","2026-08-04T05:57:47Z","FireMap.live (EFFIS en NASA FIRMS)","https://firemap.live/"
"592414",44.9667,-0.6969,"Pian-Médoc","Pian-Médoc","FR","Frankrijk","Onder controle","Volgens de laatste beschikbare bronupdate stond deze brand onder controle.",2,"#E07154","Ja",2,"2 hectare",0.5,"30 juli 2026","2026-07-30",5,"5 dagen",0,1,20,"Laag","4 augustus 2026 om 07:42","2026-08-04T05:42:33.832Z","2026-08-04T05:57:47Z","FireMap.live (EFFIS en NASA FIRMS)","https://firemap.live/"
"592398",37.0007,-3.5183,"Nigüelas","Nigüelas","ES","Spanje","Onder controle","Volgens de laatste beschikbare bronupdate stond deze brand onder controle.",2,"#E07154","Ja",1,"1 hectare",0.35,"30 juli 2026","2026-07-30",5,"5 dagen",0,1,21,"Extreem","4 augustus 2026 om 07:42","2026-08-04T05:42:33.832Z","2026-08-04T05:57:47Z","FireMap.live (EFFIS en NASA FIRMS)","https://firemap.live/"
"583722",40.6279,0.1867,"Rossell","Rossell","ES","Spanje","Onder controle","Volgens de laatste beschikbare bronupdate stond deze brand onder controle.",2,"#E07154","Ja",3,"3 hectare",0.59,"30 juli 2026","2026-07-30",5,"5 dagen",0,1,94,"Laag","4 augustus 2026 om 07:42","2026-08-04T05:42:33.832Z","2026-08-04T05:57:47Z","FireMap.live (EFFIS en NASA FIRMS)","https://firemap.live/"
"592478",42.6646,-6.517,"Toreno","Toreno","ES","Spanje","Onder controle","Volgens de laatste beschikbare bronupdate stond deze brand onder controle.",2,"#E07154","Ja",60,"60 hectare",1.24,"30 juli 2026","2026-07-30",5,"5 dagen",0,2,16,"Hoog","4 augustus 2026 om 07:42","2026-08-04T05:42:33.833Z","2026-08-04T05:57:47Z","FireMap.live (EFFIS en NASA FIRMS)","https://firemap.live/"
"581412",36.7357,29.1982,"Bosbrand in Turkije",,"TR","Turkije","Onder controle","Volgens de laatste beschikbare bronupdate stond deze brand onder controle.",2,"#E07154","Ja",250,"250 hectare",1.55,"30 juli 2026","2026-07-30",5,"5 dagen",0,2,110,"Zeer hoog","4 augustus 2026 om 07:42","2026-08-04T05:42:33.833Z","2026-08-04T05:57:47Z","FireMap.live (EFFIS en NASA FIRMS)","https://firemap.live/"
"580253",38.9209,26.8591,"Bosbrand in Turkije",,"TR","Turkije","Onder controle","Volgens de laatste beschikbare bronupdate stond deze brand onder controle.",2,"#E07154","Ja",52,"52 hectare",1.21,"30 juli 2026","2026-07-30",5,"5 dagen",0,1,119,"Hoog","4 augustus 2026 om 07:42","2026-08-04T05:42:33.833Z","2026-08-04T05:57:47Z","FireMap.live (EFFIS en NASA FIRMS)","https://firemap.live/"
"592449",36.9397,37.3503,"Gaziantep","Gaziantep","TR","Turkije","Onder controle","Volgens de laatste beschikbare bronupdate stond deze brand onder controle.",2,"#E07154","Ja",14,"14 hectare",0.92,"30 juli 2026","2026-07-30",5,"5 dagen",0,0,19,"Extreem","4 augustus 2026 om 07:42","2026-08-04T05:42:33.834Z","2026-08-04T05:57:47Z","FireMap.live (EFFIS en NASA FIRMS)","https://firemap.live/"
"581092",52.2581,1.6164,"Suffolk Coastal","Suffolk Coastal","UK","Verenigd Koninkrijk","Onder controle","Volgens de laatste beschikbare bronupdate stond deze brand onder controle.",2,"#E07154","Ja",150,"150 hectare",1.44,"29 juli 2026","2026-07-29",5,"5 dagen",0,2,117,"Hoog","4 augustus 2026 om 07:42","2026-08-04T05:42:33.834Z","2026-08-04T05:57:47Z","FireMap.live (EFFIS en NASA FIRMS)","https://firemap.live/"
"592377",43.3993,6.0911,"Brignoles","Brignoles","FR","Frankrijk","Onder controle","Volgens de laatste beschikbare bronupdate stond deze brand onder controle.",2,"#E07154","Ja",1,"1 hectare",0.35,"29 juli 2026","2026-07-29",5,"5 dagen",0,1,21,"Hoog","4 augustus 2026 om 07:42","2026-08-04T05:42:33.834Z","2026-08-04T05:57:47Z","FireMap.live (EFFIS en NASA FIRMS)","https://firemap.live/"
"592445",45.2029,28.9195,"Maliuc","Maliuc","RO","Roemenië","Onder controle","Volgens de laatste beschikbare bronupdate stond deze brand onder controle.",2,"#E07154","Ja",34,"34 hectare",1.12,"29 juli 2026","2026-07-29",6,"6 dagen",0,1,20,"Hoog","4 augustus 2026 om 07:42","2026-08-04T05:42:33.834Z","2026-08-04T05:57:47Z","FireMap.live (EFFIS en NASA FIRMS)","https://firemap.live/"
"581408",40.1145,26.4509,"Çanakkale","Çanakkale","TR","Turkije","Onder controle","Volgens de laatste beschikbare bronupdate stond deze brand onder controle.",2,"#E07154","Ja",7,"7 hectare",0.77,"29 juli 2026","2026-07-29",6,"6 dagen",0,1,110,"Extreem","4 augustus 2026 om 07:42","2026-08-04T05:42:33.835Z","2026-08-04T05:57:47Z","FireMap.live (EFFIS en NASA FIRMS)","https://firemap.live/"
"581409",40.1086,26.4546,"Çanakkale","Çanakkale","TR","Turkije","Onder controle","Volgens de laatste beschikbare bronupdate stond deze brand onder controle.",2,"#E07154","Ja",22,"22 hectare",1.02,"29 juli 2026","2026-07-29",6,"6 dagen",0,1,110,"Extreem","4 augustus 2026 om 07:42","2026-08-04T05:42:33.836Z","2026-08-04T05:57:47Z","FireMap.live (EFFIS en NASA FIRMS)","https://firemap.live/"
"580489",43.3935,6.0887,"Brignoles","Brignoles","FR","Frankrijk","Onder controle","Volgens de laatste beschikbare bronupdate stond deze brand onder controle.",2,"#E07154","Ja",71,"71 hectare",1.28,"29 juli 2026","2026-07-29",6,"6 dagen",0,2,119,"Hoog","4 augustus 2026 om 07:42","2026-08-04T05:42:33.836Z","2026-08-04T05:57:47Z","FireMap.live (EFFIS en NASA FIRMS)","https://firemap.live/"
"584067",45.535,1.0602,"Jumilhac-le-Grand","Jumilhac-le-Grand","FR","Frankrijk","Onder controle","Volgens de laatste beschikbare bronupdate stond deze brand onder controle.",2,"#E07154","Ja",23,"23 hectare",1.03,"29 juli 2026","2026-07-29",6,"6 dagen",0,2,91,"Laag","4 augustus 2026 om 07:42","2026-08-04T05:42:33.836Z","2026-08-04T05:57:47Z","FireMap.live (EFFIS en NASA FIRMS)","https://firemap.live/"
"584080",47.2702,4.9637,"Bosbrand in Frankrijk",,"FR","Frankrijk","Onder controle","Volgens de laatste beschikbare bronupdate stond deze brand onder controle.",2,"#E07154","Ja",34,"34 hectare",1.12,"29 juli 2026","2026-07-29",6,"6 dagen",0,2,89,"Hoog","4 augustus 2026 om 07:42","2026-08-04T05:42:33.837Z","2026-08-04T05:57:47Z","FireMap.live (EFFIS en NASA FIRMS)","https://firemap.live/"
"592479",42.7279,-6.6453,"Vega de Espinareda","Vega de Espinareda","ES","Spanje","Onder controle","Volgens de laatste beschikbare bronupdate stond deze brand onder controle.",2,"#E07154","Ja",1,"1 hectare",0.35,"29 juli 2026","2026-07-29",6,"6 dagen",0,1,16,"Hoog","4 augustus 2026 om 07:42","2026-08-04T05:42:33.837Z","2026-08-04T05:57:47Z","FireMap.live (EFFIS en NASA FIRMS)","https://firemap.live/"
"581392",41.0262,-8.0276,"Ferreiros de Tendais","Ferreiros de Tendais","PT","Portugal","Onder controle","Volgens de laatste beschikbare bronupdate stond deze brand onder controle.",2,"#E07154","Ja",2,"2 hectare",0.5,"29 juli 2026","2026-07-29",6,"6 dagen",0,1,112,"Laag","4 augustus 2026 om 07:42","2026-08-04T05:42:33.837Z","2026-08-04T05:57:47Z","FireMap.live (EFFIS en NASA FIRMS)","https://firemap.live/"
"592365",43.3779,6.5125,"Vidauban","Vidauban","FR","Frankrijk","Onder controle","Volgens de laatste beschikbare bronupdate stond deze brand onder controle.",2,"#E07154","Ja",1,"1 hectare",0.35,"29 juli 2026","2026-07-29",6,"6 dagen",0,1,22,"Hoog","4 augustus 2026 om 07:42","2026-08-04T05:42:33.838Z","2026-08-04T05:57:47Z","FireMap.live (EFFIS en NASA FIRMS)","https://firemap.live/"
"592174",41.3138,13.6158,"Formia","Formia","IT","Italië","Onder controle","Volgens de laatste beschikbare bronupdate stond deze brand onder controle.",2,"#E07154","Ja",1,"1 hectare",0.35,"29 juli 2026","2026-07-29",6,"6 dagen",0,1,22,"Gemiddeld","4 augustus 2026 om 07:42","2026-08-04T05:42:33.838Z","2026-08-04T05:57:47Z","FireMap.live (EFFIS en NASA FIRMS)","https://firemap.live/"
"581390",41.1672,-8.2044,"Abragão","Abragão","PT","Portugal","Onder controle","Volgens de laatste beschikbare bronupdate stond deze brand onder controle.",2,"#E07154","Ja",118,"118 hectare",1.39,"29 juli 2026","2026-07-29",6,"6 dagen",0,2,112,"Gemiddeld","4 augustus 2026 om 07:42","2026-08-04T05:42:33.838Z","2026-08-04T05:57:47Z","FireMap.live (EFFIS en NASA FIRMS)","https://firemap.live/"
"592388",43.3003,-7.9248,"Guitiriz","Guitiriz","ES","Spanje","Onder controle","Volgens de laatste beschikbare bronupdate stond deze brand onder controle.",2,"#E07154","Ja",36,"36 hectare",1.13,"29 juli 2026","2026-07-29",6,"6 dagen",0,1,21,"Laag","4 augustus 2026 om 07:42","2026-08-04T05:42:33.838Z","2026-08-04T05:57:47Z","FireMap.live (EFFIS en NASA FIRMS)","https://firemap.live/"
"581398",43.5845,-7.6399,"Ourol","Ourol","ES","Spanje","Onder controle","Volgens de laatste beschikbare bronupdate stond deze brand onder controle.",2,"#E07154","Ja",68,"68 hectare",1.27,"29 juli 2026","2026-07-29",6,"6 dagen",0,1,111,"Laag","4 augustus 2026 om 07:42","2026-08-04T05:42:33.839Z","2026-08-04T05:57:47Z","FireMap.live (EFFIS en NASA FIRMS)","https://firemap.live/"
"592474",41.5005,13.5248,"Falvaterra","Falvaterra","IT","Italië","Onder controle","Volgens de laatste beschikbare bronupdate stond deze brand onder controle.",2,"#E07154","Ja",14,"14 hectare",0.92,"29 juli 2026","2026-07-29",6,"6 dagen",0,1,16,"Hoog","4 augustus 2026 om 07:42","2026-08-04T05:42:33.839Z","2026-08-04T05:57:47Z","FireMap.live (EFFIS en NASA FIRMS)","https://firemap.live/"
"583386",41.254,1.4293,"Montferri","Montferri","ES","Spanje","Onder controle","Volgens de laatste beschikbare bronupdate stond deze brand onder controle.",2,"#E07154","Ja",14,"14 hectare",0.92,"29 juli 2026","2026-07-29",6,"6 dagen",0,1,95,"Laag","4 augustus 2026 om 07:42","2026-08-04T05:42:33.839Z","2026-08-04T05:57:47Z","FireMap.live (EFFIS en NASA FIRMS)","https://firemap.live/"
"581406",40.1086,19.9111,"Himarë","Himarë","AL","Albanië","Onder controle","Volgens de laatste beschikbare bronupdate stond deze brand onder controle.",2,"#E07154","Ja",52,"52 hectare",1.21,"29 juli 2026","2026-07-29",6,"6 dagen",0,2,110,"Hoog","4 augustus 2026 om 07:42","2026-08-04T05:42:33.840Z","2026-08-04T05:57:47Z","FireMap.live (EFFIS en NASA FIRMS)","https://firemap.live/"
"584084",36.6961,22.5239,"Bosbrand in Griekenland",,"EL","Griekenland","Onder controle","Volgens de laatste beschikbare bronupdate stond deze brand onder controle.",2,"#E07154","Ja",8,"8 hectare",0.8,"29 juli 2026","2026-07-29",6,"6 dagen",0,1,88,"Hoog","4 augustus 2026 om 07:42","2026-08-04T05:42:33.840Z","2026-08-04T05:57:47Z","FireMap.live (EFFIS en NASA FIRMS)","https://firemap.live/"
"577312",35.6658,6.1291,"Bosbrand in Algerije",,"DZ","Algerije","Onder controle","Volgens de laatste beschikbare bronupdate stond deze brand onder controle.",2,"#E07154","Ja",18,"18 hectare",0.98,"29 juli 2026","2026-07-29",6,"6 dagen",0,2,134,"Onbekend","4 augustus 2026 om 07:42","2026-08-04T05:42:33.840Z","2026-08-04T05:57:47Z","FireMap.live (EFFIS en NASA FIRMS)","https://firemap.live/"
"592412",61.2189,13.3896,"Malung-Sälen","Malung-Sälen","SE","Zweden","Onder controle","Volgens de laatste beschikbare bronupdate stond deze brand onder controle.",2,"#E07154","Ja",3,"3 hectare",0.59,"29 juli 2026","2026-07-29",6,"6 dagen",0,1,20,"Gemiddeld","4 augustus 2026 om 07:42","2026-08-04T05:42:33.841Z","2026-08-04T05:57:47Z","FireMap.live (EFFIS en NASA FIRMS)","https://firemap.live/"
"592413",61.2133,13.3908,"Malung-Sälen","Malung-Sälen","SE","Zweden","Onder controle","Volgens de laatste beschikbare bronupdate stond deze brand onder controle.",2,"#E07154","Ja",10,"10 hectare",0.85,"29 juli 2026","2026-07-29",6,"6 dagen",0,1,20,"Gemiddeld","4 augustus 2026 om 07:42","2026-08-04T05:42:33.841Z","2026-08-04T05:57:47Z","FireMap.live (EFFIS en NASA FIRMS)","https://firemap.live/"
"584060",41.2913,13.6691,"Formia","Formia","IT","Italië","Onder controle","Volgens de laatste beschikbare bronupdate stond deze brand onder controle.",2,"#E07154","Ja",14,"14 hectare",0.92,"29 juli 2026","2026-07-29",6,"6 dagen",0,1,92,"Hoog","4 augustus 2026 om 07:42","2026-08-04T05:42:33.841Z","2026-08-04T05:57:47Z","FireMap.live (EFFIS en NASA FIRMS)","https://firemap.live/"
"584063",42.2907,9.0981,"Corte","Corte","FR","Frankrijk","Onder controle","Volgens de laatste beschikbare bronupdate stond deze brand onder controle.",2,"#E07154","Ja",1,"1 hectare",0.35,"29 juli 2026","2026-07-29",6,"6 dagen",0,1,92,"Gemiddeld","4 augustus 2026 om 07:42","2026-08-04T05:42:33.841Z","2026-08-04T05:57:47Z","FireMap.live (EFFIS en NASA FIRMS)","https://firemap.live/"
"592440",43.5466,23.3596,"Bosbrand in Bulgarije",,"BG","Bulgarije","Onder controle","Volgens de laatste beschikbare bronupdate stond deze brand onder controle.",2,"#E07154","Ja",4,"4 hectare",0.65,"29 juli 2026","2026-07-29",6,"6 dagen",0,0,20,"Hoog","4 augustus 2026 om 07:42","2026-08-04T05:42:33.842Z","2026-08-04T05:57:47Z","FireMap.live (EFFIS en NASA FIRMS)","https://firemap.live/"
"592463",44.62,22.973,"Bosbrand in Roemenië",,"RO","Roemenië","Onder controle","Volgens de laatste beschikbare bronupdate stond deze brand onder controle.",2,"#E07154","Ja",113,"113 hectare",1.38,"29 juli 2026","2026-07-29",6,"6 dagen",0,2,17,"Hoog","4 augustus 2026 om 07:42","2026-08-04T05:42:33.842Z","2026-08-04T05:57:47Z","FireMap.live (EFFIS en NASA FIRMS)","https://firemap.live/"
"583379",37.8453,14.911,"Randazzo","Randazzo","IT","Italië","Onder controle","Volgens de laatste beschikbare bronupdate stond deze brand onder controle.",2,"#E07154","Ja",18,"18 hectare",0.98,"29 juli 2026","2026-07-29",6,"6 dagen",0,1,95,"Zeer hoog","4 augustus 2026 om 07:42","2026-08-04T05:42:33.842Z","2026-08-04T05:57:47Z","FireMap.live (EFFIS en NASA FIRMS)","https://firemap.live/"
"583377",37.3121,14.3367,"Piazza Armerina","Piazza Armerina","IT","Italië","Onder controle","Volgens de laatste beschikbare bronupdate stond deze brand onder controle.",2,"#E07154","Ja",12,"12 hectare",0.89,"29 juli 2026","2026-07-29",6,"6 dagen",0,1,95,"Zeer hoog","4 augustus 2026 om 07:42","2026-08-04T05:42:33.842Z","2026-08-04T05:57:47Z","FireMap.live (EFFIS en NASA FIRMS)","https://firemap.live/"
"584091",41.2961,22.0926,"Bosbrand in Noord-Macedonië",,"MK","Noord-Macedonië","Onder controle","Volgens de laatste beschikbare bronupdate stond deze brand onder controle.",2,"#E07154","Ja",13,"13 hectare",0.91,"29 juli 2026","2026-07-29",6,"6 dagen",0,1,88,"Zeer hoog","4 augustus 2026 om 07:42","2026-08-04T05:42:33.843Z","2026-08-04T05:57:47Z","FireMap.live (EFFIS en NASA FIRMS)","https://firemap.live/"
"583378",37.3099,14.3394,"Piazza Armerina","Piazza Armerina","IT","Italië","Onder controle","Volgens de laatste beschikbare bronupdate stond deze brand onder controle.",2,"#E07154","Ja",1,"1 hectare",0.35,"29 juli 2026","2026-07-29",6,"6 dagen",0,1,95,"Zeer hoog","4 augustus 2026 om 07:42","2026-08-04T05:42:33.843Z","2026-08-04T05:57:47Z","FireMap.live (EFFIS en NASA FIRMS)","https://firemap.live/"
"583815",45.221,20.5832,"Bosbrand in Servië",,"RS","Servië","Onder controle","Volgens de laatste beschikbare bronupdate stond deze brand onder controle.",2,"#E07154","Ja",1,"1 hectare",0.35,"29 juli 2026","2026-07-29",6,"6 dagen",0,1,94,"Hoog","4 augustus 2026 om 07:42","2026-08-04T05:42:33.843Z","2026-08-04T05:57:47Z","FireMap.live (EFFIS en NASA FIRMS)","https://firemap.live/"
"581413",36.3944,30.414,"Antalya","Antalya","TR","Turkije","Onder controle","Volgens de laatste beschikbare bronupdate stond deze brand onder controle.",2,"#E07154","Ja",312,"312 hectare",1.6,"29 juli 2026","2026-07-29",6,"6 dagen",0,2,110,"Hoog","4 augustus 2026 om 07:42","2026-08-04T05:42:33.843Z","2026-08-04T05:57:47Z","FireMap.live (EFFIS en NASA FIRMS)","https://firemap.live/"
"592393",42.5883,-7.7899,"Chantada","Chantada","ES","Spanje","Onder controle","Volgens de laatste beschikbare bronupdate stond deze brand onder controle.",2,"#E07154","Ja",1,"1 hectare",0.35,"29 juli 2026","2026-07-29",6,"6 dagen",0,1,21,"Gemiddeld","4 augustus 2026 om 07:42","2026-08-04T05:42:33.844Z","2026-08-04T05:57:47Z","FireMap.live (EFFIS en NASA FIRMS)","https://firemap.live/"
"592389",42.742,-6.7362,"Vega de Espinareda","Vega de Espinareda","ES","Spanje","Onder controle","Volgens de laatste beschikbare bronupdate stond deze brand onder controle.",2,"#E07154","Ja",52,"52 hectare",1.21,"29 juli 2026","2026-07-29",6,"6 dagen",0,2,21,"Hoog","4 augustus 2026 om 07:42","2026-08-04T05:42:33.844Z","2026-08-04T05:57:47Z","FireMap.live (EFFIS en NASA FIRMS)","https://firemap.live/"
"583791",52.2382,-7.5212,"Ballydurn","Ballydurn","IE","Ierland","Onder controle","Volgens de laatste beschikbare bronupdate stond deze brand onder controle.",2,"#E07154","Ja",51,"51 hectare",1.2,"29 juli 2026","2026-07-29",6,"6 dagen",0,2,94,"Laag","4 augustus 2026 om 07:42","2026-08-04T05:42:33.845Z","2026-08-04T05:57:47Z","FireMap.live (EFFIS en NASA FIRMS)","https://firemap.live/"
"580750",39.4516,15.9913,"Guardia Piemontese","Guardia Piemontese","IT","Italië","Onder controle","Volgens de laatste beschikbare bronupdate stond deze brand onder controle.",2,"#E07154","Ja",11,"11 hectare",0.87,"29 juli 2026","2026-07-29",6,"6 dagen",0,1,118,"Gemiddeld","4 augustus 2026 om 07:42","2026-08-04T05:42:33.845Z","2026-08-04T05:57:47Z","FireMap.live (EFFIS en NASA FIRMS)","https://firemap.live/"
"592439",43.5504,23.351,"Bosbrand in Bulgarije",,"BG","Bulgarije","Onder controle","Volgens de laatste beschikbare bronupdate stond deze brand onder controle.",2,"#E07154","Ja",57,"57 hectare",1.23,"29 juli 2026","2026-07-29",6,"6 dagen",0,2,20,"Hoog","4 augustus 2026 om 07:42","2026-08-04T05:42:33.845Z","2026-08-04T05:57:47Z","FireMap.live (EFFIS en NASA FIRMS)","https://firemap.live/"
"581381",39.5405,15.9587,"Cetraro","Cetraro","IT","Italië","Onder controle","Volgens de laatste beschikbare bronupdate stond deze brand onder controle.",2,"#E07154","Ja",1,"1 hectare",0.35,"29 juli 2026","2026-07-29",6,"6 dagen",0,1,113,"Gemiddeld","4 augustus 2026 om 07:42","2026-08-04T05:42:33.846Z","2026-08-04T05:57:47Z","FireMap.live (EFFIS en NASA FIRMS)","https://firemap.live/"
"580748",38.9833,16.235,"Lamezia Terme","Lamezia Terme","IT","Italië","Onder controle","Volgens de laatste beschikbare bronupdate stond deze brand onder controle.",2,"#E07154","Ja",41,"41 hectare",1.16,"29 juli 2026","2026-07-29",6,"6 dagen",0,1,118,"Hoog","4 augustus 2026 om 07:42","2026-08-04T05:42:33.846Z","2026-08-04T05:57:47Z","FireMap.live (EFFIS en NASA FIRMS)","https://firemap.live/"
"577303",38.6445,27.1098,"Bosbrand in Turkije",,"TR","Turkije","Onder controle","Volgens de laatste beschikbare bronupdate stond deze brand onder controle.",2,"#E07154","Ja",76,"76 hectare",1.29,"29 juli 2026","2026-07-29",6,"6 dagen",0,2,136,"Zeer hoog","4 augustus 2026 om 07:42","2026-08-04T05:42:33.846Z","2026-08-04T05:57:47Z","FireMap.live (EFFIS en NASA FIRMS)","https://firemap.live/"
"577293",39.5412,15.9535,"Cetraro","Cetraro","IT","Italië","Onder controle","Volgens de laatste beschikbare bronupdate stond deze brand onder controle.",2,"#E07154","Ja",37,"37 hectare",1.13,"29 juli 2026","2026-07-29",6,"6 dagen",0,1,136,"Gemiddeld","4 augustus 2026 om 07:42","2026-08-04T05:42:33.846Z","2026-08-04T05:57:47Z","FireMap.live (EFFIS en NASA FIRMS)","https://firemap.live/"
"581374",38.673,42.132,"Bitlis","Bitlis","TR","Turkije","Uitgedoofd","Volgens de laatste beschikbare bronupdate was deze brand uitgedoofd.",3,"#FCD9BE","Nee",14,"14 hectare",0.92,"29 juli 2026","2026-07-29",6,"6 dagen",0,0,115,"Onbekend","4 augustus 2026 om 07:42","2026-08-04T05:42:33.847Z","2026-08-04T05:57:47Z","FireMap.live (EFFIS en NASA FIRMS)","https://firemap.live/"
"581410",40.1043,26.4448,"Çanakkale","Çanakkale","TR","Turkije","Onder controle","Volgens de laatste beschikbare bronupdate stond deze brand onder controle.",2,"#E07154","Ja",28,"28 hectare",1.07,"29 juli 2026","2026-07-29",6,"6 dagen",0,1,110,"Extreem","4 augustus 2026 om 07:42","2026-08-04T05:42:33.847Z","2026-08-04T05:57:47Z","FireMap.live (EFFIS en NASA FIRMS)","https://firemap.live/"
"584028",39.7415,32.9105,"Ankara","Ankara","TR","Turkije","Uitgedoofd","Volgens de laatste beschikbare bronupdate was deze brand uitgedoofd.",3,"#FCD9BE","Nee",17,"17 hectare",0.97,"29 juli 2026","2026-07-29",6,"6 dagen",0,0,93,"Hoog","4 augustus 2026 om 07:42","2026-08-04T05:42:33.847Z","2026-08-04T05:57:47Z","FireMap.live (EFFIS en NASA FIRMS)","https://firemap.live/"
"584024",37.3462,40.4068,"Mardin","Mardin","TR","Turkije","Uitgedoofd","Volgens de laatste beschikbare bronupdate was deze brand uitgedoofd.",3,"#FCD9BE","Nee",16,"16 hectare",0.95,"29 juli 2026","2026-07-29",6,"6 dagen",0,0,93,"Onbekend","4 augustus 2026 om 07:42","2026-08-04T05:42:33.847Z","2026-08-04T05:57:47Z","FireMap.live (EFFIS en NASA FIRMS)","https://firemap.live/"
"584052",39.712,16.1857,"Firmo","Firmo","IT","Italië","Uitgedoofd","Volgens de laatste beschikbare bronupdate was deze brand uitgedoofd.",3,"#FCD9BE","Nee",139,"139 hectare",1.42,"29 juli 2026","2026-07-29",6,"6 dagen",0,0,92,"Zeer hoog","4 augustus 2026 om 07:42","2026-08-04T05:42:33.848Z","2026-08-04T05:57:47Z","FireMap.live (EFFIS en NASA FIRMS)","https://firemap.live/"
"592381",43.391,6.0976,"Brignoles","Brignoles","FR","Frankrijk","Onder controle","Volgens de laatste beschikbare bronupdate stond deze brand onder controle.",2,"#E07154","Ja",0,"0 hectare",0.1,"29 juli 2026","2026-07-29",6,"6 dagen",0,1,21,"Hoog","4 augustus 2026 om 07:42","2026-08-04T05:42:33.848Z","2026-08-04T05:57:47Z","FireMap.live (EFFIS en NASA FIRMS)","https://firemap.live/"
"584023",37.5682,40.4786,"Mardin","Mardin","TR","Turkije","Uitgedoofd","Volgens de laatste beschikbare bronupdate was deze brand uitgedoofd.",3,"#FCD9BE","Nee",55,"55 hectare",1.22,"29 juli 2026","2026-07-29",6,"6 dagen",0,0,93,"Extreem","4 augustus 2026 om 07:42","2026-08-04T05:42:33.848Z","2026-08-04T05:57:47Z","FireMap.live (EFFIS en NASA FIRMS)","https://firemap.live/"
"584022",37.1905,40.9213,"Mardin","Mardin","TR","Turkije","Uitgedoofd","Volgens de laatste beschikbare bronupdate was deze brand uitgedoofd.",3,"#FCD9BE","Nee",246,"246 hectare",1.55,"29 juli 2026","2026-07-29",6,"6 dagen",0,0,93,"Onbekend","4 augustus 2026 om 07:42","2026-08-04T05:42:33.848Z","2026-08-04T05:57:47Z","FireMap.live (EFFIS en NASA FIRMS)","https://firemap.live/"
"584026",37.3576,40.5837,"Mardin","Mardin","TR","Turkije","Uitgedoofd","Volgens de laatste beschikbare bronupdate was deze brand uitgedoofd.",3,"#FCD9BE","Nee",13,"13 hectare",0.91,"29 juli 2026","2026-07-29",6,"6 dagen",0,0,93,"Onbekend","4 augustus 2026 om 07:42","2026-08-04T05:42:33.849Z","2026-08-04T05:57:47Z","FireMap.live (EFFIS en NASA FIRMS)","https://firemap.live/"
"584030",38.9273,30.7479,"Afyonkarahisar","Afyonkarahisar","TR","Turkije","Uitgedoofd","Volgens de laatste beschikbare bronupdate was deze brand uitgedoofd.",3,"#FCD9BE","Nee",6,"6 hectare",0.74,"29 juli 2026","2026-07-29",6,"6 dagen",0,0,93,"Hoog","4 augustus 2026 om 07:42","2026-08-04T05:42:33.849Z","2026-08-04T05:57:47Z","FireMap.live (EFFIS en NASA FIRMS)","https://firemap.live/"
"584025",37.7934,41.1767,"Batman","Batman","TR","Turkije","Uitgedoofd","Volgens de laatste beschikbare bronupdate was deze brand uitgedoofd.",3,"#FCD9BE","Nee",14,"14 hectare",0.92,"29 juli 2026","2026-07-29",6,"6 dagen",0,0,93,"Extreem","4 augustus 2026 om 07:42","2026-08-04T05:42:33.849Z","2026-08-04T05:57:47Z","FireMap.live (EFFIS en NASA FIRMS)","https://firemap.live/"
"577302",38.5378,28.4451,"Manisa","Manisa","TR","Turkije","Onder controle","Volgens de laatste beschikbare bronupdate stond deze brand onder controle.",2,"#E07154","Ja",19,"19 hectare",0.99,"28 juli 2026","2026-07-28",7,"7 dagen",0,2,136,"Zeer hoog","4 augustus 2026 om 07:42","2026-08-04T05:42:33.849Z","2026-08-04T05:57:47Z","FireMap.live (EFFIS en NASA FIRMS)","https://firemap.live/"
"584053",40.1728,15.399,"Laurito","Laurito","IT","Italië","Onder controle","Volgens de laatste beschikbare bronupdate stond deze brand onder controle.",2,"#E07154","Ja",10,"10 hectare",0.85,"28 juli 2026","2026-07-28",7,"7 dagen",0,2,92,"Laag","4 augustus 2026 om 07:42","2026-08-04T05:42:33.850Z","2026-08-04T05:57:47Z","FireMap.live (EFFIS en NASA FIRMS)","https://firemap.live/"
"581385",41.3618,-8.1762,"Margaride (Santa Eulália), Várzea, Lagares, Varziela e Moure","Margaride (Santa Eulália), Várzea, Lagares, Varziela e Moure","PT","Portugal","Onder controle","Volgens de laatste beschikbare bronupdate stond deze brand onder controle.",2,"#E07154","Ja",15,"15 hectare",0.94,"28 juli 2026","2026-07-28",7,"7 dagen",0,1,112,"Laag","4 augustus 2026 om 07:42","2026-08-04T05:42:33.850Z","2026-08-04T05:57:47Z","FireMap.live (EFFIS en NASA FIRMS)","https://firemap.live/"
"581386",41.3619,-8.1811,"Margaride (Santa Eulália), Várzea, Lagares, Varziela e Moure","Margaride (Santa Eulália), Várzea, Lagares, Varziela e Moure","PT","Portugal","Onder controle","Volgens de laatste beschikbare bronupdate stond deze brand onder controle.",2,"#E07154","Ja",4,"4 hectare",0.65,"28 juli 2026","2026-07-28",7,"7 dagen",0,1,112,"Laag","4 augustus 2026 om 07:42","2026-08-04T05:42:33.850Z","2026-08-04T05:57:47Z","FireMap.live (EFFIS en NASA FIRMS)","https://firemap.live/"
"592392",42.7158,-7.7066,"Taboada","Taboada","ES","Spanje","Onder controle","Volgens de laatste beschikbare bronupdate stond deze brand onder controle.",2,"#E07154","Ja",80,"80 hectare",1.3,"28 juli 2026","2026-07-28",7,"7 dagen",0,2,21,"Laag","4 augustus 2026 om 07:42","2026-08-04T05:42:33.850Z","2026-08-04T05:57:47Z","FireMap.live (EFFIS en NASA FIRMS)","https://firemap.live/"
"592427",43.672,16.0765,"Bosbrand in Kroatië",,"HR","Kroatië","Onder controle","Volgens de laatste beschikbare bronupdate stond deze brand onder controle.",2,"#E07154","Ja",1,"1 hectare",0.35,"28 juli 2026","2026-07-28",7,"7 dagen",0,1,20,"Zeer hoog","4 augustus 2026 om 07:42","2026-08-04T05:42:33.851Z","2026-08-04T05:57:47Z","FireMap.live (EFFIS en NASA FIRMS)","https://firemap.live/"
"577270",43.6738,16.0655,"Bosbrand in Kroatië",,"HR","Kroatië","Onder controle","Volgens de laatste beschikbare bronupdate stond deze brand onder controle.",2,"#E07154","Ja",1,"1 hectare",0.35,"28 juli 2026","2026-07-28",7,"7 dagen",0,1,139,"Zeer hoog","4 augustus 2026 om 07:42","2026-08-04T05:42:33.851Z","2026-08-04T05:57:47Z","FireMap.live (EFFIS en NASA FIRMS)","https://firemap.live/"
"580464",41.4014,-7.9815,"Britelo, Gémeos e Ourilhe","Britelo, Gémeos e Ourilhe","PT","Portugal","Onder controle","Volgens de laatste beschikbare bronupdate stond deze brand onder controle.",2,"#E07154","Ja",14,"14 hectare",0.92,"28 juli 2026","2026-07-28",7,"7 dagen",0,1,119,"Laag","4 augustus 2026 om 07:42","2026-08-04T05:42:33.851Z","2026-08-04T05:57:47Z","FireMap.live (EFFIS en NASA FIRMS)","https://firemap.live/"
"581100",33.1375,-4.7415,"Boulemane","Boulemane","MA","Marokko","Uitgedoofd","Volgens de laatste beschikbare bronupdate was deze brand uitgedoofd.",3,"#FCD9BE","Nee",37,"37 hectare",1.13,"28 juli 2026","2026-07-28",7,"7 dagen",0,0,117,"Onbekend","4 augustus 2026 om 07:42","2026-08-04T05:42:33.851Z","2026-08-04T05:57:47Z","FireMap.live (EFFIS en NASA FIRMS)","https://firemap.live/"
"592402",42.7057,-5.9242,"Valdesamario","Valdesamario","ES","Spanje","Onder controle","Volgens de laatste beschikbare bronupdate stond deze brand onder controle.",2,"#E07154","Ja",172,"172 hectare",1.47,"28 juli 2026","2026-07-28",7,"7 dagen",0,2,21,"Zeer hoog","4 augustus 2026 om 07:42","2026-08-04T05:42:33.852Z","2026-08-04T05:57:47Z","FireMap.live (EFFIS en NASA FIRMS)","https://firemap.live/"
"580497",40.2735,8.7884,"Macomer","Macomer","IT","Italië","Onder controle","Volgens de laatste beschikbare bronupdate stond deze brand onder controle.",2,"#E07154","Ja",21,"21 hectare",1.01,"28 juli 2026","2026-07-28",7,"7 dagen",0,2,119,"Extreem","4 augustus 2026 om 07:42","2026-08-04T05:42:33.852Z","2026-08-04T05:57:47Z","FireMap.live (EFFIS en NASA FIRMS)","https://firemap.live/"
"584093",36.9495,7.7236,"Bosbrand in Algerije",,"DZ","Algerije","Onder controle","Volgens de laatste beschikbare bronupdate stond deze brand onder controle.",2,"#E07154","Ja",4,"4 hectare",0.65,"28 juli 2026","2026-07-28",7,"7 dagen",0,1,88,"Zeer hoog","4 augustus 2026 om 07:42","2026-08-04T05:42:33.852Z","2026-08-04T05:57:47Z","FireMap.live (EFFIS en NASA FIRMS)","https://firemap.live/"
"581066",51.5899,13.1511,"Beilrode","Beilrode","DE","Duitsland","Onder controle","Volgens de laatste beschikbare bronupdate stond deze brand onder controle.",2,"#E07154","Ja",10,"10 hectare",0.85,"28 juli 2026","2026-07-28",7,"7 dagen",0,2,117,"Gemiddeld","4 augustus 2026 om 07:42","2026-08-04T05:42:33.853Z","2026-08-04T05:57:47Z","FireMap.live (EFFIS en NASA FIRMS)","https://firemap.live/"
"580324",37.8048,38.2043,"Bosbrand in Turkije",,"TR","Turkije","Uitgedoofd","Volgens de laatste beschikbare bronupdate was deze brand uitgedoofd.",3,"#FCD9BE","Nee",207,"207 hectare",1.51,"28 juli 2026","2026-07-28",7,"7 dagen",0,0,119,"Onbekend","4 augustus 2026 om 07:42","2026-08-04T05:42:33.853Z","2026-08-04T05:57:47Z","FireMap.live (EFFIS en NASA FIRMS)","https://firemap.live/"
"584048",38.5204,16.4772,"Guardavalle","Guardavalle","IT","Italië","Onder controle","Volgens de laatste beschikbare bronupdate stond deze brand onder controle.",2,"#E07154","Ja",1,"1 hectare",0.35,"28 juli 2026","2026-07-28",7,"7 dagen",0,1,92,"Gemiddeld","4 augustus 2026 om 07:42","2026-08-04T05:42:33.853Z","2026-08-04T05:57:47Z","FireMap.live (EFFIS en NASA FIRMS)","https://firemap.live/"
"577216",36.2271,7.668,"Bosbrand in Algerije",,"DZ","Algerije","Onder controle","Volgens de laatste beschikbare bronupdate stond deze brand onder controle.",2,"#E07154","Ja",32,"32 hectare",1.1,"28 juli 2026","2026-07-28",7,"7 dagen",0,1,142,"Extreem","4 augustus 2026 om 07:42","2026-08-04T05:42:33.854Z","2026-08-04T05:57:47Z","FireMap.live (EFFIS en NASA FIRMS)","https://firemap.live/"
"580746",38.8926,16.2589,"Lamezia Terme","Lamezia Terme","IT","Italië","Onder controle","Volgens de laatste beschikbare bronupdate stond deze brand onder controle.",2,"#E07154","Ja",20,"20 hectare",1,"28 juli 2026","2026-07-28",7,"7 dagen",0,2,118,"Hoog","4 augustus 2026 om 07:42","2026-08-04T05:42:33.854Z","2026-08-04T05:57:47Z","FireMap.live (EFFIS en NASA FIRMS)","https://firemap.live/"
"577291",44.216,-0.2958,"Captieux","Captieux","FR","Frankrijk","Onder controle","Volgens de laatste beschikbare bronupdate stond deze brand onder controle.",2,"#E07154","Ja",69,"69 hectare",1.27,"28 juli 2026","2026-07-28",7,"7 dagen",0,2,136,"Hoog","4 augustus 2026 om 07:42","2026-08-04T05:42:33.854Z","2026-08-04T05:57:47Z","FireMap.live (EFFIS en NASA FIRMS)","https://firemap.live/"
"581349",45.0712,22.6457,"Bosbrand in Roemenië",,"RO","Roemenië","Onder controle","Volgens de laatste beschikbare bronupdate stond deze brand onder controle.",2,"#E07154","Ja",5,"5 hectare",0.7,"28 juli 2026","2026-07-28",7,"7 dagen",0,1,116,"Gemiddeld","4 augustus 2026 om 07:42","2026-08-04T05:42:33.854Z","2026-08-04T05:57:47Z","FireMap.live (EFFIS en NASA FIRMS)","https://firemap.live/"
"592443",44.9405,22.1665,"Bosbrand in Roemenië",,"RO","Roemenië","Onder controle","Volgens de laatste beschikbare bronupdate stond deze brand onder controle.",2,"#E07154","Ja",21,"21 hectare",1.01,"28 juli 2026","2026-07-28",7,"7 dagen",0,1,20,"Hoog","4 augustus 2026 om 07:42","2026-08-04T05:42:33.855Z","2026-08-04T05:57:47Z","FireMap.live (EFFIS en NASA FIRMS)","https://firemap.live/"
"577195",43.6009,25.1853,"Bosbrand in Bulgarije",,"BG","Bulgarije","Onder controle","Volgens de laatste beschikbare bronupdate stond deze brand onder controle.",2,"#E07154","Ja",159,"159 hectare",1.45,"28 juli 2026","2026-07-28",7,"7 dagen",0,3,142,"Hoog","4 augustus 2026 om 07:42","2026-08-04T05:42:33.855Z","2026-08-04T05:57:47Z","FireMap.live (EFFIS en NASA FIRMS)","https://firemap.live/"
"577274",49.1621,38.0919,"Bosbrand in Oekraïne",,"UA","Oekraïne","Uitgedoofd","Volgens de laatste beschikbare bronupdate was deze brand uitgedoofd.",3,"#FCD9BE","Nee",28,"28 hectare",1.07,"28 juli 2026","2026-07-28",7,"7 dagen",0,0,138,"Hoog","4 augustus 2026 om 07:42","2026-08-04T05:42:33.856Z","2026-08-04T05:57:47Z","FireMap.live (EFFIS en NASA FIRMS)","https://firemap.live/"
"577205",47.6765,35.4719,"Bosbrand in Oekraïne",,"UA","Oekraïne","Uitgedoofd","Volgens de laatste beschikbare bronupdate was deze brand uitgedoofd.",3,"#FCD9BE","Nee",32,"32 hectare",1.1,"28 juli 2026","2026-07-28",7,"7 dagen",0,0,142,"Hoog","4 augustus 2026 om 07:42","2026-08-04T05:42:33.856Z","2026-08-04T05:57:47Z","FireMap.live (EFFIS en NASA FIRMS)","https://firemap.live/"
"581391",41.0594,-8.1339,"São Cristóvão de Nogueira","São Cristóvão de Nogueira","PT","Portugal","Onder controle","Volgens de laatste beschikbare bronupdate stond deze brand onder controle.",2,"#E07154","Ja",31,"31 hectare",1.1,"28 juli 2026","2026-07-28",7,"7 dagen",0,1,112,"Laag","4 augustus 2026 om 07:42","2026-08-04T05:42:33.856Z","2026-08-04T05:57:47Z","FireMap.live (EFFIS en NASA FIRMS)","https://firemap.live/"
"580731",38.0158,15.7169,"Motta San Giovanni","Motta San Giovanni","IT","Italië","Onder controle","Volgens de laatste beschikbare bronupdate stond deze brand onder controle.",2,"#E07154","Ja",16,"16 hectare",0.95,"28 juli 2026","2026-07-28",7,"7 dagen",0,1,118,"Hoog","4 augustus 2026 om 07:42","2026-08-04T05:42:33.856Z","2026-08-04T05:57:47Z","FireMap.live (EFFIS en NASA FIRMS)","https://firemap.live/"
"584042",38.0366,14.8609,"Tortorici","Tortorici","IT","Italië","Onder controle","Volgens de laatste beschikbare bronupdate stond deze brand onder controle.",2,"#E07154","Ja",9,"9 hectare",0.83,"28 juli 2026","2026-07-28",7,"7 dagen",0,1,92,"Hoog","4 augustus 2026 om 07:42","2026-08-04T05:42:33.857Z","2026-08-04T05:57:47Z","FireMap.live (EFFIS en NASA FIRMS)","https://firemap.live/"
"577206",36.3564,29.4231,"Antalya","Antalya","TR","Turkije","Onder controle","Volgens de laatste beschikbare bronupdate stond deze brand onder controle.",2,"#E07154","Ja",440,"440 hectare",1.67,"28 juli 2026","2026-07-28",7,"7 dagen",0,2,142,"Zeer hoog","4 augustus 2026 om 07:42","2026-08-04T05:42:33.857Z","2026-08-04T05:57:47Z","FireMap.live (EFFIS en NASA FIRMS)","https://firemap.live/"
"584074",34.5505,36.1465,"Hayzouk","Hayzouk","LB","Libanon","Uitgedoofd","Volgens de laatste beschikbare bronupdate was deze brand uitgedoofd.",3,"#FCD9BE","Nee",8,"8 hectare",0.8,"28 juli 2026","2026-07-28",7,"7 dagen",0,0,90,"Hoog","4 augustus 2026 om 07:42","2026-08-04T05:42:33.857Z","2026-08-04T05:57:47Z","FireMap.live (EFFIS en NASA FIRMS)","https://firemap.live/"
"580751",39.4922,15.9942,"Acquappesa","Acquappesa","IT","Italië","Uitgedoofd","Volgens de laatste beschikbare bronupdate was deze brand uitgedoofd.",3,"#FCD9BE","Nee",5,"5 hectare",0.7,"28 juli 2026","2026-07-28",7,"7 dagen",0,0,118,"Gemiddeld","4 augustus 2026 om 07:42","2026-08-04T05:42:33.857Z","2026-08-04T05:57:47Z","FireMap.live (EFFIS en NASA FIRMS)","https://firemap.live/"
"592378",39.2401,38.074,"Sivas","Sivas","TR","Turkije","Onder controle","Volgens de laatste beschikbare bronupdate stond deze brand onder controle.",2,"#E07154","Ja",4,"4 hectare",0.65,"28 juli 2026","2026-07-28",7,"7 dagen",0,0,21,"Extreem","4 augustus 2026 om 07:42","2026-08-04T05:42:33.858Z","2026-08-04T05:57:47Z","FireMap.live (EFFIS en NASA FIRMS)","https://firemap.live/"
"592209",33.8038,35.6811,"Aïn Sofar","Aïn Sofar","LB","Libanon","Onder controle","Volgens de laatste beschikbare bronupdate stond deze brand onder controle.",2,"#E07154","Ja",2,"2 hectare",0.5,"28 juli 2026","2026-07-28",7,"7 dagen",0,0,22,"Hoog","4 augustus 2026 om 07:42","2026-08-04T05:42:33.858Z","2026-08-04T05:57:47Z","FireMap.live (EFFIS en NASA FIRMS)","https://firemap.live/"
"592187",33.8025,35.677,"Aïn Sofar","Aïn Sofar","LB","Libanon","Onder controle","Volgens de laatste beschikbare bronupdate stond deze brand onder controle.",2,"#E07154","Ja",8,"8 hectare",0.8,"28 juli 2026","2026-07-28",7,"7 dagen",0,0,22,"Hoog","4 augustus 2026 om 07:42","2026-08-04T05:42:33.858Z","2026-08-04T05:57:47Z","FireMap.live (EFFIS en NASA FIRMS)","https://firemap.live/"
"581382",39.6291,16.3708,"San Demetrio Corone","San Demetrio Corone","IT","Italië","Uitgedoofd","Volgens de laatste beschikbare bronupdate was deze brand uitgedoofd.",3,"#FCD9BE","Nee",67,"67 hectare",1.26,"28 juli 2026","2026-07-28",7,"7 dagen",0,0,113,"Extreem","4 augustus 2026 om 07:42","2026-08-04T05:42:33.858Z","2026-08-04T05:57:47Z","FireMap.live (EFFIS en NASA FIRMS)","https://firemap.live/"
"592407",37.9964,37.3291,"Bosbrand in Turkije",,"TR","Turkije","Onder controle","Volgens de laatste beschikbare bronupdate stond deze brand onder controle.",2,"#E07154","Ja",14,"14 hectare",0.92,"28 juli 2026","2026-07-28",7,"7 dagen",0,0,20,"Extreem","4 augustus 2026 om 07:42","2026-08-04T05:42:33.858Z","2026-08-04T05:57:47Z","FireMap.live (EFFIS en NASA FIRMS)","https://firemap.live/"
"592394",35.1297,36.4853,"Bosbrand in Syrië",,"SY","Syrië","Onder controle","Volgens de laatste beschikbare bronupdate stond deze brand onder controle.",2,"#E07154","Ja",11,"11 hectare",0.87,"28 juli 2026","2026-07-28",7,"7 dagen",0,0,21,"Extreem","4 augustus 2026 om 07:42","2026-08-04T05:42:33.859Z","2026-08-04T05:57:47Z","FireMap.live (EFFIS en NASA FIRMS)","https://firemap.live/"
"592376",39.1207,38.579,"Malatya","Malatya","TR","Turkije","Onder controle","Volgens de laatste beschikbare bronupdate stond deze brand onder controle.",2,"#E07154","Ja",16,"16 hectare",0.95,"28 juli 2026","2026-07-28",7,"7 dagen",0,0,21,"Extreem","4 augustus 2026 om 07:42","2026-08-04T05:42:33.859Z","2026-08-04T05:57:47Z","FireMap.live (EFFIS en NASA FIRMS)","https://firemap.live/"
"584076",33.4135,35.4007,"Nmériyé","Nmériyé","LB","Libanon","Uitgedoofd","Volgens de laatste beschikbare bronupdate was deze brand uitgedoofd.",3,"#FCD9BE","Nee",17,"17 hectare",0.97,"28 juli 2026","2026-07-28",7,"7 dagen",0,0,90,"Hoog","4 augustus 2026 om 07:42","2026-08-04T05:42:33.859Z","2026-08-04T05:57:47Z","FireMap.live (EFFIS en NASA FIRMS)","https://firemap.live/"
"577278",49.9792,37.6208,"Bosbrand in Oekraïne",,"UA","Oekraïne","Uitgedoofd","Volgens de laatste beschikbare bronupdate was deze brand uitgedoofd.",3,"#FCD9BE","Nee",14,"14 hectare",0.92,"28 juli 2026","2026-07-28",7,"7 dagen",0,0,137,"Gemiddeld","4 augustus 2026 om 07:42","2026-08-04T05:42:33.859Z","2026-08-04T05:57:47Z","FireMap.live (EFFIS en NASA FIRMS)","https://firemap.live/"
"592480",41.1433,-8.2894,"Cabeça Santa","Cabeça Santa","PT","Portugal","Onder controle","Volgens de laatste beschikbare bronupdate stond deze brand onder controle.",2,"#E07154","Ja",4,"4 hectare",0.65,"27 juli 2026","2026-07-27",7,"7 dagen",0,0,15,"Gemiddeld","4 augustus 2026 om 07:42","2026-08-04T05:42:33.860Z","2026-08-04T05:57:47Z","FireMap.live (EFFIS en NASA FIRMS)","https://firemap.live/"
"584064",45.8767,8.0225,"Alto Sermenza","Alto Sermenza","IT","Italië","Onder controle","Volgens de laatste beschikbare bronupdate stond deze brand onder controle.",2,"#E07154","Ja",9,"9 hectare",0.83,"27 juli 2026","2026-07-27",7,"7 dagen",0,1,92,"Laag","4 augustus 2026 om 07:42","2026-08-04T05:42:33.860Z","2026-08-04T05:57:47Z","FireMap.live (EFFIS en NASA FIRMS)","https://firemap.live/"
"584041",38.0475,14.8601,"Tortorici","Tortorici","IT","Italië","Onder controle","Volgens de laatste beschikbare bronupdate stond deze brand onder controle.",2,"#E07154","Ja",33,"33 hectare",1.11,"27 juli 2026","2026-07-27",7,"7 dagen",0,1,92,"Hoog","4 augustus 2026 om 07:42","2026-08-04T05:42:33.860Z","2026-08-04T05:57:47Z","FireMap.live (EFFIS en NASA FIRMS)","https://firemap.live/"
"592450",33.1367,35.4938,"Blida","Blida","LB","Libanon","Onder controle","Volgens de laatste beschikbare bronupdate stond deze brand onder controle.",2,"#E07154","Ja",53,"53 hectare",1.21,"27 juli 2026","2026-07-27",7,"7 dagen",0,0,19,"Hoog","4 augustus 2026 om 07:42","2026-08-04T05:42:33.860Z","2026-08-04T05:57:47Z","FireMap.live (EFFIS en NASA FIRMS)","https://firemap.live/"
"581384",40.5602,-8.5709,"Requeixo, Nossa Senhora de Fátima e Nariz","Requeixo, Nossa Senhora de Fátima e Nariz","PT","Portugal","Uitgedoofd","Volgens de laatste beschikbare bronupdate was deze brand uitgedoofd.",3,"#FCD9BE","Nee",30,"30 hectare",1.09,"27 juli 2026","2026-07-27",8,"8 dagen",0,0,112,"Laag","4 augustus 2026 om 07:42","2026-08-04T05:42:33.861Z","2026-08-04T05:57:47Z","FireMap.live (EFFIS en NASA FIRMS)","https://firemap.live/"
"581361",39.8843,-8.775,"Bajouca","Bajouca","PT","Portugal","Uitgedoofd","Volgens de laatste beschikbare bronupdate was deze brand uitgedoofd.",3,"#FCD9BE","Nee",0,"0 hectare",0.1,"27 juli 2026","2026-07-27",8,"8 dagen",0,0,116,"Gemiddeld","4 augustus 2026 om 07:42","2026-08-04T05:42:33.861Z","2026-08-04T05:57:47Z","FireMap.live (EFFIS en NASA FIRMS)","https://firemap.live/"
"581360",39.8843,-8.7775,"Bajouca","Bajouca","PT","Portugal","Uitgedoofd","Volgens de laatste beschikbare bronupdate was deze brand uitgedoofd.",3,"#FCD9BE","Nee",3,"3 hectare",0.59,"27 juli 2026","2026-07-27",8,"8 dagen",0,0,116,"Gemiddeld","4 augustus 2026 om 07:42","2026-08-04T05:42:33.861Z","2026-08-04T05:57:47Z","FireMap.live (EFFIS en NASA FIRMS)","https://firemap.live/"
"575258",39.9519,-4.9467,"Talavera de la Reina","Talavera de la Reina","ES","Spanje","Uitgedoofd","Volgens de laatste beschikbare bronupdate was deze brand uitgedoofd.",3,"#FCD9BE","Nee",114,"114 hectare",1.38,"27 juli 2026","2026-07-27",8,"8 dagen",0,0,162,"Extreem","4 augustus 2026 om 07:42","2026-08-04T05:42:33.861Z","2026-08-04T05:57:47Z","FireMap.live (EFFIS en NASA FIRMS)","https://firemap.live/"
"584082",39.9523,-4.9249,"Talavera de la Reina","Talavera de la Reina","ES","Spanje","Uitgedoofd","Volgens de laatste beschikbare bronupdate was deze brand uitgedoofd.",3,"#FCD9BE","Nee",1,"1 hectare",0.35,"27 juli 2026","2026-07-27",8,"8 dagen",0,0,88,"Extreem","4 augustus 2026 om 07:42","2026-08-04T05:42:33.862Z","2026-08-04T05:57:47Z","FireMap.live (EFFIS en NASA FIRMS)","https://firemap.live/"
"581400",41.8391,-8.4667,"Rio Frio","Rio Frio","PT","Portugal","Uitgedoofd","Volgens de laatste beschikbare bronupdate was deze brand uitgedoofd.",3,"#FCD9BE","Nee",2,"2 hectare",0.5,"27 juli 2026","2026-07-27",8,"8 dagen",0,0,111,"Laag","4 augustus 2026 om 07:42","2026-08-04T05:42:33.862Z","2026-08-04T05:57:47Z","FireMap.live (EFFIS en NASA FIRMS)","https://firemap.live/"
"581401",41.8474,-8.464,"Rio Frio","Rio Frio","PT","Portugal","Uitgedoofd","Volgens de laatste beschikbare bronupdate was deze brand uitgedoofd.",3,"#FCD9BE","Nee",1,"1 hectare",0.35,"27 juli 2026","2026-07-27",8,"8 dagen",0,0,111,"Laag","4 augustus 2026 om 07:42","2026-08-04T05:42:33.862Z","2026-08-04T05:57:47Z","FireMap.live (EFFIS en NASA FIRMS)","https://firemap.live/"
"584081",39.9502,-4.9338,"Talavera de la Reina","Talavera de la Reina","ES","Spanje","Uitgedoofd","Volgens de laatste beschikbare bronupdate was deze brand uitgedoofd.",3,"#FCD9BE","Nee",12,"12 hectare",0.89,"27 juli 2026","2026-07-27",8,"8 dagen",0,0,88,"Extreem","4 augustus 2026 om 07:42","2026-08-04T05:42:33.862Z","2026-08-04T05:57:47Z","FireMap.live (EFFIS en NASA FIRMS)","https://firemap.live/"
"581397",41.7261,-8.3949,"Sande, Vilarinho, Barros e Gomide","Sande, Vilarinho, Barros e Gomide","PT","Portugal","Uitgedoofd","Volgens de laatste beschikbare bronupdate was deze brand uitgedoofd.",3,"#FCD9BE","Nee",172,"172 hectare",1.47,"27 juli 2026","2026-07-27",8,"8 dagen",0,0,111,"Laag","4 augustus 2026 om 07:42","2026-08-04T05:42:33.863Z","2026-08-04T05:57:47Z","FireMap.live (EFFIS en NASA FIRMS)","https://firemap.live/"
"581383",41.4259,-8.146,"Quinchães","Quinchães","PT","Portugal","Uitgedoofd","Volgens de laatste beschikbare bronupdate was deze brand uitgedoofd.",3,"#FCD9BE","Nee",34,"34 hectare",1.12,"27 juli 2026","2026-07-27",8,"8 dagen",0,0,113,"Laag","4 augustus 2026 om 07:42","2026-08-04T05:42:33.863Z","2026-08-04T05:57:47Z","FireMap.live (EFFIS en NASA FIRMS)","https://firemap.live/"
"581395",41.8873,-6.5964,"Aveleda e Rio de Onor","Aveleda e Rio de Onor","PT","Portugal","Uitgedoofd","Volgens de laatste beschikbare bronupdate was deze brand uitgedoofd.",3,"#FCD9BE","Nee",44,"44 hectare",1.17,"27 juli 2026","2026-07-27",8,"8 dagen",0,0,111,"Zeer hoog","4 augustus 2026 om 07:42","2026-08-04T05:42:33.863Z","2026-08-04T05:57:47Z","FireMap.live (EFFIS en NASA FIRMS)","https://firemap.live/"
"575233",40.579,-7.0363,"Cerdeira","Cerdeira","PT","Portugal","Onder controle","Volgens de laatste beschikbare bronupdate stond deze brand onder controle.",2,"#E07154","Ja",5226,"5.226 hectare",2.21,"27 juli 2026","2026-07-27",8,"8 dagen",0,6,165,"Zeer hoog","4 augustus 2026 om 07:42","2026-08-04T05:42:33.863Z","2026-08-04T05:57:47Z","FireMap.live (EFFIS en NASA FIRMS)","https://firemap.live/"
"575237",39.1678,-8.5237,"Fazendas de Almeirim","Fazendas de Almeirim","PT","Portugal","Uitgedoofd","Volgens de laatste beschikbare bronupdate was deze brand uitgedoofd.",3,"#FCD9BE","Nee",52,"52 hectare",1.21,"27 juli 2026","2026-07-27",8,"8 dagen",0,0,165,"Hoog","4 augustus 2026 om 07:42","2026-08-04T05:42:33.863Z","2026-08-04T05:57:47Z","FireMap.live (EFFIS en NASA FIRMS)","https://firemap.live/"
"575212",38.6668,16.1219,"Stefanaconi","Stefanaconi","IT","Italië","Uitgedoofd","Volgens de laatste beschikbare bronupdate was deze brand uitgedoofd.",3,"#FCD9BE","Nee",17,"17 hectare",0.97,"27 juli 2026","2026-07-27",8,"8 dagen",0,0,165,"Hoog","4 augustus 2026 om 07:42","2026-08-04T05:42:33.864Z","2026-08-04T05:57:47Z","FireMap.live (EFFIS en NASA FIRMS)","https://firemap.live/"
"584104",42.3599,1.4321,"Seu d'Urgell, La","Seu d'Urgell, La","ES","Spanje","Uitgedoofd","Volgens de laatste beschikbare bronupdate was deze brand uitgedoofd.",3,"#FCD9BE","Nee",8,"8 hectare",0.8,"27 juli 2026","2026-07-27",8,"8 dagen",0,0,87,"Laag","4 augustus 2026 om 07:42","2026-08-04T05:42:33.864Z","2026-08-04T05:57:47Z","FireMap.live (EFFIS en NASA FIRMS)","https://firemap.live/"
"575239",38.4486,-3.4276,"Viso del Marqués","Viso del Marqués","ES","Spanje","Uitgedoofd","Volgens de laatste beschikbare bronupdate was deze brand uitgedoofd.",3,"#FCD9BE","Nee",198,"198 hectare",1.5,"27 juli 2026","2026-07-27",8,"8 dagen",0,0,165,"Extreem","4 augustus 2026 om 07:42","2026-08-04T05:42:33.864Z","2026-08-04T05:57:47Z","FireMap.live (EFFIS en NASA FIRMS)","https://firemap.live/"
"583838",37.9949,13.1504,"Monreale","Monreale","IT","Italië","Onder controle","Volgens de laatste beschikbare bronupdate stond deze brand onder controle.",2,"#E07154","Ja",51,"51 hectare",1.2,"27 juli 2026","2026-07-27",8,"8 dagen",0,1,94,"Extreem","4 augustus 2026 om 07:42","2026-08-04T05:42:33.865Z","2026-08-04T05:57:47Z","FireMap.live (EFFIS en NASA FIRMS)","https://firemap.live/"
"584059",41.8222,15.7089,"Cagnano Varano","Cagnano Varano","IT","Italië","Onder controle","Volgens de laatste beschikbare bronupdate stond deze brand onder controle.",2,"#E07154","Ja",17,"17 hectare",0.97,"27 juli 2026","2026-07-27",8,"8 dagen",0,2,92,"Zeer hoog","4 augustus 2026 om 07:42","2026-08-04T05:42:33.865Z","2026-08-04T05:57:47Z","FireMap.live (EFFIS en NASA FIRMS)","https://firemap.live/"
"584056",41.8498,15.7127,"Cagnano Varano","Cagnano Varano","IT","Italië","Uitgedoofd","Volgens de laatste beschikbare bronupdate was deze brand uitgedoofd.",3,"#FCD9BE","Nee",11,"11 hectare",0.87,"27 juli 2026","2026-07-27",8,"8 dagen",0,0,92,"Hoog","4 augustus 2026 om 07:42","2026-08-04T05:42:33.865Z","2026-08-04T05:57:47Z","FireMap.live (EFFIS en NASA FIRMS)","https://firemap.live/"
"580609",37.8388,13.9595,"Polizzi Generosa","Polizzi Generosa","IT","Italië","Uitgedoofd","Volgens de laatste beschikbare bronupdate was deze brand uitgedoofd.",3,"#FCD9BE","Nee",0,"0 hectare",0.1,"27 juli 2026","2026-07-27",8,"8 dagen",0,0,119,"Extreem","4 augustus 2026 om 07:42","2026-08-04T05:42:33.866Z","2026-08-04T05:57:47Z","FireMap.live (EFFIS en NASA FIRMS)","https://firemap.live/"
"584090",40.8415,22.6382,"Bosbrand in Griekenland",,"EL","Griekenland","Uitgedoofd","Volgens de laatste beschikbare bronupdate was deze brand uitgedoofd.",3,"#FCD9BE","Nee",34,"34 hectare",1.12,"27 juli 2026","2026-07-27",8,"8 dagen",0,0,88,"Hoog","4 augustus 2026 om 07:42","2026-08-04T05:42:33.866Z","2026-08-04T05:57:47Z","FireMap.live (EFFIS en NASA FIRMS)","https://firemap.live/"
"580608",37.8397,13.9531,"Scillato","Scillato","IT","Italië","Uitgedoofd","Volgens de laatste beschikbare bronupdate was deze brand uitgedoofd.",3,"#FCD9BE","Nee",0,"0 hectare",0.1,"27 juli 2026","2026-07-27",8,"8 dagen",0,0,119,"Extreem","4 augustus 2026 om 07:42","2026-08-04T05:42:33.866Z","2026-08-04T05:57:47Z","FireMap.live (EFFIS en NASA FIRMS)","https://firemap.live/"
"584075",35.0565,36.388,"Bosbrand in Syrië",,"SY","Syrië","Uitgedoofd","Volgens de laatste beschikbare bronupdate was deze brand uitgedoofd.",3,"#FCD9BE","Nee",3,"3 hectare",0.59,"27 juli 2026","2026-07-27",8,"8 dagen",0,0,90,"Zeer hoog","4 augustus 2026 om 07:42","2026-08-04T05:42:33.866Z","2026-08-04T05:57:47Z","FireMap.live (EFFIS en NASA FIRMS)","https://firemap.live/"
"580747",38.9325,16.4736,"Miglierina","Miglierina","IT","Italië","Uitgedoofd","Volgens de laatste beschikbare bronupdate was deze brand uitgedoofd.",3,"#FCD9BE","Nee",8,"8 hectare",0.8,"27 juli 2026","2026-07-27",8,"8 dagen",0,0,118,"Hoog","4 augustus 2026 om 07:42","2026-08-04T05:42:33.866Z","2026-08-04T05:57:47Z","FireMap.live (EFFIS en NASA FIRMS)","https://firemap.live/"
"592411",37.9854,38.286,"Bosbrand in Turkije",,"TR","Turkije","Onder controle","Volgens de laatste beschikbare bronupdate stond deze brand onder controle.",2,"#E07154","Ja",14,"14 hectare",0.92,"27 juli 2026","2026-07-27",8,"8 dagen",0,0,20,"Zeer hoog","4 augustus 2026 om 07:42","2026-08-04T05:42:33.867Z","2026-08-04T05:57:47Z","FireMap.live (EFFIS en NASA FIRMS)","https://firemap.live/"
"575214",41.1652,-8.2574,"Luzim e Vila Cova","Luzim e Vila Cova","PT","Portugal","Onder controle","Volgens de laatste beschikbare bronupdate stond deze brand onder controle.",2,"#E07154","Ja",437,"437 hectare",1.67,"27 juli 2026","2026-07-27",8,"8 dagen",0,3,165,"Gemiddeld","4 augustus 2026 om 07:42","2026-08-04T05:42:33.867Z","2026-08-04T05:57:47Z","FireMap.live (EFFIS en NASA FIRMS)","https://firemap.live/"
"577249",33.1325,35.4091,"El-Taïri","El-Taïri","LB","Libanon","Uitgedoofd","Volgens de laatste beschikbare bronupdate was deze brand uitgedoofd.",3,"#FCD9BE","Nee",1,"1 hectare",0.35,"27 juli 2026","2026-07-27",8,"8 dagen",0,0,139,"Hoog","4 augustus 2026 om 07:42","2026-08-04T05:42:33.867Z","2026-08-04T05:57:47Z","FireMap.live (EFFIS en NASA FIRMS)","https://firemap.live/"
"577248",33.1337,35.4063,"El-Taïri","El-Taïri","LB","Libanon","Uitgedoofd","Volgens de laatste beschikbare bronupdate was deze brand uitgedoofd.",3,"#FCD9BE","Nee",4,"4 hectare",0.65,"27 juli 2026","2026-07-27",8,"8 dagen",0,0,139,"Hoog","4 augustus 2026 om 07:42","2026-08-04T05:42:33.867Z","2026-08-04T05:57:47Z","FireMap.live (EFFIS en NASA FIRMS)","https://firemap.live/"
"575309",34.9258,33.4837,"Bosbrand in Cyprus",,"CY","Cyprus","Uitgedoofd","Volgens de laatste beschikbare bronupdate was deze brand uitgedoofd.",3,"#FCD9BE","Nee",291,"291 hectare",1.58,"27 juli 2026","2026-07-27",8,"8 dagen",0,0,159,"Extreem","4 augustus 2026 om 07:42","2026-08-04T05:42:33.868Z","2026-08-04T05:57:47Z","FireMap.live (EFFIS en NASA FIRMS)","https://firemap.live/"
"577247",33.1303,35.3736,"Debel","Debel","LB","Libanon","Uitgedoofd","Volgens de laatste beschikbare bronupdate was deze brand uitgedoofd.",3,"#FCD9BE","Nee",15,"15 hectare",0.94,"27 juli 2026","2026-07-27",8,"8 dagen",0,0,139,"Hoog","4 augustus 2026 om 07:42","2026-08-04T05:42:33.868Z","2026-08-04T05:57:47Z","FireMap.live (EFFIS en NASA FIRMS)","https://firemap.live/"
"584071",34.1674,35.6613,"Hisraïl","Hisraïl","LB","Libanon","Uitgedoofd","Volgens de laatste beschikbare bronupdate was deze brand uitgedoofd.",3,"#FCD9BE","Nee",7,"7 hectare",0.77,"27 juli 2026","2026-07-27",8,"8 dagen",0,0,91,"Hoog","4 augustus 2026 om 07:42","2026-08-04T05:42:33.868Z","2026-08-04T05:57:47Z","FireMap.live (EFFIS en NASA FIRMS)","https://firemap.live/"
"577269",35.0067,24.8845,"Bosbrand in Griekenland",,"EL","Griekenland","Uitgedoofd","Volgens de laatste beschikbare bronupdate was deze brand uitgedoofd.",3,"#FCD9BE","Nee",50,"50 hectare",1.2,"27 juli 2026","2026-07-27",8,"8 dagen",0,0,139,"Zeer hoog","4 augustus 2026 om 07:42","2026-08-04T05:42:33.868Z","2026-08-04T05:57:47Z","FireMap.live (EFFIS en NASA FIRMS)","https://firemap.live/"
"575262",37.7728,13.5601,"Vicari","Vicari","IT","Italië","Uitgedoofd","Volgens de laatste beschikbare bronupdate was deze brand uitgedoofd.",3,"#FCD9BE","Nee",1221,"1.221 hectare",1.89,"27 juli 2026","2026-07-27",8,"8 dagen",0,0,161,"Zeer hoog","4 augustus 2026 om 07:42","2026-08-04T05:42:33.869Z","2026-08-04T05:57:47Z","FireMap.live (EFFIS en NASA FIRMS)","https://firemap.live/"
"581352",47.0902,35.6162,"Bosbrand in Oekraïne",,"UA","Oekraïne","Uitgedoofd","Volgens de laatste beschikbare bronupdate was deze brand uitgedoofd.",3,"#FCD9BE","Nee",117,"117 hectare",1.38,"27 juli 2026","2026-07-27",8,"8 dagen",0,0,116,"Hoog","4 augustus 2026 om 07:42","2026-08-04T05:42:33.869Z","2026-08-04T05:57:47Z","FireMap.live (EFFIS en NASA FIRMS)","https://firemap.live/"
"581367",41.3833,21.5291,"Bosbrand in Noord-Macedonië",,"MK","Noord-Macedonië","Uitgedoofd","Volgens de laatste beschikbare bronupdate was deze brand uitgedoofd.",3,"#FCD9BE","Nee",242,"242 hectare",1.54,"27 juli 2026","2026-07-27",8,"8 dagen",0,0,115,"Extreem","4 augustus 2026 om 07:42","2026-08-04T05:42:33.869Z","2026-08-04T05:57:47Z","FireMap.live (EFFIS en NASA FIRMS)","https://firemap.live/"
"577231",41.397,21.5246,"Bosbrand in Noord-Macedonië",,"MK","Noord-Macedonië","Onder controle","Volgens de laatste beschikbare bronupdate stond deze brand onder controle.",2,"#E07154","Ja",67,"67 hectare",1.26,"27 juli 2026","2026-07-27",8,"8 dagen",0,1,141,"Extreem","4 augustus 2026 om 07:42","2026-08-04T05:42:33.869Z","2026-08-04T05:57:47Z","FireMap.live (EFFIS en NASA FIRMS)","https://firemap.live/"
"575211",38.6603,16.1088,"Vibo Valentia","Vibo Valentia","IT","Italië","Uitgedoofd","Volgens de laatste beschikbare bronupdate was deze brand uitgedoofd.",3,"#FCD9BE","Nee",4,"4 hectare",0.65,"27 juli 2026","2026-07-27",8,"8 dagen",0,0,165,"Hoog","4 augustus 2026 om 07:42","2026-08-04T05:42:33.870Z","2026-08-04T05:57:47Z","FireMap.live (EFFIS en NASA FIRMS)","https://firemap.live/"
"581368",39.2338,42.6995,"Bosbrand in Turkije",,"TR","Turkije","Uitgedoofd","Volgens de laatste beschikbare bronupdate was deze brand uitgedoofd.",3,"#FCD9BE","Nee",25,"25 hectare",1.05,"27 juli 2026","2026-07-27",8,"8 dagen",0,0,115,"Onbekend","4 augustus 2026 om 07:42","2026-08-04T05:42:33.870Z","2026-08-04T05:57:47Z","FireMap.live (EFFIS en NASA FIRMS)","https://firemap.live/"
"584016",38.4145,40.4939,"Bosbrand in Turkije",,"TR","Turkije","Uitgedoofd","Volgens de laatste beschikbare bronupdate was deze brand uitgedoofd.",3,"#FCD9BE","Nee",4,"4 hectare",0.65,"27 juli 2026","2026-07-27",8,"8 dagen",0,0,94,"Extreem","4 augustus 2026 om 07:42","2026-08-04T05:42:33.870Z","2026-08-04T05:57:47Z","FireMap.live (EFFIS en NASA FIRMS)","https://firemap.live/"
"581377",38.0003,41.9355,"Siirt","Siirt","TR","Turkije","Uitgedoofd","Volgens de laatste beschikbare bronupdate was deze brand uitgedoofd.",3,"#FCD9BE","Nee",8,"8 hectare",0.8,"27 juli 2026","2026-07-27",8,"8 dagen",0,0,115,"Extreem","4 augustus 2026 om 07:42","2026-08-04T05:42:33.870Z","2026-08-04T05:57:47Z","FireMap.live (EFFIS en NASA FIRMS)","https://firemap.live/"
"575219",41.7595,-8.5384,"Ribeira","Ribeira","PT","Portugal","Uitgedoofd","Volgens de laatste beschikbare bronupdate was deze brand uitgedoofd.",3,"#FCD9BE","Nee",2,"2 hectare",0.5,"26 juli 2026","2026-07-26",8,"8 dagen",0,0,165,"Laag","4 augustus 2026 om 07:42","2026-08-04T05:42:33.870Z","2026-08-04T05:57:47Z","FireMap.live (EFFIS en NASA FIRMS)","https://firemap.live/"
"575221",41.7564,-8.5382,"Ribeira","Ribeira","PT","Portugal","Uitgedoofd","Volgens de laatste beschikbare bronupdate was deze brand uitgedoofd.",3,"#FCD9BE","Nee",1,"1 hectare",0.35,"26 juli 2026","2026-07-26",8,"8 dagen",0,0,165,"Laag","4 augustus 2026 om 07:42","2026-08-04T05:42:33.871Z","2026-08-04T05:57:47Z","FireMap.live (EFFIS en NASA FIRMS)","https://firemap.live/"
"575220",41.7574,-8.5392,"Ribeira","Ribeira","PT","Portugal","Uitgedoofd","Volgens de laatste beschikbare bronupdate was deze brand uitgedoofd.",3,"#FCD9BE","Nee",0,"0 hectare",0.1,"26 juli 2026","2026-07-26",8,"8 dagen",0,0,165,"Laag","4 augustus 2026 om 07:42","2026-08-04T05:42:33.871Z","2026-08-04T05:57:47Z","FireMap.live (EFFIS en NASA FIRMS)","https://firemap.live/"
"575222",41.7571,-8.5347,"Serdedelo","Serdedelo","PT","Portugal","Uitgedoofd","Volgens de laatste beschikbare bronupdate was deze brand uitgedoofd.",3,"#FCD9BE","Nee",31,"31 hectare",1.1,"26 juli 2026","2026-07-26",8,"8 dagen",0,0,165,"Laag","4 augustus 2026 om 07:42","2026-08-04T05:42:33.871Z","2026-08-04T05:57:47Z","FireMap.live (EFFIS en NASA FIRMS)","https://firemap.live/"
"575208",39.2362,16.2568,"Dipignano","Dipignano","IT","Italië","Uitgedoofd","Volgens de laatste beschikbare bronupdate was deze brand uitgedoofd.",3,"#FCD9BE","Nee",3,"3 hectare",0.59,"26 juli 2026","2026-07-26",8,"8 dagen",0,0,165,"Zeer hoog","4 augustus 2026 om 07:42","2026-08-04T05:42:33.871Z","2026-08-04T05:57:47Z","FireMap.live (EFFIS en NASA FIRMS)","https://firemap.live/"
"592399",37.4363,-2.3568,"Purchena","Purchena","ES","Spanje","Onder controle","Volgens de laatste beschikbare bronupdate stond deze brand onder controle.",2,"#E07154","Ja",7,"7 hectare",0.77,"26 juli 2026","2026-07-26",9,"9 dagen",0,0,21,"Extreem","4 augustus 2026 om 07:42","2026-08-04T05:42:33.872Z","2026-08-04T05:57:47Z","FireMap.live (EFFIS en NASA FIRMS)","https://firemap.live/"
"574993",45.1502,7.0417,"Mompantero","Mompantero","IT","Italië","Uitgedoofd","Volgens de laatste beschikbare bronupdate was deze brand uitgedoofd.",3,"#FCD9BE","Nee",10,"10 hectare",0.85,"26 juli 2026","2026-07-26",9,"9 dagen",0,0,166,"Laag","4 augustus 2026 om 07:42","2026-08-04T05:42:33.872Z","2026-08-04T05:57:47Z","FireMap.live (EFFIS en NASA FIRMS)","https://firemap.live/"
"575226",41.5962,-8.494,"Cabanelas","Cabanelas","PT","Portugal","Uitgedoofd","Volgens de laatste beschikbare bronupdate was deze brand uitgedoofd.",3,"#FCD9BE","Nee",1,"1 hectare",0.35,"26 juli 2026","2026-07-26",9,"9 dagen",0,0,165,"Laag","4 augustus 2026 om 07:42","2026-08-04T05:42:33.872Z","2026-08-04T05:57:47Z","FireMap.live (EFFIS en NASA FIRMS)","https://firemap.live/"
"575199",40.9496,16.5463,"Toritto","Toritto","IT","Italië","Uitgedoofd","Volgens de laatste beschikbare bronupdate was deze brand uitgedoofd.",3,"#FCD9BE","Nee",279,"279 hectare",1.57,"26 juli 2026","2026-07-26",9,"9 dagen",0,0,166,"Extreem","4 augustus 2026 om 07:42","2026-08-04T05:42:33.872Z","2026-08-04T05:57:47Z","FireMap.live (EFFIS en NASA FIRMS)","https://firemap.live/"
"580739",38.2499,15.7601,"Scilla","Scilla","IT","Italië","Uitgedoofd","Volgens de laatste beschikbare bronupdate was deze brand uitgedoofd.",3,"#FCD9BE","Nee",3,"3 hectare",0.59,"26 juli 2026","2026-07-26",9,"9 dagen",0,0,118,"Hoog","4 augustus 2026 om 07:42","2026-08-04T05:42:33.873Z","2026-08-04T05:57:47Z","FireMap.live (EFFIS en NASA FIRMS)","https://firemap.live/"
"575228",37.9113,12.7866,"Trapani","Trapani","IT","Italië","Uitgedoofd","Volgens de laatste beschikbare bronupdate was deze brand uitgedoofd.",3,"#FCD9BE","Nee",7,"7 hectare",0.77,"26 juli 2026","2026-07-26",9,"9 dagen",0,0,165,"Zeer hoog","4 augustus 2026 om 07:42","2026-08-04T05:42:33.873Z","2026-08-04T05:57:47Z","FireMap.live (EFFIS en NASA FIRMS)","https://firemap.live/"
"575265",41.9352,16.0439,"Peschici","Peschici","IT","Italië","Uitgedoofd","Volgens de laatste beschikbare bronupdate was deze brand uitgedoofd.",3,"#FCD9BE","Nee",49,"49 hectare",1.2,"26 juli 2026","2026-07-26",9,"9 dagen",0,0,161,"Hoog","4 augustus 2026 om 07:42","2026-08-04T05:42:33.873Z","2026-08-04T05:57:47Z","FireMap.live (EFFIS en NASA FIRMS)","https://firemap.live/"
"584057",41.8361,15.7578,"Cagnano Varano","Cagnano Varano","IT","Italië","Uitgedoofd","Volgens de laatste beschikbare bronupdate was deze brand uitgedoofd.",3,"#FCD9BE","Nee",41,"41 hectare",1.16,"26 juli 2026","2026-07-26",9,"9 dagen",0,0,92,"Hoog","4 augustus 2026 om 07:42","2026-08-04T05:42:33.874Z","2026-08-04T05:57:47Z","FireMap.live (EFFIS en NASA FIRMS)","https://firemap.live/"
"581350",42.0758,19.5627,"Shkodër","Shkodër","AL","Albanië","Uitgedoofd","Volgens de laatste beschikbare bronupdate was deze brand uitgedoofd.",3,"#FCD9BE","Nee",3,"3 hectare",0.59,"26 juli 2026","2026-07-26",9,"9 dagen",0,0,116,"Zeer hoog","4 augustus 2026 om 07:42","2026-08-04T05:42:33.874Z","2026-08-04T05:57:47Z","FireMap.live (EFFIS en NASA FIRMS)","https://firemap.live/"
"581345",47.9881,23.9067,"Bosbrand in Oekraïne",,"UA","Oekraïne","Uitgedoofd","Volgens de laatste beschikbare bronupdate was deze brand uitgedoofd.",3,"#FCD9BE","Nee",2,"2 hectare",0.5,"26 juli 2026","2026-07-26",9,"9 dagen",0,0,116,"Hoog","4 augustus 2026 om 07:42","2026-08-04T05:42:33.874Z","2026-08-04T05:57:47Z","FireMap.live (EFFIS en NASA FIRMS)","https://firemap.live/"
"575236",47.6725,21.6528,"Hajdúhadház","Hajdúhadház","HU","Hongarije","Uitgedoofd","Volgens de laatste beschikbare bronupdate was deze brand uitgedoofd.",3,"#FCD9BE","Nee",2,"2 hectare",0.5,"26 juli 2026","2026-07-26",9,"9 dagen",0,0,165,"Zeer hoog","4 augustus 2026 om 07:42","2026-08-04T05:42:33.874Z","2026-08-04T05:57:47Z","FireMap.live (EFFIS en NASA FIRMS)","https://firemap.live/"
"575196",41.8692,15.6593,"Cagnano Varano","Cagnano Varano","IT","Italië","Uitgedoofd","Volgens de laatste beschikbare bronupdate was deze brand uitgedoofd.",3,"#FCD9BE","Nee",26,"26 hectare",1.06,"26 juli 2026","2026-07-26",9,"9 dagen",0,0,166,"Hoog","4 augustus 2026 om 07:42","2026-08-04T05:42:33.874Z","2026-08-04T05:57:47Z","FireMap.live (EFFIS en NASA FIRMS)","https://firemap.live/"
"580733",46.4061,32.4905,"Bosbrand in Oekraïne",,"UA","Oekraïne","Uitgedoofd","Volgens de laatste beschikbare bronupdate was deze brand uitgedoofd.",3,"#FCD9BE","Nee",119,"119 hectare",1.39,"26 juli 2026","2026-07-26",9,"9 dagen",0,0,118,"Zeer hoog","4 augustus 2026 om 07:42","2026-08-04T05:42:33.875Z","2026-08-04T05:57:47Z","FireMap.live (EFFIS en NASA FIRMS)","https://firemap.live/"
"575203",39.3953,17.0429,"Cirò","Cirò","IT","Italië","Uitgedoofd","Volgens de laatste beschikbare bronupdate was deze brand uitgedoofd.",3,"#FCD9BE","Nee",304,"304 hectare",1.59,"26 juli 2026","2026-07-26",9,"9 dagen",0,0,165,"Hoog","4 augustus 2026 om 07:42","2026-08-04T05:42:33.875Z","2026-08-04T05:57:47Z","FireMap.live (EFFIS en NASA FIRMS)","https://firemap.live/"
"581355",38.6807,22.7626,"Bosbrand in Griekenland",,"EL","Griekenland","Uitgedoofd","Volgens de laatste beschikbare bronupdate was deze brand uitgedoofd.",3,"#FCD9BE","Nee",2,"2 hectare",0.5,"26 juli 2026","2026-07-26",9,"9 dagen",0,0,116,"Hoog","4 augustus 2026 om 07:42","2026-08-04T05:42:33.875Z","2026-08-04T05:57:47Z","FireMap.live (EFFIS en NASA FIRMS)","https://firemap.live/"
"580734",46.4335,32.4789,"Bosbrand in Oekraïne",,"UA","Oekraïne","Uitgedoofd","Volgens de laatste beschikbare bronupdate was deze brand uitgedoofd.",3,"#FCD9BE","Nee",36,"36 hectare",1.13,"26 juli 2026","2026-07-26",9,"9 dagen",0,0,118,"Zeer hoog","4 augustus 2026 om 07:42","2026-08-04T05:42:33.875Z","2026-08-04T05:57:47Z","FireMap.live (EFFIS en NASA FIRMS)","https://firemap.live/"
"580749",46.1979,33.1777,"Bosbrand in Oekraïne",,"UA","Oekraïne","Uitgedoofd","Volgens de laatste beschikbare bronupdate was deze brand uitgedoofd.",3,"#FCD9BE","Nee",607,"607 hectare",1.74,"26 juli 2026","2026-07-26",9,"9 dagen",0,0,118,"Extreem","4 augustus 2026 om 07:42","2026-08-04T05:42:33.876Z","2026-08-04T05:57:47Z","FireMap.live (EFFIS en NASA FIRMS)","https://firemap.live/"
"577245",33.1155,35.1683,"Alma Chaab","Alma Chaab","LB","Libanon","Uitgedoofd","Volgens de laatste beschikbare bronupdate was deze brand uitgedoofd.",3,"#FCD9BE","Nee",9,"9 hectare",0.83,"26 juli 2026","2026-07-26",9,"9 dagen",0,0,139,"Hoog","4 augustus 2026 om 07:42","2026-08-04T05:42:33.876Z","2026-08-04T05:57:47Z","FireMap.live (EFFIS en NASA FIRMS)","https://firemap.live/"
"575200",39.9315,15.7803,"Tortora","Tortora","IT","Italië","Uitgedoofd","Volgens de laatste beschikbare bronupdate was deze brand uitgedoofd.",3,"#FCD9BE","Nee",21,"21 hectare",1.01,"26 juli 2026","2026-07-26",9,"9 dagen",0,0,166,"Gemiddeld","4 augustus 2026 om 07:42","2026-08-04T05:42:33.876Z","2026-08-04T05:57:47Z","FireMap.live (EFFIS en NASA FIRMS)","https://firemap.live/"
"580996",49.9572,4.8381,"Gedinne","Gedinne","BE","België","Uitgedoofd","Volgens de laatste beschikbare bronupdate was deze brand uitgedoofd.",3,"#FCD9BE","Nee",7,"7 hectare",0.77,"26 juli 2026","2026-07-26",9,"9 dagen",0,0,118,"Laag","4 augustus 2026 om 07:42","2026-08-04T05:42:33.876Z","2026-08-04T05:57:47Z","FireMap.live (EFFIS en NASA FIRMS)","https://firemap.live/"
"575308",37.036,6.4462,"Bosbrand in Algerije",,"DZ","Algerije","Uitgedoofd","Volgens de laatste beschikbare bronupdate was deze brand uitgedoofd.",3,"#FCD9BE","Nee",787,"787 hectare",1.8,"26 juli 2026","2026-07-26",9,"9 dagen",0,0,160,"Zeer hoog","4 augustus 2026 om 07:42","2026-08-04T05:42:33.877Z","2026-08-04T05:57:47Z","FireMap.live (EFFIS en NASA FIRMS)","https://firemap.live/"
"577295",41.3814,13.3515,"Monte San Biagio","Monte San Biagio","IT","Italië","Uitgedoofd","Volgens de laatste beschikbare bronupdate was deze brand uitgedoofd.",3,"#FCD9BE","Nee",2,"2 hectare",0.5,"26 juli 2026","2026-07-26",9,"9 dagen",0,0,136,"Hoog","4 augustus 2026 om 07:42","2026-08-04T05:42:33.877Z","2026-08-04T05:57:47Z","FireMap.live (EFFIS en NASA FIRMS)","https://firemap.live/"
"574982",43.5517,3.8081,"Fabrègues","Fabrègues","FR","Frankrijk","Uitgedoofd","Volgens de laatste beschikbare bronupdate was deze brand uitgedoofd.",3,"#FCD9BE","Nee",1,"1 hectare",0.35,"26 juli 2026","2026-07-26",9,"9 dagen",0,0,166,"Laag","4 augustus 2026 om 07:42","2026-08-04T05:42:33.877Z","2026-08-04T05:57:47Z","FireMap.live (EFFIS en NASA FIRMS)","https://firemap.live/"
"584066",43.5481,5.988,"Barjols","Barjols","FR","Frankrijk","Uitgedoofd","Volgens de laatste beschikbare bronupdate was deze brand uitgedoofd.",3,"#FCD9BE","Nee",0,"0 hectare",0.1,"26 juli 2026","2026-07-26",9,"9 dagen",0,0,91,"Zeer hoog","4 augustus 2026 om 07:42","2026-08-04T05:42:33.877Z","2026-08-04T05:57:47Z","FireMap.live (EFFIS en NASA FIRMS)","https://firemap.live/"
"584065",43.5501,5.9848,"Barjols","Barjols","FR","Frankrijk","Uitgedoofd","Volgens de laatste beschikbare bronupdate was deze brand uitgedoofd.",3,"#FCD9BE","Nee",1,"1 hectare",0.35,"26 juli 2026","2026-07-26",9,"9 dagen",0,0,91,"Zeer hoog","4 augustus 2026 om 07:42","2026-08-04T05:42:33.878Z","2026-08-04T05:57:47Z","FireMap.live (EFFIS en NASA FIRMS)","https://firemap.live/"
"574942",43.5417,5.9922,"Barjols","Barjols","FR","Frankrijk","Uitgedoofd","Volgens de laatste beschikbare bronupdate was deze brand uitgedoofd.",3,"#FCD9BE","Nee",213,"213 hectare",1.51,"26 juli 2026","2026-07-26",9,"9 dagen",0,0,167,"Zeer hoog","4 augustus 2026 om 07:42","2026-08-04T05:42:33.878Z","2026-08-04T05:57:47Z","FireMap.live (EFFIS en NASA FIRMS)","https://firemap.live/"
"575202",39.5701,15.8884,"Bonifati","Bonifati","IT","Italië","Uitgedoofd","Volgens de laatste beschikbare bronupdate was deze brand uitgedoofd.",3,"#FCD9BE","Nee",40,"40 hectare",1.15,"26 juli 2026","2026-07-26",9,"9 dagen",0,0,166,"Gemiddeld","4 augustus 2026 om 07:42","2026-08-04T05:42:33.878Z","2026-08-04T05:57:47Z","FireMap.live (EFFIS en NASA FIRMS)","https://firemap.live/"
"575207",39.3441,16.0643,"Paola","Paola","IT","Italië","Uitgedoofd","Volgens de laatste beschikbare bronupdate was deze brand uitgedoofd.",3,"#FCD9BE","Nee",22,"22 hectare",1.02,"26 juli 2026","2026-07-26",9,"9 dagen",0,0,165,"Gemiddeld","4 augustus 2026 om 07:42","2026-08-04T05:42:33.878Z","2026-08-04T05:57:47Z","FireMap.live (EFFIS en NASA FIRMS)","https://firemap.live/"
"575294",36.1333,7.3985,"Bosbrand in Algerije",,"DZ","Algerije","Uitgedoofd","Volgens de laatste beschikbare bronupdate was deze brand uitgedoofd.",3,"#FCD9BE","Nee",189,"189 hectare",1.49,"25 juli 2026","2026-07-25",9,"9 dagen",0,0,160,"Onbekend","4 augustus 2026 om 07:42","2026-08-04T05:42:33.879Z","2026-08-04T05:57:47Z","FireMap.live (EFFIS en NASA FIRMS)","https://firemap.live/"
"575234",39.9995,-8.6484,"Almagreira","Almagreira","PT","Portugal","Uitgedoofd","Volgens de laatste beschikbare bronupdate was deze brand uitgedoofd.",3,"#FCD9BE","Nee",18,"18 hectare",0.98,"25 juli 2026","2026-07-25",10,"10 dagen",0,0,165,"Gemiddeld","4 augustus 2026 om 07:42","2026-08-04T05:42:33.879Z","2026-08-04T05:57:47Z","FireMap.live (EFFIS en NASA FIRMS)","https://firemap.live/"
"581060",52.0687,13.0397,"Jüterbog, Stadt","Jüterbog, Stadt","DE","Duitsland","Onder controle","Volgens de laatste beschikbare bronupdate stond deze brand onder controle.",2,"#E07154","Ja",30,"30 hectare",1.09,"25 juli 2026","2026-07-25",10,"10 dagen",0,2,117,"Laag","4 augustus 2026 om 07:42","2026-08-04T05:42:33.880Z","2026-08-04T05:57:47Z","FireMap.live (EFFIS en NASA FIRMS)","https://firemap.live/"
"577212",39.2998,9.362,"Sinnai","Sinnai","IT","Italië","Uitgedoofd","Volgens de laatste beschikbare bronupdate was deze brand uitgedoofd.",3,"#FCD9BE","Nee",11,"11 hectare",0.87,"25 juli 2026","2026-07-25",10,"10 dagen",0,0,142,"Hoog","4 augustus 2026 om 07:42","2026-08-04T05:42:33.880Z","2026-08-04T05:57:47Z","FireMap.live (EFFIS en NASA FIRMS)","https://firemap.live/"
"575198",40.4222,-4.8516,"Navatalgordo","Navatalgordo","ES","Spanje","Uitgedoofd","Volgens de laatste beschikbare bronupdate was deze brand uitgedoofd.",3,"#FCD9BE","Nee",1,"1 hectare",0.35,"25 juli 2026","2026-07-25",10,"10 dagen",0,0,166,"Hoog","4 augustus 2026 om 07:42","2026-08-04T05:42:33.880Z","2026-08-04T05:57:47Z","FireMap.live (EFFIS en NASA FIRMS)","https://firemap.live/"
"575077",43.5153,10.892,"Montaione","Montaione","IT","Italië","Uitgedoofd","Volgens de laatste beschikbare bronupdate was deze brand uitgedoofd.",3,"#FCD9BE","Nee",0,"0 hectare",0.1,"25 juli 2026","2026-07-25",10,"10 dagen",0,0,166,"Zeer hoog","4 augustus 2026 om 07:42","2026-08-04T05:42:33.881Z","2026-08-04T05:57:47Z","FireMap.live (EFFIS en NASA FIRMS)","https://firemap.live/"
"575298",36.2823,8.6552,"Bosbrand in Tunesië",,"TN","Tunesië","Uitgedoofd","Volgens de laatste beschikbare bronupdate was deze brand uitgedoofd.",3,"#FCD9BE","Nee",4,"4 hectare",0.65,"25 juli 2026","2026-07-25",10,"10 dagen",0,0,160,"Onbekend","4 augustus 2026 om 07:42","2026-08-04T05:42:33.881Z","2026-08-04T05:57:47Z","FireMap.live (EFFIS en NASA FIRMS)","https://firemap.live/"
"575204",39.3255,17.0733,"Cirò Marina","Cirò Marina","IT","Italië","Uitgedoofd","Volgens de laatste beschikbare bronupdate was deze brand uitgedoofd.",3,"#FCD9BE","Nee",67,"67 hectare",1.26,"25 juli 2026","2026-07-25",10,"10 dagen",0,0,165,"Zeer hoog","4 augustus 2026 om 07:42","2026-08-04T05:42:33.881Z","2026-08-04T05:57:47Z","FireMap.live (EFFIS en NASA FIRMS)","https://firemap.live/"
"575229",40.6889,8.6423,"Cargeghe","Cargeghe","IT","Italië","Uitgedoofd","Volgens de laatste beschikbare bronupdate was deze brand uitgedoofd.",3,"#FCD9BE","Nee",11,"11 hectare",0.87,"25 juli 2026","2026-07-25",10,"10 dagen",0,0,165,"Zeer hoog","4 augustus 2026 om 07:42","2026-08-04T05:42:33.882Z","2026-08-04T05:57:47Z","FireMap.live (EFFIS en NASA FIRMS)","https://firemap.live/"
"575304",36.3747,3.5995,"Bosbrand in Algerije",,"DZ","Algerije","Uitgedoofd","Volgens de laatste beschikbare bronupdate was deze brand uitgedoofd.",3,"#FCD9BE","Nee",41,"41 hectare",1.16,"23 juli 2026","2026-07-23",12,"12 dagen",0,0,160,"Extreem","4 augustus 2026 om 07:42","2026-08-04T05:42:33.919Z","2026-08-04T05:57:47Z","FireMap.live (EFFIS en NASA FIRMS)","https://firemap.live/"
"580989",42.0207,19.4554,"Shkodër","Shkodër","AL","Albanië","Uitgedoofd","Volgens de laatste beschikbare bronupdate was deze brand uitgedoofd.",3,"#FCD9BE","Nee",3,"3 hectare",0.59,"25 juli 2026","2026-07-25",10,"10 dagen",0,0,118,"Hoog","4 augustus 2026 om 07:42","2026-08-04T05:42:33.882Z","2026-08-04T05:57:47Z","FireMap.live (EFFIS en NASA FIRMS)","https://firemap.live/"
"592437",43.5624,22.9246,"Bosbrand in Bulgarije",,"BG","Bulgarije","Onder controle","Volgens de laatste beschikbare bronupdate stond deze brand onder controle.",2,"#E07154","Ja",8,"8 hectare",0.8,"25 juli 2026","2026-07-25",10,"10 dagen",0,0,20,"Hoog","4 augustus 2026 om 07:42","2026-08-04T05:42:33.882Z","2026-08-04T05:57:47Z","FireMap.live (EFFIS en NASA FIRMS)","https://firemap.live/"
"577296",41.2454,13.5682,"Gaeta","Gaeta","IT","Italië","Uitgedoofd","Volgens de laatste beschikbare bronupdate was deze brand uitgedoofd.",3,"#FCD9BE","Nee",2,"2 hectare",0.5,"25 juli 2026","2026-07-25",10,"10 dagen",0,0,136,"Gemiddeld","4 augustus 2026 om 07:42","2026-08-04T05:42:33.882Z","2026-08-04T05:57:47Z","FireMap.live (EFFIS en NASA FIRMS)","https://firemap.live/"
"575201",39.8332,15.8055,"Scalea","Scalea","IT","Italië","Uitgedoofd","Volgens de laatste beschikbare bronupdate was deze brand uitgedoofd.",3,"#FCD9BE","Nee",22,"22 hectare",1.02,"25 juli 2026","2026-07-25",10,"10 dagen",0,0,166,"Gemiddeld","4 augustus 2026 om 07:42","2026-08-04T05:42:33.883Z","2026-08-04T05:57:47Z","FireMap.live (EFFIS en NASA FIRMS)","https://firemap.live/"
"575210",38.6937,16.2259,"Filogaso","Filogaso","IT","Italië","Uitgedoofd","Volgens de laatste beschikbare bronupdate was deze brand uitgedoofd.",3,"#FCD9BE","Nee",21,"21 hectare",1.01,"25 juli 2026","2026-07-25",10,"10 dagen",0,0,165,"Hoog","4 augustus 2026 om 07:42","2026-08-04T05:42:33.883Z","2026-08-04T05:57:47Z","FireMap.live (EFFIS en NASA FIRMS)","https://firemap.live/"
"592455",33.3527,35.4587,"Choukine","Choukine","LB","Libanon","Onder controle","Volgens de laatste beschikbare bronupdate stond deze brand onder controle.",2,"#E07154","Ja",2,"2 hectare",0.5,"25 juli 2026","2026-07-25",10,"10 dagen",0,0,19,"Zeer hoog","4 augustus 2026 om 07:42","2026-08-04T05:42:33.884Z","2026-08-04T05:57:47Z","FireMap.live (EFFIS en NASA FIRMS)","https://firemap.live/"
"592442",43.8,26.9814,"Bosbrand in Bulgarije",,"BG","Bulgarije","Onder controle","Volgens de laatste beschikbare bronupdate stond deze brand onder controle.",2,"#E07154","Ja",12,"12 hectare",0.89,"25 juli 2026","2026-07-25",10,"10 dagen",0,0,20,"Hoog","4 augustus 2026 om 07:42","2026-08-04T05:42:33.884Z","2026-08-04T05:57:47Z","FireMap.live (EFFIS en NASA FIRMS)","https://firemap.live/"
"584017",38.4116,40.4991,"Bosbrand in Turkije",,"TR","Turkije","Uitgedoofd","Volgens de laatste beschikbare bronupdate was deze brand uitgedoofd.",3,"#FCD9BE","Nee",21,"21 hectare",1.01,"25 juli 2026","2026-07-25",10,"10 dagen",1,0,93,"Extreem","4 augustus 2026 om 07:42","2026-08-04T05:42:33.885Z","2026-08-04T05:57:47Z","FireMap.live (EFFIS en NASA FIRMS)","https://firemap.live/"
"570518",39.8913,-0.2558,"Nules","Nules","ES","Spanje","Onder controle","Volgens de laatste beschikbare bronupdate stond deze brand onder controle.",2,"#E07154","Ja",9222,"9.222 hectare",2.33,"25 juli 2026","2026-07-25",10,"10 dagen",0,13,213,"Hoog","4 augustus 2026 om 07:42","2026-08-04T05:42:33.885Z","2026-08-04T05:57:47Z","FireMap.live (EFFIS en NASA FIRMS)","https://firemap.live/"
"592247",44.9759,-0.977,"Sainte-Hélène","Sainte-Hélène","FR","Frankrijk","Onder controle","Volgens de laatste beschikbare bronupdate stond deze brand onder controle.",2,"#E07154","Ja",7,"7 hectare",0.77,"25 juli 2026","2026-07-25",10,"10 dagen",0,0,22,"Gemiddeld","4 augustus 2026 om 07:42","2026-08-04T05:42:33.885Z","2026-08-04T05:57:47Z","FireMap.live (EFFIS en NASA FIRMS)","https://firemap.live/"
"592248",44.9735,-1.0076,"Lacanau","Lacanau","FR","Frankrijk","Onder controle","Volgens de laatste beschikbare bronupdate stond deze brand onder controle.",2,"#E07154","Ja",8,"8 hectare",0.8,"25 juli 2026","2026-07-25",10,"10 dagen",0,1,22,"Gemiddeld","4 augustus 2026 om 07:42","2026-08-04T05:42:33.886Z","2026-08-04T05:57:47Z","FireMap.live (EFFIS en NASA FIRMS)","https://firemap.live/"
"592380",44.7732,-1.1566,"Arès","Arès","FR","Frankrijk","Onder controle","Volgens de laatste beschikbare bronupdate stond deze brand onder controle.",2,"#E07154","Ja",49,"49 hectare",1.2,"25 juli 2026","2026-07-25",10,"10 dagen",0,0,21,"Laag","4 augustus 2026 om 07:42","2026-08-04T05:42:33.886Z","2026-08-04T05:57:47Z","FireMap.live (EFFIS en NASA FIRMS)","https://firemap.live/"
"577188",43.5653,2.3118,"Valdurenque","Valdurenque","FR","Frankrijk","Uitgedoofd","Volgens de laatste beschikbare bronupdate was deze brand uitgedoofd.",3,"#FCD9BE","Nee",4,"4 hectare",0.65,"25 juli 2026","2026-07-25",10,"10 dagen",0,0,142,"Laag","4 augustus 2026 om 07:42","2026-08-04T05:42:33.887Z","2026-08-04T05:57:47Z","FireMap.live (EFFIS en NASA FIRMS)","https://firemap.live/"
"572347",42.4928,2.2591,"Nyer","Nyer","FR","Frankrijk","Onder controle","Volgens de laatste beschikbare bronupdate stond deze brand onder controle.",2,"#E07154","Ja",43,"43 hectare",1.17,"25 juli 2026","2026-07-25",10,"10 dagen",0,2,190,"Laag","4 augustus 2026 om 07:42","2026-08-04T05:42:33.887Z","2026-08-04T05:57:47Z","FireMap.live (EFFIS en NASA FIRMS)","https://firemap.live/"
"575014",45.8665,8.2255,"Cravagliana","Cravagliana","IT","Italië","Onder controle","Volgens de laatste beschikbare bronupdate stond deze brand onder controle.",2,"#E07154","Ja",30,"30 hectare",1.09,"25 juli 2026","2026-07-25",10,"10 dagen",0,1,166,"Laag","4 augustus 2026 om 07:42","2026-08-04T05:42:33.888Z","2026-08-04T05:57:47Z","FireMap.live (EFFIS en NASA FIRMS)","https://firemap.live/"
"575272",36.3855,8.4592,"Bosbrand in Tunesië",,"TN","Tunesië","Uitgedoofd","Volgens de laatste beschikbare bronupdate was deze brand uitgedoofd.",3,"#FCD9BE","Nee",61,"61 hectare",1.24,"25 juli 2026","2026-07-25",10,"10 dagen",0,0,161,"Extreem","4 augustus 2026 om 07:42","2026-08-04T05:42:33.888Z","2026-08-04T05:57:47Z","FireMap.live (EFFIS en NASA FIRMS)","https://firemap.live/"
"580916",42.4915,18.5788,"Bosbrand in Montenegro",,"ME","Montenegro","Uitgedoofd","Volgens de laatste beschikbare bronupdate was deze brand uitgedoofd.",3,"#FCD9BE","Nee",60,"60 hectare",1.24,"25 juli 2026","2026-07-25",10,"10 dagen",0,0,118,"Gemiddeld","4 augustus 2026 om 07:42","2026-08-04T05:42:33.889Z","2026-08-04T05:57:47Z","FireMap.live (EFFIS en NASA FIRMS)","https://firemap.live/"
"577250",33.1478,35.4211,"Kounine","Kounine","LB","Libanon","Uitgedoofd","Volgens de laatste beschikbare bronupdate was deze brand uitgedoofd.",3,"#FCD9BE","Nee",2,"2 hectare",0.5,"25 juli 2026","2026-07-25",10,"10 dagen",0,0,139,"Hoog","4 augustus 2026 om 07:42","2026-08-04T05:42:33.890Z","2026-08-04T05:57:47Z","FireMap.live (EFFIS en NASA FIRMS)","https://firemap.live/"
"577255",33.1845,35.4989,"Meis El-Jabal","Meis El-Jabal","LB","Libanon","Uitgedoofd","Volgens de laatste beschikbare bronupdate was deze brand uitgedoofd.",3,"#FCD9BE","Nee",11,"11 hectare",0.87,"25 juli 2026","2026-07-25",10,"10 dagen",0,0,139,"Hoog","4 augustus 2026 om 07:42","2026-08-04T05:42:33.890Z","2026-08-04T05:57:47Z","FireMap.live (EFFIS en NASA FIRMS)","https://firemap.live/"
"580742",38.7257,16.1525,"Pizzo","Pizzo","IT","Italië","Uitgedoofd","Volgens de laatste beschikbare bronupdate was deze brand uitgedoofd.",3,"#FCD9BE","Nee",3,"3 hectare",0.59,"25 juli 2026","2026-07-25",10,"10 dagen",0,0,118,"Hoog","4 augustus 2026 om 07:42","2026-08-04T05:42:33.890Z","2026-08-04T05:57:47Z","FireMap.live (EFFIS en NASA FIRMS)","https://firemap.live/"
"577251",33.1461,35.4241,"Kounine","Kounine","LB","Libanon","Uitgedoofd","Volgens de laatste beschikbare bronupdate was deze brand uitgedoofd.",3,"#FCD9BE","Nee",5,"5 hectare",0.7,"25 juli 2026","2026-07-25",10,"10 dagen",0,0,139,"Hoog","4 augustus 2026 om 07:42","2026-08-04T05:42:33.891Z","2026-08-04T05:57:47Z","FireMap.live (EFFIS en NASA FIRMS)","https://firemap.live/"
"577258",33.2936,35.5172,"Deir Sériane","Deir Sériane","LB","Libanon","Uitgedoofd","Volgens de laatste beschikbare bronupdate was deze brand uitgedoofd.",3,"#FCD9BE","Nee",17,"17 hectare",0.97,"25 juli 2026","2026-07-25",10,"10 dagen",0,0,139,"Zeer hoog","4 augustus 2026 om 07:42","2026-08-04T05:42:33.891Z","2026-08-04T05:57:47Z","FireMap.live (EFFIS en NASA FIRMS)","https://firemap.live/"
"577256",33.1875,35.4757,"Chakra","Chakra","LB","Libanon","Uitgedoofd","Volgens de laatste beschikbare bronupdate was deze brand uitgedoofd.",3,"#FCD9BE","Nee",1,"1 hectare",0.35,"25 juli 2026","2026-07-25",10,"10 dagen",0,0,139,"Hoog","4 augustus 2026 om 07:42","2026-08-04T05:42:33.891Z","2026-08-04T05:57:47Z","FireMap.live (EFFIS en NASA FIRMS)","https://firemap.live/"
"577253",33.15,35.4809,"Mhaïbib","Mhaïbib","LB","Libanon","Uitgedoofd","Volgens de laatste beschikbare bronupdate was deze brand uitgedoofd.",3,"#FCD9BE","Nee",15,"15 hectare",0.94,"25 juli 2026","2026-07-25",10,"10 dagen",0,0,139,"Hoog","4 augustus 2026 om 07:42","2026-08-04T05:42:33.892Z","2026-08-04T05:57:47Z","FireMap.live (EFFIS en NASA FIRMS)","https://firemap.live/"
"577254",33.1433,35.4933,"Blida","Blida","LB","Libanon","Uitgedoofd","Volgens de laatste beschikbare bronupdate was deze brand uitgedoofd.",3,"#FCD9BE","Nee",6,"6 hectare",0.74,"25 juli 2026","2026-07-25",10,"10 dagen",0,0,139,"Hoog","4 augustus 2026 om 07:42","2026-08-04T05:42:33.892Z","2026-08-04T05:57:47Z","FireMap.live (EFFIS en NASA FIRMS)","https://firemap.live/"
"584038",35.0474,36.4808,"Bosbrand in Syrië",,"SY","Syrië","Uitgedoofd","Volgens de laatste beschikbare bronupdate was deze brand uitgedoofd.",3,"#FCD9BE","Nee",10,"10 hectare",0.85,"25 juli 2026","2026-07-25",10,"10 dagen",0,0,92,"Extreem","4 augustus 2026 om 07:42","2026-08-04T05:42:33.892Z","2026-08-04T05:57:47Z","FireMap.live (EFFIS en NASA FIRMS)","https://firemap.live/"
"574984",43.5577,2.3162,"Bosbrand",,,"Onbekend land","Uitgedoofd","Volgens de laatste beschikbare bronupdate was deze brand uitgedoofd.",3,"#FCD9BE","Nee",472,"472 hectare",1.69,"24 juli 2026","2026-07-24",10,"10 dagen",0,0,166,"Laag","4 augustus 2026 om 07:42","2026-08-04T05:42:33.893Z","2026-08-04T05:57:47Z","FireMap.live (EFFIS en NASA FIRMS)","https://firemap.live/"
"575301",36.2905,8.6579,"Bosbrand in Tunesië",,"TN","Tunesië","Uitgedoofd","Volgens de laatste beschikbare bronupdate was deze brand uitgedoofd.",3,"#FCD9BE","Nee",8,"8 hectare",0.8,"24 juli 2026","2026-07-24",11,"11 dagen",0,0,160,"Onbekend","4 augustus 2026 om 07:42","2026-08-04T05:42:33.894Z","2026-08-04T05:57:47Z","FireMap.live (EFFIS en NASA FIRMS)","https://firemap.live/"
"581403",43.6521,-7.8323,"Ortigueira","Ortigueira","ES","Spanje","Uitgedoofd","Volgens de laatste beschikbare bronupdate was deze brand uitgedoofd.",3,"#FCD9BE","Nee",5,"5 hectare",0.7,"24 juli 2026","2026-07-24",11,"11 dagen",0,0,111,"Laag","4 augustus 2026 om 07:42","2026-08-04T05:42:33.894Z","2026-08-04T05:57:47Z","FireMap.live (EFFIS en NASA FIRMS)","https://firemap.live/"
"592379",44.7761,-1.1661,"Lège-Cap-Ferret","Lège-Cap-Ferret","FR","Frankrijk","Onder controle","Volgens de laatste beschikbare bronupdate stond deze brand onder controle.",2,"#E07154","Ja",17,"17 hectare",0.97,"24 juli 2026","2026-07-24",11,"11 dagen",0,0,21,"Laag","4 augustus 2026 om 07:42","2026-08-04T05:42:33.895Z","2026-08-04T05:57:47Z","FireMap.live (EFFIS en NASA FIRMS)","https://firemap.live/"
"572404",46.0578,9.4766,"Premana","Premana","IT","Italië","Onder controle","Volgens de laatste beschikbare bronupdate stond deze brand onder controle.",2,"#E07154","Ja",10,"10 hectare",0.85,"24 juli 2026","2026-07-24",11,"11 dagen",0,2,188,"Laag","4 augustus 2026 om 07:42","2026-08-04T05:42:33.895Z","2026-08-04T05:57:47Z","FireMap.live (EFFIS en NASA FIRMS)","https://firemap.live/"
"580732",46.417,32.4669,"Bosbrand in Oekraïne",,"UA","Oekraïne","Uitgedoofd","Volgens de laatste beschikbare bronupdate was deze brand uitgedoofd.",3,"#FCD9BE","Nee",186,"186 hectare",1.48,"24 juli 2026","2026-07-24",11,"11 dagen",0,0,118,"Zeer hoog","4 augustus 2026 om 07:42","2026-08-04T05:42:33.896Z","2026-08-04T05:57:47Z","FireMap.live (EFFIS en NASA FIRMS)","https://firemap.live/"
"575195",42.4609,1.2867,"Farrera","Farrera","ES","Spanje","Uitgedoofd","Volgens de laatste beschikbare bronupdate was deze brand uitgedoofd.",3,"#FCD9BE","Nee",0,"0 hectare",0.1,"24 juli 2026","2026-07-24",11,"11 dagen",0,0,166,"Laag","4 augustus 2026 om 07:42","2026-08-04T05:42:33.896Z","2026-08-04T05:57:47Z","FireMap.live (EFFIS en NASA FIRMS)","https://firemap.live/"
"575194",42.4603,1.2848,"Farrera","Farrera","ES","Spanje","Uitgedoofd","Volgens de laatste beschikbare bronupdate was deze brand uitgedoofd.",3,"#FCD9BE","Nee",37,"37 hectare",1.13,"24 juli 2026","2026-07-24",11,"11 dagen",0,0,166,"Laag","4 augustus 2026 om 07:42","2026-08-04T05:42:33.896Z","2026-08-04T05:57:47Z","FireMap.live (EFFIS en NASA FIRMS)","https://firemap.live/"
"580736",46.4374,32.4673,"Bosbrand in Oekraïne",,"UA","Oekraïne","Uitgedoofd","Volgens de laatste beschikbare bronupdate was deze brand uitgedoofd.",3,"#FCD9BE","Nee",135,"135 hectare",1.42,"24 juli 2026","2026-07-24",11,"11 dagen",0,0,118,"Zeer hoog","4 augustus 2026 om 07:42","2026-08-04T05:42:33.896Z","2026-08-04T05:57:47Z","FireMap.live (EFFIS en NASA FIRMS)","https://firemap.live/"
"580730",37.9868,15.724,"Montebello Jonico","Montebello Jonico","IT","Italië","Uitgedoofd","Volgens de laatste beschikbare bronupdate was deze brand uitgedoofd.",3,"#FCD9BE","Nee",8,"8 hectare",0.8,"24 juli 2026","2026-07-24",11,"11 dagen",0,0,118,"Hoog","4 augustus 2026 om 07:42","2026-08-04T05:42:33.898Z","2026-08-04T05:57:47Z","FireMap.live (EFFIS en NASA FIRMS)","https://firemap.live/"
"577259",33.2873,35.493,"Deir Sériane","Deir Sériane","LB","Libanon","Uitgedoofd","Volgens de laatste beschikbare bronupdate was deze brand uitgedoofd.",3,"#FCD9BE","Nee",55,"55 hectare",1.22,"24 juli 2026","2026-07-24",11,"11 dagen",0,0,139,"Zeer hoog","4 augustus 2026 om 07:42","2026-08-04T05:42:33.900Z","2026-08-04T05:57:47Z","FireMap.live (EFFIS en NASA FIRMS)","https://firemap.live/"
"581348",47.5401,35.4022,"Bosbrand in Oekraïne",,"UA","Oekraïne","Uitgedoofd","Volgens de laatste beschikbare bronupdate was deze brand uitgedoofd.",3,"#FCD9BE","Nee",25,"25 hectare",1.05,"24 juli 2026","2026-07-24",11,"11 dagen",0,0,116,"Hoog","4 augustus 2026 om 07:42","2026-08-04T05:42:33.900Z","2026-08-04T05:57:47Z","FireMap.live (EFFIS en NASA FIRMS)","https://firemap.live/"
"580768",46.1955,33.0798,"Bosbrand in Oekraïne",,"UA","Oekraïne","Uitgedoofd","Volgens de laatste beschikbare bronupdate was deze brand uitgedoofd.",3,"#FCD9BE","Nee",258,"258 hectare",1.56,"24 juli 2026","2026-07-24",11,"11 dagen",0,0,118,"Extreem","4 augustus 2026 om 07:42","2026-08-04T05:42:33.900Z","2026-08-04T05:57:47Z","FireMap.live (EFFIS en NASA FIRMS)","https://firemap.live/"
"575242",42.7008,-6.9363,"Balboa","Balboa","ES","Spanje","Uitgedoofd","Volgens de laatste beschikbare bronupdate was deze brand uitgedoofd.",3,"#FCD9BE","Nee",1,"1 hectare",0.35,"24 juli 2026","2026-07-24",11,"11 dagen",0,0,165,"Hoog","4 augustus 2026 om 07:42","2026-08-04T05:42:33.901Z","2026-08-04T05:57:47Z","FireMap.live (EFFIS en NASA FIRMS)","https://firemap.live/"
"575240",42.6964,-6.9356,"Balboa","Balboa","ES","Spanje","Uitgedoofd","Volgens de laatste beschikbare bronupdate was deze brand uitgedoofd.",3,"#FCD9BE","Nee",97,"97 hectare",1.34,"24 juli 2026","2026-07-24",11,"11 dagen",0,0,165,"Hoog","4 augustus 2026 om 07:42","2026-08-04T05:42:33.901Z","2026-08-04T05:57:47Z","FireMap.live (EFFIS en NASA FIRMS)","https://firemap.live/"
"577284",40.844,-0.0737,"Cerollera, La","Cerollera, La","ES","Spanje","Uitgedoofd","Volgens de laatste beschikbare bronupdate was deze brand uitgedoofd.",3,"#FCD9BE","Nee",1,"1 hectare",0.35,"24 juli 2026","2026-07-24",11,"11 dagen",0,0,137,"Gemiddeld","4 augustus 2026 om 07:42","2026-08-04T05:42:33.901Z","2026-08-04T05:57:47Z","FireMap.live (EFFIS en NASA FIRMS)","https://firemap.live/"
"577285",40.8462,-0.0778,"Cerollera, La","Cerollera, La","ES","Spanje","Uitgedoofd","Volgens de laatste beschikbare bronupdate was deze brand uitgedoofd.",3,"#FCD9BE","Nee",66,"66 hectare",1.26,"24 juli 2026","2026-07-24",11,"11 dagen",0,0,137,"Gemiddeld","4 augustus 2026 om 07:42","2026-08-04T05:42:33.902Z","2026-08-04T05:57:47Z","FireMap.live (EFFIS en NASA FIRMS)","https://firemap.live/"
"592370",44.8172,-1.218,"Porge","Porge","FR","Frankrijk","Onder controle","Volgens de laatste beschikbare bronupdate stond deze brand onder controle.",2,"#E07154","Ja",56,"56 hectare",1.22,"24 juli 2026","2026-07-24",11,"11 dagen",0,2,21,"Laag","4 augustus 2026 om 07:42","2026-08-04T05:42:33.902Z","2026-08-04T05:57:47Z","FireMap.live (EFFIS en NASA FIRMS)","https://firemap.live/"
"575193",42.1934,12.9186,"Colle di Tora","Colle di Tora","IT","Italië","Uitgedoofd","Volgens de laatste beschikbare bronupdate was deze brand uitgedoofd.",3,"#FCD9BE","Nee",2,"2 hectare",0.5,"24 juli 2026","2026-07-24",11,"11 dagen",0,0,166,"Zeer hoog","4 augustus 2026 om 07:42","2026-08-04T05:42:33.902Z","2026-08-04T05:57:47Z","FireMap.live (EFFIS en NASA FIRMS)","https://firemap.live/"
"575245",40.4257,-4.521,"Tiemblo, El","Tiemblo, El","ES","Spanje","Uitgedoofd","Volgens de laatste beschikbare bronupdate was deze brand uitgedoofd.",3,"#FCD9BE","Nee",19,"19 hectare",0.99,"24 juli 2026","2026-07-24",11,"11 dagen",0,0,164,"Zeer hoog","4 augustus 2026 om 07:42","2026-08-04T05:42:33.903Z","2026-08-04T05:57:47Z","FireMap.live (EFFIS en NASA FIRMS)","https://firemap.live/"
"575244",42.7603,-6.0538,"Riello","Riello","ES","Spanje","Uitgedoofd","Volgens de laatste beschikbare bronupdate was deze brand uitgedoofd.",3,"#FCD9BE","Nee",1,"1 hectare",0.35,"24 juli 2026","2026-07-24",11,"11 dagen",0,0,164,"Hoog","4 augustus 2026 om 07:42","2026-08-04T05:42:33.903Z","2026-08-04T05:57:47Z","FireMap.live (EFFIS en NASA FIRMS)","https://firemap.live/"
"592360",46.1233,8.6448,"Cavaglio-Spoccia","Cavaglio-Spoccia","IT","Italië","Onder controle","Volgens de laatste beschikbare bronupdate stond deze brand onder controle.",2,"#E07154","Ja",2,"2 hectare",0.5,"24 juli 2026","2026-07-24",11,"11 dagen",0,0,22,"Laag","4 augustus 2026 om 07:42","2026-08-04T05:42:33.903Z","2026-08-04T05:57:47Z","FireMap.live (EFFIS en NASA FIRMS)","https://firemap.live/"
"575271",36.1954,8.4053,"Bosbrand in Tunesië",,"TN","Tunesië","Uitgedoofd","Volgens de laatste beschikbare bronupdate was deze brand uitgedoofd.",3,"#FCD9BE","Nee",41,"41 hectare",1.16,"24 juli 2026","2026-07-24",11,"11 dagen",0,0,161,"Extreem","4 augustus 2026 om 07:42","2026-08-04T05:42:33.904Z","2026-08-04T05:57:47Z","FireMap.live (EFFIS en NASA FIRMS)","https://firemap.live/"
"592337",46.1234,8.631,"Centovalli","Centovalli","CH","Zwitserland","Onder controle","Volgens de laatste beschikbare bronupdate stond deze brand onder controle.",2,"#E07154","Ja",4,"4 hectare",0.65,"24 juli 2026","2026-07-24",11,"11 dagen",0,0,22,"Laag","4 augustus 2026 om 07:42","2026-08-04T05:42:33.904Z","2026-08-04T05:57:47Z","FireMap.live (EFFIS en NASA FIRMS)","https://firemap.live/"
"577261",33.2469,35.5172,"Rabb Salacine","Rabb Salacine","LB","Libanon","Uitgedoofd","Volgens de laatste beschikbare bronupdate was deze brand uitgedoofd.",3,"#FCD9BE","Nee",9,"9 hectare",0.83,"24 juli 2026","2026-07-24",11,"11 dagen",0,0,139,"Zeer hoog","4 augustus 2026 om 07:42","2026-08-04T05:42:33.904Z","2026-08-04T05:57:47Z","FireMap.live (EFFIS en NASA FIRMS)","https://firemap.live/"
"577246",33.1113,35.1972,"Alma Chaab","Alma Chaab","LB","Libanon","Uitgedoofd","Volgens de laatste beschikbare bronupdate was deze brand uitgedoofd.",3,"#FCD9BE","Nee",8,"8 hectare",0.8,"24 juli 2026","2026-07-24",11,"11 dagen",0,0,139,"Hoog","4 augustus 2026 om 07:42","2026-08-04T05:42:33.905Z","2026-08-04T05:57:47Z","FireMap.live (EFFIS en NASA FIRMS)","https://firemap.live/"
"577290",41.8268,-8.4474,"Souto e Tabaçô","Souto e Tabaçô","PT","Portugal","Uitgedoofd","Volgens de laatste beschikbare bronupdate was deze brand uitgedoofd.",3,"#FCD9BE","Nee",0,"0 hectare",0.1,"24 juli 2026","2026-07-24",11,"11 dagen",0,0,137,"Laag","4 augustus 2026 om 07:42","2026-08-04T05:42:33.905Z","2026-08-04T05:57:47Z","FireMap.live (EFFIS en NASA FIRMS)","https://firemap.live/"
"577263",33.3762,35.531,"El-Jarmak","El-Jarmak","LB","Libanon","Uitgedoofd","Volgens de laatste beschikbare bronupdate was deze brand uitgedoofd.",3,"#FCD9BE","Nee",8,"8 hectare",0.8,"24 juli 2026","2026-07-24",11,"11 dagen",0,0,139,"Zeer hoog","4 augustus 2026 om 07:42","2026-08-04T05:42:33.906Z","2026-08-04T05:57:47Z","FireMap.live (EFFIS en NASA FIRMS)","https://firemap.live/"
"577306",36.7421,7.3375,"Bosbrand in Algerije",,"DZ","Algerije","Uitgedoofd","Volgens de laatste beschikbare bronupdate was deze brand uitgedoofd.",3,"#FCD9BE","Nee",38,"38 hectare",1.14,"24 juli 2026","2026-07-24",11,"11 dagen",0,0,136,"Extreem","4 augustus 2026 om 07:42","2026-08-04T05:42:33.906Z","2026-08-04T05:57:47Z","FireMap.live (EFFIS en NASA FIRMS)","https://firemap.live/"
"584040",37.0686,14.8439,"Buscemi","Buscemi","IT","Italië","Uitgedoofd","Volgens de laatste beschikbare bronupdate was deze brand uitgedoofd.",3,"#FCD9BE","Nee",26,"26 hectare",1.06,"24 juli 2026","2026-07-24",11,"11 dagen",0,0,92,"Hoog","4 augustus 2026 om 07:42","2026-08-04T05:42:33.906Z","2026-08-04T05:57:47Z","FireMap.live (EFFIS en NASA FIRMS)","https://firemap.live/"
"580729",38.0531,14.8433,"Tortorici","Tortorici","IT","Italië","Uitgedoofd","Volgens de laatste beschikbare bronupdate was deze brand uitgedoofd.",3,"#FCD9BE","Nee",2,"2 hectare",0.5,"24 juli 2026","2026-07-24",11,"11 dagen",0,0,118,"Hoog","4 augustus 2026 om 07:42","2026-08-04T05:42:33.907Z","2026-08-04T05:57:47Z","FireMap.live (EFFIS en NASA FIRMS)","https://firemap.live/"
"577260",33.2727,35.4798,"Adchite El-Koussair","Adchite El-Koussair","LB","Libanon","Uitgedoofd","Volgens de laatste beschikbare bronupdate was deze brand uitgedoofd.",3,"#FCD9BE","Nee",11,"11 hectare",0.87,"24 juli 2026","2026-07-24",11,"11 dagen",2,0,139,"Zeer hoog","4 augustus 2026 om 07:42","2026-08-04T05:42:33.907Z","2026-08-04T05:57:47Z","FireMap.live (EFFIS en NASA FIRMS)","https://firemap.live/"
"577201",39.4673,8.8691,"Serramanna","Serramanna","IT","Italië","Uitgedoofd","Volgens de laatste beschikbare bronupdate was deze brand uitgedoofd.",3,"#FCD9BE","Nee",48,"48 hectare",1.19,"23 juli 2026","2026-07-23",12,"12 dagen",0,0,142,"Extreem","4 augustus 2026 om 07:42","2026-08-04T05:42:33.908Z","2026-08-04T05:57:47Z","FireMap.live (EFFIS en NASA FIRMS)","https://firemap.live/"
"567357",44.4008,-1.124,"Biscarrosse","Biscarrosse","FR","Frankrijk","Onder controle","Volgens de laatste beschikbare bronupdate stond deze brand onder controle.",2,"#E07154","Ja",3513,"3.513 hectare",2.12,"23 juli 2026","2026-07-23",12,"12 dagen",0,2,261,"Laag","4 augustus 2026 om 07:42","2026-08-04T05:42:33.908Z","2026-08-04T05:57:47Z","FireMap.live (EFFIS en NASA FIRMS)","https://firemap.live/"
"581405",43.3043,-4.6883,"Peñamellera Alta","Peñamellera Alta","ES","Spanje","Uitgedoofd","Volgens de laatste beschikbare bronupdate was deze brand uitgedoofd.",3,"#FCD9BE","Nee",1,"1 hectare",0.35,"23 juli 2026","2026-07-23",12,"12 dagen",0,0,111,"Laag","4 augustus 2026 om 07:42","2026-08-04T05:42:33.910Z","2026-08-04T05:57:47Z","FireMap.live (EFFIS en NASA FIRMS)","https://firemap.live/"
"581404",42.7398,-8.6439,"Padrón","Padrón","ES","Spanje","Uitgedoofd","Volgens de laatste beschikbare bronupdate was deze brand uitgedoofd.",3,"#FCD9BE","Nee",1,"1 hectare",0.35,"23 juli 2026","2026-07-23",12,"12 dagen",0,0,111,"Laag","4 augustus 2026 om 07:42","2026-08-04T05:42:33.910Z","2026-08-04T05:57:47Z","FireMap.live (EFFIS en NASA FIRMS)","https://firemap.live/"
"575224",41.7413,-8.0252,"Cabril","Cabril","PT","Portugal","Uitgedoofd","Volgens de laatste beschikbare bronupdate was deze brand uitgedoofd.",3,"#FCD9BE","Nee",26,"26 hectare",1.06,"23 juli 2026","2026-07-23",12,"12 dagen",0,0,165,"Laag","4 augustus 2026 om 07:42","2026-08-04T05:42:33.910Z","2026-08-04T05:57:47Z","FireMap.live (EFFIS en NASA FIRMS)","https://firemap.live/"
"592415",67.3624,21.6611,"Gällivare","Gällivare","SE","Zweden","Onder controle","Volgens de laatste beschikbare bronupdate stond deze brand onder controle.",2,"#E07154","Ja",8,"8 hectare",0.8,"23 juli 2026","2026-07-23",12,"12 dagen",0,0,20,"Laag","4 augustus 2026 om 07:42","2026-08-04T05:42:33.911Z","2026-08-04T05:57:47Z","FireMap.live (EFFIS en NASA FIRMS)","https://firemap.live/"
"575246",45.0409,3.5843,"Bosbrand",,,"Onbekend land","Uitgedoofd","Volgens de laatste beschikbare bronupdate was deze brand uitgedoofd.",3,"#FCD9BE","Nee",42,"42 hectare",1.16,"23 juli 2026","2026-07-23",12,"12 dagen",0,0,163,"Laag","4 augustus 2026 om 07:42","2026-08-04T05:42:33.911Z","2026-08-04T05:57:47Z","FireMap.live (EFFIS en NASA FIRMS)","https://firemap.live/"
"575303",36.3819,3.5633,"Bosbrand in Algerije",,"DZ","Algerije","Uitgedoofd","Volgens de laatste beschikbare bronupdate was deze brand uitgedoofd.",3,"#FCD9BE","Nee",114,"114 hectare",1.38,"23 juli 2026","2026-07-23",12,"12 dagen",0,0,160,"Extreem","4 augustus 2026 om 07:42","2026-08-04T05:42:33.911Z","2026-08-04T05:57:47Z","FireMap.live (EFFIS en NASA FIRMS)","https://firemap.live/"
"577244",36.5809,5.7583,"Bosbrand in Algerije",,"DZ","Algerije","Uitgedoofd","Volgens de laatste beschikbare bronupdate was deze brand uitgedoofd.",3,"#FCD9BE","Nee",85,"85 hectare",1.31,"23 juli 2026","2026-07-23",12,"12 dagen",0,0,140,"Extreem","4 augustus 2026 om 07:42","2026-08-04T05:42:33.912Z","2026-08-04T05:57:47Z","FireMap.live (EFFIS en NASA FIRMS)","https://firemap.live/"
"584078",50.6729,-1.5618,"Isle of Wight","Isle of Wight","UK","Verenigd Koninkrijk","Uitgedoofd","Volgens de laatste beschikbare bronupdate was deze brand uitgedoofd.",3,"#FCD9BE","Nee",11,"11 hectare",0.87,"23 juli 2026","2026-07-23",12,"12 dagen",0,0,89,"Gemiddeld","4 augustus 2026 om 07:42","2026-08-04T05:42:33.913Z","2026-08-04T05:57:47Z","FireMap.live (EFFIS en NASA FIRMS)","https://firemap.live/"
"575274",36.4065,7.8754,"Bosbrand in Algerije",,"DZ","Algerije","Uitgedoofd","Volgens de laatste beschikbare bronupdate was deze brand uitgedoofd.",3,"#FCD9BE","Nee",2,"2 hectare",0.5,"23 juli 2026","2026-07-23",12,"12 dagen",0,0,161,"Extreem","4 augustus 2026 om 07:42","2026-08-04T05:42:33.914Z","2026-08-04T05:57:47Z","FireMap.live (EFFIS en NASA FIRMS)","https://firemap.live/"
"577220",36.2914,8.0631,"Bosbrand in Algerije",,"DZ","Algerije","Uitgedoofd","Volgens de laatste beschikbare bronupdate was deze brand uitgedoofd.",3,"#FCD9BE","Nee",10,"10 hectare",0.85,"23 juli 2026","2026-07-23",12,"12 dagen",0,0,141,"Extreem","4 augustus 2026 om 07:42","2026-08-04T05:42:33.915Z","2026-08-04T05:57:47Z","FireMap.live (EFFIS en NASA FIRMS)","https://firemap.live/"
"577277",49.9847,37.6341,"Bosbrand in Oekraïne",,"UA","Oekraïne","Uitgedoofd","Volgens de laatste beschikbare bronupdate was deze brand uitgedoofd.",3,"#FCD9BE","Nee",41,"41 hectare",1.16,"23 juli 2026","2026-07-23",12,"12 dagen",0,0,137,"Gemiddeld","4 augustus 2026 om 07:42","2026-08-04T05:42:33.915Z","2026-08-04T05:57:47Z","FireMap.live (EFFIS en NASA FIRMS)","https://firemap.live/"
"584054",38.0382,38.5744,"Bosbrand in Turkije",,"TR","Turkije","Uitgedoofd","Volgens de laatste beschikbare bronupdate was deze brand uitgedoofd.",3,"#FCD9BE","Nee",59,"59 hectare",1.24,"23 juli 2026","2026-07-23",12,"12 dagen",0,0,92,"Extreem","4 augustus 2026 om 07:42","2026-08-04T05:42:33.915Z","2026-08-04T05:57:47Z","FireMap.live (EFFIS en NASA FIRMS)","https://firemap.live/"
"575249",39.2802,42.7186,"Bosbrand in Turkije",,"TR","Turkije","Uitgedoofd","Volgens de laatste beschikbare bronupdate was deze brand uitgedoofd.",3,"#FCD9BE","Nee",75,"75 hectare",1.29,"23 juli 2026","2026-07-23",12,"12 dagen",0,0,163,"Onbekend","4 augustus 2026 om 07:42","2026-08-04T05:42:33.916Z","2026-08-04T05:57:47Z","FireMap.live (EFFIS en NASA FIRMS)","https://firemap.live/"
"577227",36.5019,5.4024,"Bosbrand in Algerije",,"DZ","Algerije","Uitgedoofd","Volgens de laatste beschikbare bronupdate was deze brand uitgedoofd.",3,"#FCD9BE","Nee",8,"8 hectare",0.8,"23 juli 2026","2026-07-23",12,"12 dagen",0,0,141,"Extreem","4 augustus 2026 om 07:42","2026-08-04T05:42:33.916Z","2026-08-04T05:57:47Z","FireMap.live (EFFIS en NASA FIRMS)","https://firemap.live/"
"577229",58.2462,7.8801,"Vennesla","Vennesla","NO","Noorwegen","Uitgedoofd","Volgens de laatste beschikbare bronupdate was deze brand uitgedoofd.",3,"#FCD9BE","Nee",6,"6 hectare",0.74,"23 juli 2026","2026-07-23",12,"12 dagen",0,0,141,"Gemiddeld","4 augustus 2026 om 07:42","2026-08-04T05:42:33.917Z","2026-08-04T05:57:47Z","FireMap.live (EFFIS en NASA FIRMS)","https://firemap.live/"
"575302",36.566,5.4024,"Bosbrand in Algerije",,"DZ","Algerije","Uitgedoofd","Volgens de laatste beschikbare bronupdate was deze brand uitgedoofd.",3,"#FCD9BE","Nee",23,"23 hectare",1.03,"23 juli 2026","2026-07-23",12,"12 dagen",0,0,160,"Zeer hoog","4 augustus 2026 om 07:42","2026-08-04T05:42:33.917Z","2026-08-04T05:57:47Z","FireMap.live (EFFIS en NASA FIRMS)","https://firemap.live/"
"575273",36.4424,8.0171,"Bosbrand in Algerije",,"DZ","Algerije","Uitgedoofd","Volgens de laatste beschikbare bronupdate was deze brand uitgedoofd.",3,"#FCD9BE","Nee",15,"15 hectare",0.94,"23 juli 2026","2026-07-23",12,"12 dagen",0,0,161,"Extreem","4 augustus 2026 om 07:42","2026-08-04T05:42:33.918Z","2026-08-04T05:57:47Z","FireMap.live (EFFIS en NASA FIRMS)","https://firemap.live/"
"581357",36.1414,6.2634,"Bosbrand in Algerije",,"DZ","Algerije","Uitgedoofd","Volgens de laatste beschikbare bronupdate was deze brand uitgedoofd.",3,"#FCD9BE","Nee",47,"47 hectare",1.19,"23 juli 2026","2026-07-23",12,"12 dagen",0,0,116,"Onbekend","4 augustus 2026 om 07:42","2026-08-04T05:42:33.919Z","2026-08-04T05:57:47Z","FireMap.live (EFFIS en NASA FIRMS)","https://firemap.live/"
"577224",36.5993,6.8417,"Bosbrand in Algerije",,"DZ","Algerije","Uitgedoofd","Volgens de laatste beschikbare bronupdate was deze brand uitgedoofd.",3,"#FCD9BE","Nee",44,"44 hectare",1.17,"23 juli 2026","2026-07-23",12,"12 dagen",0,0,141,"Extreem","4 augustus 2026 om 07:42","2026-08-04T05:42:33.920Z","2026-08-04T05:57:47Z","FireMap.live (EFFIS en NASA FIRMS)","https://firemap.live/"
"581356",36.339,7.1087,"Bosbrand in Algerije",,"DZ","Algerije","Uitgedoofd","Volgens de laatste beschikbare bronupdate was deze brand uitgedoofd.",3,"#FCD9BE","Nee",44,"44 hectare",1.17,"23 juli 2026","2026-07-23",12,"12 dagen",0,0,116,"Onbekend","4 augustus 2026 om 07:42","2026-08-04T05:42:33.920Z","2026-08-04T05:57:47Z","FireMap.live (EFFIS en NASA FIRMS)","https://firemap.live/"
"591991",33.8656,35.9082,"Wadi-el-Arayeche","Wadi-el-Arayeche","LB","Libanon","Onder controle","Volgens de laatste beschikbare bronupdate stond deze brand onder controle.",2,"#E07154","Ja",6,"6 hectare",0.74,"23 juli 2026","2026-07-23",12,"12 dagen",0,0,22,"Zeer hoog","4 augustus 2026 om 07:42","2026-08-04T05:42:33.920Z","2026-08-04T05:57:47Z","FireMap.live (EFFIS en NASA FIRMS)","https://firemap.live/"
"577301",38.5373,28.3877,"Manisa","Manisa","TR","Turkije","Uitgedoofd","Volgens de laatste beschikbare bronupdate was deze brand uitgedoofd.",3,"#FCD9BE","Nee",11,"11 hectare",0.87,"23 juli 2026","2026-07-23",12,"12 dagen",0,0,136,"Zeer hoog","4 augustus 2026 om 07:42","2026-08-04T05:42:33.920Z","2026-08-04T05:57:47Z","FireMap.live (EFFIS en NASA FIRMS)","https://firemap.live/"
"577304",38.6479,27.1353,"Bosbrand in Turkije",,"TR","Turkije","Onder controle","Volgens de laatste beschikbare bronupdate stond deze brand onder controle.",2,"#E07154","Ja",52,"52 hectare",1.21,"23 juli 2026","2026-07-23",12,"12 dagen",0,1,136,"Zeer hoog","4 augustus 2026 om 07:42","2026-08-04T05:42:33.920Z","2026-08-04T05:57:47Z","FireMap.live (EFFIS en NASA FIRMS)","https://firemap.live/"
"577226",36.6466,6.9619,"Bosbrand in Algerije",,"DZ","Algerije","Uitgedoofd","Volgens de laatste beschikbare bronupdate was deze brand uitgedoofd.",3,"#FCD9BE","Nee",10,"10 hectare",0.85,"23 juli 2026","2026-07-23",12,"12 dagen",0,0,141,"Extreem","4 augustus 2026 om 07:42","2026-08-04T05:42:33.921Z","2026-08-04T05:57:47Z","FireMap.live (EFFIS en NASA FIRMS)","https://firemap.live/"
"575295",36.3202,6.6946,"Bosbrand in Algerije",,"DZ","Algerije","Uitgedoofd","Volgens de laatste beschikbare bronupdate was deze brand uitgedoofd.",3,"#FCD9BE","Nee",32,"32 hectare",1.1,"23 juli 2026","2026-07-23",12,"12 dagen",0,0,160,"Extreem","4 augustus 2026 om 07:42","2026-08-04T05:42:33.921Z","2026-08-04T05:57:47Z","FireMap.live (EFFIS en NASA FIRMS)","https://firemap.live/"
