"id","gegevenstype","breedtegraad","lengtegraad","weergavenaam","plaatsnaam","provincie","landcode","landnaam","regio","actualiteit","actualiteit_uitleg","actualiteitvolgorde","markerkleur","oppervlakte_ha","oppervlakte","markergrootte","eerste_registratie","eerste_registratiedatum","eerste_registratie_utc","laatste_update","laatste_update_utc","dagen_sinds_update","registratieperiode","statusindicatie","detecties_24u","detecties_7d","brandgevaar","firemap_beschikbaar","firemap_bijgewerkt","firemap_bijgewerkt_utc","firemap_opgehaald_utc","firms_hotspot","satellieten","instrumenten","maximale_stralingskracht_mw","detectiedagen_7d","opgehaald_utc","bron","bron_url","aanvullende_bron","aanvullende_bron_url"
"effis-ba-793992","EFFIS-brandgebied",48.5521248473205,37.3417179982414,"Verbrand gebied in Oekraïne","Niet beschikbaar","Niet beschikbaar","UA","Oekraïne","Oekraïne","Vandaag bijgewerkt","EFFIS heeft dit gebied vandaag bijgewerkt.",1,"#AA3228",26,"26 hectare",1.06,"20 september 2026 om 09:49","20 september 2026","2026-09-20T07:49:00Z","1 oktober 2026 om 10:59","2026-10-01T08:59:27Z",0,"11 dagen tussen registraties","Onder controle","0","0","Gemiddeld","Ja","1 oktober 2026 om 13:40","2026-10-01T11:40:58.341Z","2026-10-01T11:43:23Z","Nee","Niet beschikbaar","Niet beschikbaar",,,"2026-10-01T11:43:22Z","EFFIS – Copernicus Emergency Management Service","https://forest-fire.emergency.copernicus.eu/apps/effis.csv/","FireMap.live","https://firemap.live/"
"effis-ba-793991","EFFIS-brandgebied",48.4206851188278,37.5772967812833,"Verbrand gebied in Oekraïne","Niet beschikbaar","Niet beschikbaar","UA","Oekraïne","Oekraïne","Vandaag bijgewerkt","EFFIS heeft dit gebied vandaag bijgewerkt.",1,"#AA3228",9,"9 hectare",0.83,"29 september 2026 om 09:17","29 september 2026","2026-09-29T07:17:00Z","1 oktober 2026 om 10:55","2026-10-01T08:55:55Z",0,"2 dagen tussen registraties","Niet onder controle","0","Niet beschikbaar","Gemiddeld","Ja","1 oktober 2026 om 13:40","2026-10-01T11:40:58.271Z","2026-10-01T11:43:23Z","Nee","Niet beschikbaar","Niet beschikbaar",,,"2026-10-01T11:43:22Z","EFFIS – Copernicus Emergency Management Service","https://forest-fire.emergency.copernicus.eu/apps/effis.csv/","FireMap.live","https://firemap.live/"
"effis-ba-793990","EFFIS-brandgebied",47.891508240032,35.6781547531664,"Verbrand gebied in Oekraïne","Niet beschikbaar","Niet beschikbaar","UA","Oekraïne","Oekraïne","Vandaag bijgewerkt","EFFIS heeft dit gebied vandaag bijgewerkt.",1,"#AA3228",14,"14 hectare",0.92,"20 september 2026 om 09:49","20 september 2026","2026-09-20T07:49:00Z","1 oktober 2026 om 10:47","2026-10-01T08:47:25Z",0,"11 dagen tussen registraties","Onder controle","0","0","Gemiddeld","Ja","1 oktober 2026 om 13:40","2026-10-01T11:40:58.340Z","2026-10-01T11:43:23Z","Nee","Niet beschikbaar","Niet beschikbaar",,,"2026-10-01T11:43:22Z","EFFIS – Copernicus Emergency Management Service","https://forest-fire.emergency.copernicus.eu/apps/effis.csv/","FireMap.live","https://firemap.live/"
"effis-ba-793989","EFFIS-brandgebied",47.6169349372048,35.8327973493146,"Verbrand gebied in Oekraïne","Niet beschikbaar","Niet beschikbaar","UA","Oekraïne","Oekraïne","Vandaag bijgewerkt","EFFIS heeft dit gebied vandaag bijgewerkt.",1,"#AA3228",44,"44 hectare",1.17,"20 september 2026 om 06:54","20 september 2026","2026-09-20T04:54:00Z","1 oktober 2026 om 10:45","2026-10-01T08:45:03Z",0,"11 dagen tussen registraties","Onder controle","0","0","Laag","Ja","1 oktober 2026 om 13:40","2026-10-01T11:40:58.342Z","2026-10-01T11:43:23Z","Nee","Niet beschikbaar","Niet beschikbaar",,,"2026-10-01T11:43:22Z","EFFIS – Copernicus Emergency Management Service","https://forest-fire.emergency.copernicus.eu/apps/effis.csv/","FireMap.live","https://firemap.live/"
"effis-ba-793988","EFFIS-brandgebied",47.6947562334049,35.8506531068441,"Verbrand gebied in Oekraïne","Niet beschikbaar","Niet beschikbaar","UA","Oekraïne","Oekraïne","Vandaag bijgewerkt","EFFIS heeft dit gebied vandaag bijgewerkt.",1,"#AA3228",33,"33 hectare",1.11,"25 september 2026 om 10:32","25 september 2026","2026-09-25T08:32:00Z","1 oktober 2026 om 10:44","2026-10-01T08:44:27Z",0,"6 dagen tussen registraties","Onder controle","0","0","Laag","Ja","1 oktober 2026 om 13:40","2026-10-01T11:40:58.283Z","2026-10-01T11:43:23Z","Nee","Niet beschikbaar","Niet beschikbaar",,,"2026-10-01T11:43:22Z","EFFIS – Copernicus Emergency Management Service","https://forest-fire.emergency.copernicus.eu/apps/effis.csv/","FireMap.live","https://firemap.live/"
"effis-ba-793987","EFFIS-brandgebied",47.6860421093764,35.7613145352268,"Verbrand gebied in Oekraïne","Niet beschikbaar","Niet beschikbaar","UA","Oekraïne","Oekraïne","Vandaag bijgewerkt","EFFIS heeft dit gebied vandaag bijgewerkt.",1,"#AA3228",43,"43 hectare",1.17,"28 september 2026 om 09:00","28 september 2026","2026-09-28T07:00:00Z","1 oktober 2026 om 10:42","2026-10-01T08:42:12Z",0,"3 dagen tussen registraties","Onder controle","0","0","Laag","Ja","1 oktober 2026 om 13:40","2026-10-01T11:40:58.273Z","2026-10-01T11:43:23Z","Nee","Niet beschikbaar","Niet beschikbaar",,,"2026-10-01T11:43:22Z","EFFIS – Copernicus Emergency Management Service","https://forest-fire.emergency.copernicus.eu/apps/effis.csv/","FireMap.live","https://firemap.live/"
"effis-ba-793986","EFFIS-brandgebied",47.7043662632387,35.6035963009109,"Verbrand gebied in Oekraïne","Niet beschikbaar","Niet beschikbaar","UA","Oekraïne","Oekraïne","Vandaag bijgewerkt","EFFIS heeft dit gebied vandaag bijgewerkt.",1,"#AA3228",35,"35 hectare",1.12,"28 september 2026 om 09:56","28 september 2026","2026-09-28T07:56:00Z","1 oktober 2026 om 10:41","2026-10-01T08:41:30Z",0,"3 dagen tussen registraties","Onder controle","0","1","Laag","Ja","1 oktober 2026 om 13:40","2026-10-01T11:40:58.273Z","2026-10-01T11:43:23Z","Nee","Niet beschikbaar","Niet beschikbaar",,,"2026-10-01T11:43:22Z","EFFIS – Copernicus Emergency Management Service","https://forest-fire.emergency.copernicus.eu/apps/effis.csv/","FireMap.live","https://firemap.live/"
"effis-ba-793985","EFFIS-brandgebied",46.6850866492471,33.7643643295151,"Verbrand gebied in Oekraïne","Niet beschikbaar","Niet beschikbaar","UA","Oekraïne","Oekraïne","Vandaag bijgewerkt","EFFIS heeft dit gebied vandaag bijgewerkt.",1,"#AA3228",48,"48 hectare",1.19,"29 september 2026 om 10:21","29 september 2026","2026-09-29T08:21:00Z","1 oktober 2026 om 10:28","2026-10-01T08:28:35Z",0,"2 dagen tussen registraties","Niet onder controle","0","Niet beschikbaar","Gemiddeld","Ja","1 oktober 2026 om 13:40","2026-10-01T11:40:58.270Z","2026-10-01T11:43:23Z","Nee","Niet beschikbaar","Niet beschikbaar",,,"2026-10-01T11:43:22Z","EFFIS – Copernicus Emergency Management Service","https://forest-fire.emergency.copernicus.eu/apps/effis.csv/","FireMap.live","https://firemap.live/"
"effis-ba-793984","EFFIS-brandgebied",46.5557705077505,33.9512837032833,"Verbrand gebied in Oekraïne","Niet beschikbaar","Niet beschikbaar","UA","Oekraïne","Oekraïne","Vandaag bijgewerkt","EFFIS heeft dit gebied vandaag bijgewerkt.",1,"#AA3228",143,"143 hectare",1.43,"29 september 2026 om 09:39","29 september 2026","2026-09-29T07:39:00Z","1 oktober 2026 om 10:23","2026-10-01T08:23:00Z",0,"2 dagen tussen registraties","Niet onder controle","1","Niet beschikbaar","Gemiddeld","Ja","1 oktober 2026 om 13:40","2026-10-01T11:40:58.271Z","2026-10-01T11:43:23Z","Nee","Niet beschikbaar","Niet beschikbaar",,,"2026-10-01T11:43:22Z","EFFIS – Copernicus Emergency Management Service","https://forest-fire.emergency.copernicus.eu/apps/effis.csv/","FireMap.live","https://firemap.live/"
"effis-ba-793983","EFFIS-brandgebied",46.5734716010764,33.8909067174669,"Verbrand gebied in Oekraïne","Niet beschikbaar","Niet beschikbaar","UA","Oekraïne","Oekraïne","Vandaag bijgewerkt","EFFIS heeft dit gebied vandaag bijgewerkt.",1,"#AA3228",166,"166 hectare",1.46,"29 september 2026 om 10:58","29 september 2026","2026-09-29T08:58:00Z","1 oktober 2026 om 10:20","2026-10-01T08:20:34Z",0,"1 dag tussen registraties","Niet onder controle","0","Niet beschikbaar","Gemiddeld","Ja","1 oktober 2026 om 13:40","2026-10-01T11:40:58.270Z","2026-10-01T11:43:23Z","Nee","Niet beschikbaar","Niet beschikbaar",,,"2026-10-01T11:43:22Z","EFFIS – Copernicus Emergency Management Service","https://forest-fire.emergency.copernicus.eu/apps/effis.csv/","FireMap.live","https://firemap.live/"
"effis-ba-793982","EFFIS-brandgebied",46.4709231966562,34.1138838586952,"Verbrand gebied in Oekraïne","Niet beschikbaar","Niet beschikbaar","UA","Oekraïne","Oekraïne","Vandaag bijgewerkt","EFFIS heeft dit gebied vandaag bijgewerkt.",1,"#AA3228",190,"190 hectare",1.49,"29 september 2026 om 13:06","29 september 2026","2026-09-29T11:06:00Z","1 oktober 2026 om 10:19","2026-10-01T08:19:14Z",0,"1 dag tussen registraties","Niet onder controle","0","Niet beschikbaar","Gemiddeld","Ja","1 oktober 2026 om 13:40","2026-10-01T11:40:58.269Z","2026-10-01T11:43:23Z","Nee","Niet beschikbaar","Niet beschikbaar",,,"2026-10-01T11:43:22Z","EFFIS – Copernicus Emergency Management Service","https://forest-fire.emergency.copernicus.eu/apps/effis.csv/","FireMap.live","https://firemap.live/"
"effis-ba-793981","EFFIS-brandgebied",45.7529280075612,34.4216254624597,"Verbrand gebied in Oekraïne","Niet beschikbaar","Niet beschikbaar","UA","Oekraïne","Oekraïne","Vandaag bijgewerkt","EFFIS heeft dit gebied vandaag bijgewerkt.",1,"#AA3228",6,"6 hectare",0.74,"20 september 2026 om 09:49","20 september 2026","2026-09-20T07:49:00Z","1 oktober 2026 om 10:17","2026-10-01T08:17:38Z",0,"11 dagen tussen registraties","Onder controle","0","0","Gemiddeld","Ja","1 oktober 2026 om 13:40","2026-10-01T11:40:58.341Z","2026-10-01T11:43:23Z","Nee","Niet beschikbaar","Niet beschikbaar",,,"2026-10-01T11:43:22Z","EFFIS – Copernicus Emergency Management Service","https://forest-fire.emergency.copernicus.eu/apps/effis.csv/","FireMap.live","https://firemap.live/"
"effis-ba-793980","EFFIS-brandgebied",40.3323671985001,19.6981934825608,"Selenicë","Selenicë","Vlorë","AL","Albanië","Albanië, Vlorë","Vandaag bijgewerkt","EFFIS heeft dit gebied vandaag bijgewerkt.",1,"#AA3228",0,"0 hectare",0.1,"30 september 2026 om 00:00","30 september 2026","2026-09-29T22:00:00Z","1 oktober 2026 om 10:09","2026-10-01T08:09:16Z",0,"1 dag tussen registraties","Niet onder controle","0","Niet beschikbaar","Hoog","Ja","1 oktober 2026 om 13:40","2026-10-01T11:40:58.268Z","2026-10-01T11:43:23Z","Nee","Niet beschikbaar","Niet beschikbaar",,,"2026-10-01T11:43:22Z","EFFIS – Copernicus Emergency Management Service","https://forest-fire.emergency.copernicus.eu/apps/effis.csv/","FireMap.live","https://firemap.live/"
"effis-ba-793979","EFFIS-brandgebied",45.3755798242082,36.3699706500382,"Verbrand gebied in Oekraïne","Niet beschikbaar","Niet beschikbaar","UA","Oekraïne","Oekraïne","Vandaag bijgewerkt","EFFIS heeft dit gebied vandaag bijgewerkt.",1,"#AA3228",67,"67 hectare",1.26,"30 september 2026 om 09:17","30 september 2026","2026-09-30T07:17:00Z","1 oktober 2026 om 10:08","2026-10-01T08:08:36Z",0,"1 dag tussen registraties","Niet onder controle","0","Niet beschikbaar","Laag","Ja","1 oktober 2026 om 13:40","2026-10-01T11:40:58.268Z","2026-10-01T11:43:23Z","Nee","Niet beschikbaar","Niet beschikbaar",,,"2026-10-01T11:43:22Z","EFFIS – Copernicus Emergency Management Service","https://forest-fire.emergency.copernicus.eu/apps/effis.csv/","FireMap.live","https://firemap.live/"
"effis-ba-793978","EFFIS-brandgebied",40.3950564918302,19.6063243249388,"Selenicë","Selenicë","Vlorë","AL","Albanië","Albanië, Vlorë","Vandaag bijgewerkt","EFFIS heeft dit gebied vandaag bijgewerkt.",1,"#AA3228",5,"5 hectare",0.7,"24 september 2026 om 11:53","24 september 2026","2026-09-24T09:53:00Z","1 oktober 2026 om 10:08","2026-10-01T08:08:28Z",0,"6 dagen tussen registraties","Onder controle","0","1","Hoog","Ja","1 oktober 2026 om 13:40","2026-10-01T11:40:58.287Z","2026-10-01T11:43:23Z","Nee","Niet beschikbaar","Niet beschikbaar",,,"2026-10-01T11:43:22Z","EFFIS – Copernicus Emergency Management Service","https://forest-fire.emergency.copernicus.eu/apps/effis.csv/","FireMap.live","https://firemap.live/"
"effis-ba-793977","EFFIS-brandgebied",42.8974732029861,18.6371036527466,"Црна Гора","Niet beschikbaar","Црна Гора","ME","Montenegro","Montenegro, Црна Гора","Vandaag bijgewerkt","EFFIS heeft dit gebied vandaag bijgewerkt.",1,"#AA3228",12,"12 hectare",0.89,"28 september 2026 om 00:00","28 september 2026","2026-09-27T22:00:00Z","1 oktober 2026 om 10:00","2026-10-01T08:00:14Z",0,"3 dagen tussen registraties","Onder controle","0","0","Hoog","Ja","1 oktober 2026 om 13:40","2026-10-01T11:40:58.274Z","2026-10-01T11:43:23Z","Nee","Niet beschikbaar","Niet beschikbaar",,,"2026-10-01T11:43:22Z","EFFIS – Copernicus Emergency Management Service","https://forest-fire.emergency.copernicus.eu/apps/effis.csv/","FireMap.live","https://firemap.live/"
"effis-ba-793976","EFFIS-brandgebied",42.9245271057844,18.4695452875369,"Bileća","Niet beschikbaar","Bileća","BA","Bosnië en Herzegovina","Bosnië en Herzegovina, Bileća","Vandaag bijgewerkt","EFFIS heeft dit gebied vandaag bijgewerkt.",1,"#AA3228",33,"33 hectare",1.11,"22 september 2026 om 11:28","22 september 2026","2026-09-22T09:28:00Z","1 oktober 2026 om 09:59","2026-10-01T07:59:32Z",0,"8 dagen tussen registraties","Onder controle","0","0","Hoog","Ja","1 oktober 2026 om 13:40","2026-10-01T11:40:58.315Z","2026-10-01T11:43:23Z","Nee","Niet beschikbaar","Niet beschikbaar",,,"2026-10-01T11:43:22Z","EFFIS – Copernicus Emergency Management Service","https://forest-fire.emergency.copernicus.eu/apps/effis.csv/","FireMap.live","https://firemap.live/"
"effis-ba-793975","EFFIS-brandgebied",42.4038590231038,18.8104246750601,"Црна Гора","Niet beschikbaar","Црна Гора","ME","Montenegro","Montenegro, Црна Гора","Vandaag bijgewerkt","EFFIS heeft dit gebied vandaag bijgewerkt.",1,"#AA3228",8,"8 hectare",0.8,"11 september 2026 om 12:38","11 september 2026","2026-09-11T10:38:00Z","1 oktober 2026 om 09:57","2026-10-01T07:57:32Z",0,"19 dagen tussen registraties","Niet beschikbaar","Niet beschikbaar","Niet beschikbaar","Niet beschikbaar","Nee","Niet beschikbaar",,,"Nee","Niet beschikbaar","Niet beschikbaar",,,"2026-10-01T11:43:22Z","EFFIS – Copernicus Emergency Management Service","https://forest-fire.emergency.copernicus.eu/apps/effis.csv/","",""
"effis-ba-793974","EFFIS-brandgebied",47.9710528040554,21.1162357882994,"Tiszadob","Tiszadob","Szabolcs-Szatmár-Bereg","HU","Hongarije","Hongarije, Szabolcs-Szatmár-Bereg","Vandaag bijgewerkt","EFFIS heeft dit gebied vandaag bijgewerkt.",1,"#AA3228",18,"18 hectare",0.98,"30 september 2026 om 11:45","30 september 2026","2026-09-30T09:45:00Z","1 oktober 2026 om 09:57","2026-10-01T07:57:10Z",0,"Minder dan één dag tussen registraties","Niet onder controle","1","Niet beschikbaar","Hoog","Ja","1 oktober 2026 om 13:40","2026-10-01T11:40:58.266Z","2026-10-01T11:43:23Z","Nee","Niet beschikbaar","Niet beschikbaar",,,"2026-10-01T11:43:22Z","EFFIS – Copernicus Emergency Management Service","https://forest-fire.emergency.copernicus.eu/apps/effis.csv/","FireMap.live","https://firemap.live/"
"effis-ba-793973","EFFIS-brandgebied",42.1967616621225,19.0112282577852,"Црна Гора","Niet beschikbaar","Црна Гора","ME","Montenegro","Montenegro, Црна Гора","Vandaag bijgewerkt","EFFIS heeft dit gebied vandaag bijgewerkt.",1,"#AA3228",4,"4 hectare",0.65,"23 september 2026 om 11:28","23 september 2026","2026-09-23T09:28:00Z","1 oktober 2026 om 09:56","2026-10-01T07:56:40Z",0,"7 dagen tussen registraties","Onder controle","0","0","Hoog","Ja","1 oktober 2026 om 13:40","2026-10-01T11:40:58.298Z","2026-10-01T11:43:23Z","Nee","Niet beschikbaar","Niet beschikbaar",,,"2026-10-01T11:43:22Z","EFFIS – Copernicus Emergency Management Service","https://forest-fire.emergency.copernicus.eu/apps/effis.csv/","FireMap.live","https://firemap.live/"
"effis-ba-793972","EFFIS-brandgebied",45.8796353132052,33.7356930629328,"Verbrand gebied in Oekraïne","Niet beschikbaar","Niet beschikbaar","UA","Oekraïne","Oekraïne","Vandaag bijgewerkt","EFFIS heeft dit gebied vandaag bijgewerkt.",1,"#AA3228",376,"376 hectare",1.64,"29 september 2026 om 10:19","29 september 2026","2026-09-29T08:19:00Z","1 oktober 2026 om 09:55","2026-10-01T07:55:23Z",0,"1 dag tussen registraties","Niet onder controle","0","Niet beschikbaar","Gemiddeld","Ja","1 oktober 2026 om 13:40","2026-10-01T11:40:58.270Z","2026-10-01T11:43:23Z","Nee","Niet beschikbaar","Niet beschikbaar",,,"2026-10-01T11:43:22Z","EFFIS – Copernicus Emergency Management Service","https://forest-fire.emergency.copernicus.eu/apps/effis.csv/","FireMap.live","https://firemap.live/"
"effis-ba-793971","EFFIS-brandgebied",52.9268222747368,10.090568444043,"Munster, Stadt","Munster, Stadt","Heidekreis","DE","Duitsland","Duitsland, Heidekreis","Vandaag bijgewerkt","EFFIS heeft dit gebied vandaag bijgewerkt.",1,"#AA3228",9,"9 hectare",0.83,"28 september 2026 om 11:38","28 september 2026","2026-09-28T09:38:00Z","1 oktober 2026 om 09:51","2026-10-01T07:51:27Z",0,"2 dagen tussen registraties","Onder controle","0","1","Laag","Ja","1 oktober 2026 om 13:40","2026-10-01T11:40:58.273Z","2026-10-01T11:43:23Z","Nee","Niet beschikbaar","Niet beschikbaar",,,"2026-10-01T11:43:22Z","EFFIS – Copernicus Emergency Management Service","https://forest-fire.emergency.copernicus.eu/apps/effis.csv/","FireMap.live","https://firemap.live/"
"effis-ba-793970","EFFIS-brandgebied",46.1992488535333,32.4202064653,"Verbrand gebied in Oekraïne","Niet beschikbaar","Niet beschikbaar","UA","Oekraïne","Oekraïne","Vandaag bijgewerkt","EFFIS heeft dit gebied vandaag bijgewerkt.",1,"#AA3228",92,"92 hectare",1.33,"27 september 2026 om 10:58","27 september 2026","2026-09-27T08:58:00Z","1 oktober 2026 om 09:48","2026-10-01T07:48:30Z",0,"3 dagen tussen registraties","Onder controle","0","1","Gemiddeld","Ja","1 oktober 2026 om 13:40","2026-10-01T11:40:58.277Z","2026-10-01T11:43:23Z","Nee","Niet beschikbaar","Niet beschikbaar",,,"2026-10-01T11:43:22Z","EFFIS – Copernicus Emergency Management Service","https://forest-fire.emergency.copernicus.eu/apps/effis.csv/","FireMap.live","https://firemap.live/"
"effis-ba-793969","EFFIS-brandgebied",46.3446576218652,32.7287273345682,"Verbrand gebied in Oekraïne","Niet beschikbaar","Niet beschikbaar","UA","Oekraïne","Oekraïne","Vandaag bijgewerkt","EFFIS heeft dit gebied vandaag bijgewerkt.",1,"#AA3228",166,"166 hectare",1.46,"20 september 2026 om 10:45","20 september 2026","2026-09-20T08:45:00Z","1 oktober 2026 om 09:45","2026-10-01T07:45:15Z",0,"10 dagen tussen registraties","Onder controle","0","0","Gemiddeld","Ja","1 oktober 2026 om 13:40","2026-10-01T11:40:58.338Z","2026-10-01T11:43:23Z","Nee","Niet beschikbaar","Niet beschikbaar",,,"2026-10-01T11:43:22Z","EFFIS – Copernicus Emergency Management Service","https://forest-fire.emergency.copernicus.eu/apps/effis.csv/","FireMap.live","https://firemap.live/"
"effis-ba-793968","EFFIS-brandgebied",42.4320688531401,20.2964955111026,"Verbrand gebied in Kosovo","Niet beschikbaar","Niet beschikbaar","KS","Kosovo","Kosovo","Vandaag bijgewerkt","EFFIS heeft dit gebied vandaag bijgewerkt.",1,"#AA3228",1,"1 hectare",0.35,"22 september 2026 om 11:47","22 september 2026","2026-09-22T09:47:00Z","1 oktober 2026 om 09:39","2026-10-01T07:39:12Z",0,"8 dagen tussen registraties","Onder controle","0","0","Gemiddeld","Ja","1 oktober 2026 om 13:40","2026-10-01T11:40:58.313Z","2026-10-01T11:43:23Z","Nee","Niet beschikbaar","Niet beschikbaar",,,"2026-10-01T11:43:22Z","EFFIS – Copernicus Emergency Management Service","https://forest-fire.emergency.copernicus.eu/apps/effis.csv/","FireMap.live","https://firemap.live/"
"effis-ba-793967","EFFIS-brandgebied",41.8423879182276,20.439892329513,"Dibër","Dibër","Dibër","AL","Albanië","Albanië, Dibër","Vandaag bijgewerkt","EFFIS heeft dit gebied vandaag bijgewerkt.",1,"#AA3228",3,"3 hectare",0.59,"22 september 2026 om 19:19","22 september 2026","2026-09-22T17:19:00Z","1 oktober 2026 om 09:36","2026-10-01T07:36:55Z",0,"8 dagen tussen registraties","Onder controle","0","0","Gemiddeld","Ja","1 oktober 2026 om 13:40","2026-10-01T11:40:58.306Z","2026-10-01T11:43:23Z","Nee","Niet beschikbaar","Niet beschikbaar",,,"2026-10-01T11:43:22Z","EFFIS – Copernicus Emergency Management Service","https://forest-fire.emergency.copernicus.eu/apps/effis.csv/","FireMap.live","https://firemap.live/"
"effis-ba-793966","EFFIS-brandgebied",48.3810139062338,36.0048688858961,"Verbrand gebied in Oekraïne","Niet beschikbaar","Niet beschikbaar","UA","Oekraïne","Oekraïne","Vandaag bijgewerkt","EFFIS heeft dit gebied vandaag bijgewerkt.",1,"#AA3228",10,"10 hectare",0.85,"29 september 2026 om 09:39","29 september 2026","2026-09-29T07:39:00Z","1 oktober 2026 om 09:35","2026-10-01T07:35:59Z",0,"1 dag tussen registraties","Niet onder controle","0","Niet beschikbaar","Laag","Ja","1 oktober 2026 om 13:40","2026-10-01T11:40:58.271Z","2026-10-01T11:43:23Z","Nee","Niet beschikbaar","Niet beschikbaar",,,"2026-10-01T11:43:22Z","EFFIS – Copernicus Emergency Management Service","https://forest-fire.emergency.copernicus.eu/apps/effis.csv/","FireMap.live","https://firemap.live/"
"effis-ba-793965","EFFIS-brandgebied",48.6705682351393,35.0038808735759,"Verbrand gebied in Oekraïne","Niet beschikbaar","Niet beschikbaar","UA","Oekraïne","Oekraïne","Vandaag bijgewerkt","EFFIS heeft dit gebied vandaag bijgewerkt.",1,"#AA3228",24,"24 hectare",1.04,"21 september 2026 om 10:28","21 september 2026","2026-09-21T08:28:00Z","1 oktober 2026 om 09:35","2026-10-01T07:35:41Z",0,"9 dagen tussen registraties","Onder controle","0","0","Laag","Ja","1 oktober 2026 om 13:40","2026-10-01T11:40:58.327Z","2026-10-01T11:43:23Z","Nee","Niet beschikbaar","Niet beschikbaar",,,"2026-10-01T11:43:22Z","EFFIS – Copernicus Emergency Management Service","https://forest-fire.emergency.copernicus.eu/apps/effis.csv/","FireMap.live","https://firemap.live/"
"effis-ba-793963","EFFIS-brandgebied",42.9916949942017,-5.83415413093435,"Lena","Lena","Asturias","ES","Spanje","Spanje, Asturias","Vandaag bijgewerkt","EFFIS heeft dit gebied vandaag bijgewerkt.",1,"#AA3228",8,"8 hectare",0.8,"26 september 2026 om 01:34","26 september 2026","2026-09-25T23:34:00Z","1 oktober 2026 om 09:13","2026-10-01T07:13:06Z",0,"5 dagen tussen registraties","Onder controle","0","1","Laag","Ja","1 oktober 2026 om 13:40","2026-10-01T11:40:58.280Z","2026-10-01T11:43:23Z","Nee","Niet beschikbaar","Niet beschikbaar",,,"2026-10-01T11:43:22Z","EFFIS – Copernicus Emergency Management Service","https://forest-fire.emergency.copernicus.eu/apps/effis.csv/","FireMap.live","https://firemap.live/"
"effis-ba-793962","EFFIS-brandgebied",48.4931448149453,34.322651722884,"Verbrand gebied in Oekraïne","Niet beschikbaar","Niet beschikbaar","UA","Oekraïne","Oekraïne","Vandaag bijgewerkt","EFFIS heeft dit gebied vandaag bijgewerkt.",1,"#AA3228",104,"104 hectare",1.36,"21 september 2026 om 12:59","21 september 2026","2026-09-21T10:59:00Z","1 oktober 2026 om 09:11","2026-10-01T07:11:43Z",0,"9 dagen tussen registraties","Onder controle","0","0","Laag","Ja","1 oktober 2026 om 13:40","2026-10-01T11:40:58.325Z","2026-10-01T11:43:23Z","Nee","Niet beschikbaar","Niet beschikbaar",,,"2026-10-01T11:43:22Z","EFFIS – Copernicus Emergency Management Service","https://forest-fire.emergency.copernicus.eu/apps/effis.csv/","FireMap.live","https://firemap.live/"
"effis-ba-793961","EFFIS-brandgebied",49.8830828220849,32.9909424958969,"Verbrand gebied in Oekraïne","Niet beschikbaar","Niet beschikbaar","UA","Oekraïne","Oekraïne","Vandaag bijgewerkt","EFFIS heeft dit gebied vandaag bijgewerkt.",1,"#AA3228",9,"9 hectare",0.83,"17 september 2026 om 10:47","17 september 2026","2026-09-17T08:47:00Z","1 oktober 2026 om 09:08","2026-10-01T07:08:13Z",0,"13 dagen tussen registraties","Onder controle","0","0","Laag","Ja","1 oktober 2026 om 13:40","2026-10-01T11:40:58.379Z","2026-10-01T11:43:23Z","Nee","Niet beschikbaar","Niet beschikbaar",,,"2026-10-01T11:43:22Z","EFFIS – Copernicus Emergency Management Service","https://forest-fire.emergency.copernicus.eu/apps/effis.csv/","FireMap.live","https://firemap.live/"
"effis-ba-793960","EFFIS-brandgebied",41.3032959057098,-7.39031904525407,"Carlão e Amieiro","Carlão e Amieiro","Douro","PT","Portugal","Portugal, Douro","Vandaag bijgewerkt","EFFIS heeft dit gebied vandaag bijgewerkt.",1,"#AA3228",3,"3 hectare",0.59,"24 september 2026 om 00:00","24 september 2026","2026-09-23T22:00:00Z","1 oktober 2026 om 09:05","2026-10-01T07:05:16Z",0,"7 dagen tussen registraties","Niet beschikbaar","Niet beschikbaar","Niet beschikbaar","Niet beschikbaar","Nee","Niet beschikbaar",,,"Nee","Niet beschikbaar","Niet beschikbaar",,,"2026-10-01T11:43:22Z","EFFIS – Copernicus Emergency Management Service","https://forest-fire.emergency.copernicus.eu/apps/effis.csv/","",""
"effis-ba-793959","EFFIS-brandgebied",37.3721807681051,42.3457187827202,"Şırnak","Niet beschikbaar","Şırnak","TR","Turkije","Turkije, Şırnak","Vandaag bijgewerkt","EFFIS heeft dit gebied vandaag bijgewerkt.",1,"#AA3228",128,"128 hectare",1.4,"22 september 2026 om 09:45","22 september 2026","2026-09-22T07:45:00Z","1 oktober 2026 om 09:02","2026-10-01T07:02:43Z",0,"8 dagen tussen registraties","Onder controle","0","0","Niet beschikbaar","Ja","1 oktober 2026 om 13:40","2026-10-01T11:40:58.317Z","2026-10-01T11:43:23Z","Nee","Niet beschikbaar","Niet beschikbaar",,,"2026-10-01T11:43:22Z","EFFIS – Copernicus Emergency Management Service","https://forest-fire.emergency.copernicus.eu/apps/effis.csv/","FireMap.live","https://firemap.live/"
"effis-ba-793958","EFFIS-brandgebied",40.0857903834714,37.1156783382801,"Sivas","Niet beschikbaar","Sivas","TR","Turkije","Turkije, Sivas","Vandaag bijgewerkt","EFFIS heeft dit gebied vandaag bijgewerkt.",1,"#AA3228",55,"55 hectare",1.22,"4 september 2026 om 10:43","4 september 2026","2026-09-04T08:43:00Z","1 oktober 2026 om 09:00","2026-10-01T07:00:47Z",0,"26 dagen tussen registraties","Niet beschikbaar","Niet beschikbaar","Niet beschikbaar","Niet beschikbaar","Nee","Niet beschikbaar",,,"Nee","Niet beschikbaar","Niet beschikbaar",,,"2026-10-01T11:43:22Z","EFFIS – Copernicus Emergency Management Service","https://forest-fire.emergency.copernicus.eu/apps/effis.csv/","",""
"effis-ba-793957","EFFIS-brandgebied",40.08457101477,37.1269261534937,"Sivas","Niet beschikbaar","Sivas","TR","Turkije","Turkije, Sivas","Vandaag bijgewerkt","EFFIS heeft dit gebied vandaag bijgewerkt.",1,"#AA3228",17,"17 hectare",0.97,"4 september 2026 om 09:47","4 september 2026","2026-09-04T07:47:00Z","1 oktober 2026 om 09:00","2026-10-01T07:00:26Z",0,"26 dagen tussen registraties","Niet beschikbaar","Niet beschikbaar","Niet beschikbaar","Niet beschikbaar","Nee","Niet beschikbaar",,,"Nee","Niet beschikbaar","Niet beschikbaar",,,"2026-10-01T11:43:22Z","EFFIS – Copernicus Emergency Management Service","https://forest-fire.emergency.copernicus.eu/apps/effis.csv/","",""
"effis-ba-793956","EFFIS-brandgebied",38.0909274409142,34.4115002720801,"Niğde","Niet beschikbaar","Niğde","TR","Turkije","Turkije, Niğde","Vandaag bijgewerkt","EFFIS heeft dit gebied vandaag bijgewerkt.",1,"#AA3228",3,"3 hectare",0.59,"10 september 2026 om 00:50","10 september 2026","2026-09-09T22:50:00Z","1 oktober 2026 om 08:58","2026-10-01T06:58:12Z",0,"21 dagen tussen registraties","Niet beschikbaar","Niet beschikbaar","Niet beschikbaar","Niet beschikbaar","Nee","Niet beschikbaar",,,"Nee","Niet beschikbaar","Niet beschikbaar",,,"2026-10-01T11:43:22Z","EFFIS – Copernicus Emergency Management Service","https://forest-fire.emergency.copernicus.eu/apps/effis.csv/","",""
"effis-ba-793955","EFFIS-brandgebied",38.0905578843688,34.4227232425126,"Niğde","Niet beschikbaar","Niğde","TR","Turkije","Turkije, Niğde","Vandaag bijgewerkt","EFFIS heeft dit gebied vandaag bijgewerkt.",1,"#AA3228",84,"84 hectare",1.31,"9 september 2026 om 11:34","9 september 2026","2026-09-09T09:34:00Z","1 oktober 2026 om 08:57","2026-10-01T06:57:52Z",0,"21 dagen tussen registraties","Niet beschikbaar","Niet beschikbaar","Niet beschikbaar","Niet beschikbaar","Nee","Niet beschikbaar",,,"Nee","Niet beschikbaar","Niet beschikbaar",,,"2026-10-01T11:43:22Z","EFFIS – Copernicus Emergency Management Service","https://forest-fire.emergency.copernicus.eu/apps/effis.csv/","",""
"effis-ba-793954","EFFIS-brandgebied",36.155062520455,33.1297834481742,"Mersin","Niet beschikbaar","Mersin","TR","Turkije","Turkije, Mersin","Vandaag bijgewerkt","EFFIS heeft dit gebied vandaag bijgewerkt.",1,"#AA3228",159,"159 hectare",1.45,"8 september 2026 om 10:11","8 september 2026","2026-09-08T08:11:00Z","1 oktober 2026 om 08:56","2026-10-01T06:56:35Z",0,"22 dagen tussen registraties","Niet beschikbaar","Niet beschikbaar","Niet beschikbaar","Niet beschikbaar","Nee","Niet beschikbaar",,,"Nee","Niet beschikbaar","Niet beschikbaar",,,"2026-10-01T11:43:22Z","EFFIS – Copernicus Emergency Management Service","https://forest-fire.emergency.copernicus.eu/apps/effis.csv/","",""
"effis-ba-793953","EFFIS-brandgebied",36.6777873164881,33.6800017712033,"Mersin","Niet beschikbaar","Mersin","TR","Turkije","Turkije, Mersin","Vandaag bijgewerkt","EFFIS heeft dit gebied vandaag bijgewerkt.",1,"#AA3228",15,"15 hectare",0.94,"5 september 2026 om 10:04","5 september 2026","2026-09-05T08:04:00Z","1 oktober 2026 om 08:55","2026-10-01T06:55:41Z",0,"25 dagen tussen registraties","Niet beschikbaar","Niet beschikbaar","Niet beschikbaar","Niet beschikbaar","Nee","Niet beschikbaar",,,"Nee","Niet beschikbaar","Niet beschikbaar",,,"2026-10-01T11:43:22Z","EFFIS – Copernicus Emergency Management Service","https://forest-fire.emergency.copernicus.eu/apps/effis.csv/","",""
"effis-ba-793952","EFFIS-brandgebied",39.3252445433691,27.229673056078,"İzmir","Niet beschikbaar","İzmir","TR","Turkije","Turkije, İzmir","Vandaag bijgewerkt","EFFIS heeft dit gebied vandaag bijgewerkt.",1,"#AA3228",4,"4 hectare",0.65,"3 september 2026 om 19:31","3 september 2026","2026-09-03T17:31:00Z","1 oktober 2026 om 08:52","2026-10-01T06:52:24Z",0,"27 dagen tussen registraties","Niet beschikbaar","Niet beschikbaar","Niet beschikbaar","Niet beschikbaar","Nee","Niet beschikbaar",,,"Nee","Niet beschikbaar","Niet beschikbaar",,,"2026-10-01T11:43:22Z","EFFIS – Copernicus Emergency Management Service","https://forest-fire.emergency.copernicus.eu/apps/effis.csv/","",""
"effis-ba-793951","EFFIS-brandgebied",39.329803055477,27.2304627877638,"İzmir","Niet beschikbaar","İzmir","TR","Turkije","Turkije, İzmir","Vandaag bijgewerkt","EFFIS heeft dit gebied vandaag bijgewerkt.",1,"#AA3228",2,"2 hectare",0.5,"3 september 2026 om 19:31","3 september 2026","2026-09-03T17:31:00Z","1 oktober 2026 om 08:52","2026-10-01T06:52:09Z",0,"27 dagen tussen registraties","Niet beschikbaar","Niet beschikbaar","Niet beschikbaar","Niet beschikbaar","Nee","Niet beschikbaar",,,"Nee","Niet beschikbaar","Niet beschikbaar",,,"2026-10-01T11:43:22Z","EFFIS – Copernicus Emergency Management Service","https://forest-fire.emergency.copernicus.eu/apps/effis.csv/","",""
"effis-ba-793950","EFFIS-brandgebied",39.1481595730075,26.1095693612758,"Τοπική Κοινότητα Άγρας","Τοπική Κοινότητα Άγρας","Λέσβος, Λήμνος","EL","Griekenland","Griekenland, Λέσβος, Λήμνος","Vandaag bijgewerkt","EFFIS heeft dit gebied vandaag bijgewerkt.",1,"#AA3228",67,"67 hectare",1.26,"28 september 2026 om 00:11","28 september 2026","2026-09-27T22:11:00Z","1 oktober 2026 om 08:50","2026-10-01T06:50:51Z",0,"3 dagen tussen registraties","Onder controle","0","1","Zeer hoog","Ja","1 oktober 2026 om 13:40","2026-10-01T11:40:58.274Z","2026-10-01T11:43:23Z","Nee","Niet beschikbaar","Niet beschikbaar",,,"2026-10-01T11:43:22Z","EFFIS – Copernicus Emergency Management Service","https://forest-fire.emergency.copernicus.eu/apps/effis.csv/","FireMap.live","https://firemap.live/"
"effis-ba-793949","EFFIS-brandgebied",44.6491084757147,22.779597024055,"Husnicioara","Husnicioara","Mehedinţi","RO","Roemenië","Roemenië, Mehedinţi","Vandaag bijgewerkt","EFFIS heeft dit gebied vandaag bijgewerkt.",1,"#AA3228",11,"11 hectare",0.87,"4 september 2026 om 00:41","4 september 2026","2026-09-03T22:41:00Z","1 oktober 2026 om 08:43","2026-10-01T06:43:40Z",0,"27 dagen tussen registraties","Niet beschikbaar","Niet beschikbaar","Niet beschikbaar","Niet beschikbaar","Nee","Niet beschikbaar",,,"Nee","Niet beschikbaar","Niet beschikbaar",,,"2026-10-01T11:43:22Z","EFFIS – Copernicus Emergency Management Service","https://forest-fire.emergency.copernicus.eu/apps/effis.csv/","",""
"effis-ba-793948","EFFIS-brandgebied",44.6623105031558,22.827492832744,"Husnicioara","Husnicioara","Mehedinţi","RO","Roemenië","Roemenië, Mehedinţi","Vandaag bijgewerkt","EFFIS heeft dit gebied vandaag bijgewerkt.",1,"#AA3228",89,"89 hectare",1.32,"17 september 2026 om 00:18","17 september 2026","2026-09-16T22:18:00Z","1 oktober 2026 om 08:42","2026-10-01T06:42:50Z",0,"14 dagen tussen registraties","Onder controle","0","0","Hoog","Ja","1 oktober 2026 om 13:40","2026-10-01T11:40:58.386Z","2026-10-01T11:43:23Z","Nee","Niet beschikbaar","Niet beschikbaar",,,"2026-10-01T11:43:22Z","EFFIS – Copernicus Emergency Management Service","https://forest-fire.emergency.copernicus.eu/apps/effis.csv/","FireMap.live","https://firemap.live/"
"effis-ba-793905","EFFIS-brandgebied",40.2510775775112,19.7292662527527,"Selenicë","Selenicë","Vlorë","AL","Albanië","Albanië, Vlorë","Vandaag bijgewerkt","EFFIS heeft dit gebied vandaag bijgewerkt.",1,"#AA3228",1,"1 hectare",0.35,"28 september 2026 om 00:00","28 september 2026","2026-09-27T22:00:00Z","1 oktober 2026 om 08:16","2026-10-01T06:16:54Z",0,"3 dagen tussen registraties","Onder controle","0","0","Gemiddeld","Ja","1 oktober 2026 om 13:40","2026-10-01T11:40:58.275Z","2026-10-01T11:43:23Z","Nee","Niet beschikbaar","Niet beschikbaar",,,"2026-10-01T11:43:22Z","EFFIS – Copernicus Emergency Management Service","https://forest-fire.emergency.copernicus.eu/apps/effis.csv/","FireMap.live","https://firemap.live/"
"effis-ba-793906","EFFIS-brandgebied",40.2487395922159,19.7278318825802,"Selenicë","Selenicë","Vlorë","AL","Albanië","Albanië, Vlorë","Vandaag bijgewerkt","EFFIS heeft dit gebied vandaag bijgewerkt.",1,"#AA3228",1,"1 hectare",0.35,"28 september 2026 om 00:00","28 september 2026","2026-09-27T22:00:00Z","1 oktober 2026 om 08:16","2026-10-01T06:16:54Z",0,"3 dagen tussen registraties","Onder controle","0","0","Gemiddeld","Ja","1 oktober 2026 om 13:40","2026-10-01T11:40:58.275Z","2026-10-01T11:43:23Z","Nee","Niet beschikbaar","Niet beschikbaar",,,"2026-10-01T11:43:22Z","EFFIS – Copernicus Emergency Management Service","https://forest-fire.emergency.copernicus.eu/apps/effis.csv/","FireMap.live","https://firemap.live/"
"effis-ba-793871","EFFIS-brandgebied",42.1494241544126,19.9318631737652,"Fushë Arrës","Fushë Arrës","Shkodër","AL","Albanië","Albanië, Shkodër","Vandaag bijgewerkt","EFFIS heeft dit gebied vandaag bijgewerkt.",1,"#AA3228",6,"6 hectare",0.74,"24 augustus 2026 om 10:49","24 augustus 2026","2026-08-24T08:49:00Z","1 oktober 2026 om 08:14","2026-10-01T06:14:57Z",0,"37 dagen tussen registraties","Niet beschikbaar","Niet beschikbaar","Niet beschikbaar","Niet beschikbaar","Nee","Niet beschikbaar",,,"Nee","Niet beschikbaar","Niet beschikbaar",,,"2026-10-01T11:43:22Z","EFFIS – Copernicus Emergency Management Service","https://forest-fire.emergency.copernicus.eu/apps/effis.csv/","",""
"effis-ba-793765","EFFIS-brandgebied",40.5406741577145,14.9135225891235,"Eboli","Eboli","Salerno","IT","Italië","Italië, Salerno","Vandaag bijgewerkt","EFFIS heeft dit gebied vandaag bijgewerkt.",1,"#AA3228",7,"7 hectare",0.77,"29 september 2026 om 10:58","29 september 2026","2026-09-29T08:58:00Z","1 oktober 2026 om 07:58","2026-10-01T05:58:34Z",0,"1 dag tussen registraties","Niet onder controle","0","Niet beschikbaar","Hoog","Ja","1 oktober 2026 om 13:40","2026-10-01T11:40:58.270Z","2026-10-01T11:43:23Z","Nee","Niet beschikbaar","Niet beschikbaar",,,"2026-10-01T11:43:22Z","EFFIS – Copernicus Emergency Management Service","https://forest-fire.emergency.copernicus.eu/apps/effis.csv/","FireMap.live","https://firemap.live/"
"effis-ba-793764","EFFIS-brandgebied",40.2223392274347,14.9942269579531,"Montecorice","Montecorice","Salerno","IT","Italië","Italië, Salerno","Vandaag bijgewerkt","EFFIS heeft dit gebied vandaag bijgewerkt.",1,"#AA3228",3,"3 hectare",0.59,"24 september 2026 om 00:33","24 september 2026","2026-09-23T22:33:00Z","1 oktober 2026 om 07:56","2026-10-01T05:56:53Z",0,"7 dagen tussen registraties","Onder controle","0","1","Gemiddeld","Ja","1 oktober 2026 om 13:40","2026-10-01T11:40:58.290Z","2026-10-01T11:43:23Z","Nee","Niet beschikbaar","Niet beschikbaar",,,"2026-10-01T11:43:22Z","EFFIS – Copernicus Emergency Management Service","https://forest-fire.emergency.copernicus.eu/apps/effis.csv/","FireMap.live","https://firemap.live/"
"effis-ba-793758","EFFIS-brandgebied",40.2020558667921,15.2091472848334,"Ceraso","Ceraso","Salerno","IT","Italië","Italië, Salerno","Vandaag bijgewerkt","EFFIS heeft dit gebied vandaag bijgewerkt.",1,"#AA3228",2,"2 hectare",0.5,"29 september 2026 om 12:00","29 september 2026","2026-09-29T10:00:00Z","1 oktober 2026 om 07:56","2026-10-01T05:56:14Z",0,"1 dag tussen registraties","Niet onder controle","0","Niet beschikbaar","Hoog","Ja","1 oktober 2026 om 13:40","2026-10-01T11:40:58.269Z","2026-10-01T11:43:23Z","Nee","Niet beschikbaar","Niet beschikbaar",,,"2026-10-01T11:43:22Z","EFFIS – Copernicus Emergency Management Service","https://forest-fire.emergency.copernicus.eu/apps/effis.csv/","FireMap.live","https://firemap.live/"
"effis-ba-793730","EFFIS-brandgebied",39.1896288618075,17.0793897589906,"Rocca di Neto","Rocca di Neto","Crotone","IT","Italië","Italië, Crotone","Vandaag bijgewerkt","EFFIS heeft dit gebied vandaag bijgewerkt.",1,"#AA3228",13,"13 hectare",0.91,"24 september 2026 om 11:10","24 september 2026","2026-09-24T09:10:00Z","1 oktober 2026 om 07:55","2026-10-01T05:55:00Z",0,"6 dagen tussen registraties","Onder controle","0","1","Zeer hoog","Ja","1 oktober 2026 om 13:40","2026-10-01T11:40:58.288Z","2026-10-01T11:43:23Z","Nee","Niet beschikbaar","Niet beschikbaar",,,"2026-10-01T11:43:22Z","EFFIS – Copernicus Emergency Management Service","https://forest-fire.emergency.copernicus.eu/apps/effis.csv/","FireMap.live","https://firemap.live/"
"effis-ba-793729","EFFIS-brandgebied",39.196446979144,17.07368215793,"Strongoli","Strongoli","Crotone","IT","Italië","Italië, Crotone","Vandaag bijgewerkt","EFFIS heeft dit gebied vandaag bijgewerkt.",1,"#AA3228",1,"1 hectare",0.35,"24 september 2026 om 00:00","24 september 2026","2026-09-23T22:00:00Z","1 oktober 2026 om 07:54","2026-10-01T05:54:28Z",0,"7 dagen tussen registraties","Onder controle","0","0","Zeer hoog","Ja","1 oktober 2026 om 13:40","2026-10-01T11:40:58.293Z","2026-10-01T11:43:23Z","Nee","Niet beschikbaar","Niet beschikbaar",,,"2026-10-01T11:43:22Z","EFFIS – Copernicus Emergency Management Service","https://forest-fire.emergency.copernicus.eu/apps/effis.csv/","FireMap.live","https://firemap.live/"
"effis-ba-793086","EFFIS-brandgebied",39.0728527955491,16.9812440423318,"Cutro","Cutro","Crotone","IT","Italië","Italië, Crotone","Vandaag bijgewerkt","EFFIS heeft dit gebied vandaag bijgewerkt.",1,"#AA3228",110,"110 hectare",1.37,"29 september 2026 om 07:54","29 september 2026","2026-09-29T05:54:00Z","1 oktober 2026 om 07:00","2026-10-01T05:00:23Z",0,"1 dag tussen registraties","Niet onder controle","0","Niet beschikbaar","Zeer hoog","Ja","1 oktober 2026 om 13:40","2026-10-01T11:40:58.271Z","2026-10-01T11:43:23Z","Nee","Niet beschikbaar","Niet beschikbaar",,,"2026-10-01T11:43:22Z","EFFIS – Copernicus Emergency Management Service","https://forest-fire.emergency.copernicus.eu/apps/effis.csv/","FireMap.live","https://firemap.live/"
"effis-ba-793074","EFFIS-brandgebied",38.6641950496704,16.1762604795462,"Stefanaconi","Stefanaconi","Vibo Valentia","IT","Italië","Italië, Vibo Valentia","Vandaag bijgewerkt","EFFIS heeft dit gebied vandaag bijgewerkt.",1,"#AA3228",4,"4 hectare",0.65,"27 september 2026 om 11:34","27 september 2026","2026-09-27T09:34:00Z","1 oktober 2026 om 06:58","2026-10-01T04:58:20Z",0,"3 dagen tussen registraties","Onder controle","0","1","Gemiddeld","Ja","1 oktober 2026 om 13:40","2026-10-01T11:40:58.276Z","2026-10-01T11:43:23Z","Nee","Niet beschikbaar","Niet beschikbaar",,,"2026-10-01T11:43:22Z","EFFIS – Copernicus Emergency Management Service","https://forest-fire.emergency.copernicus.eu/apps/effis.csv/","FireMap.live","https://firemap.live/"
"effis-ba-793073","EFFIS-brandgebied",38.6613896235878,16.175396185868,"Stefanaconi","Stefanaconi","Vibo Valentia","IT","Italië","Italië, Vibo Valentia","Vandaag bijgewerkt","EFFIS heeft dit gebied vandaag bijgewerkt.",1,"#AA3228",14,"14 hectare",0.92,"27 september 2026 om 11:34","27 september 2026","2026-09-27T09:34:00Z","1 oktober 2026 om 06:57","2026-10-01T04:57:59Z",0,"3 dagen tussen registraties","Onder controle","0","1","Gemiddeld","Ja","1 oktober 2026 om 13:40","2026-10-01T11:40:58.276Z","2026-10-01T11:43:23Z","Nee","Niet beschikbaar","Niet beschikbaar",,,"2026-10-01T11:43:22Z","EFFIS – Copernicus Emergency Management Service","https://forest-fire.emergency.copernicus.eu/apps/effis.csv/","FireMap.live","https://firemap.live/"
"effis-ba-792777","EFFIS-brandgebied",37.9316916746646,15.8302671456937,"San Lorenzo","San Lorenzo","Reggio di Calabria","IT","Italië","Italië, Reggio di Calabria","Vandaag bijgewerkt","EFFIS heeft dit gebied vandaag bijgewerkt.",1,"#AA3228",8,"8 hectare",0.8,"30 september 2026 om 00:20","30 september 2026","2026-09-29T22:20:00Z","1 oktober 2026 om 06:44","2026-10-01T04:44:42Z",0,"1 dag tussen registraties","Niet onder controle","0","Niet beschikbaar","Gemiddeld","Ja","1 oktober 2026 om 13:40","2026-10-01T11:40:58.268Z","2026-10-01T11:43:23Z","Nee","Niet beschikbaar","Niet beschikbaar",,,"2026-10-01T11:43:22Z","EFFIS – Copernicus Emergency Management Service","https://forest-fire.emergency.copernicus.eu/apps/effis.csv/","FireMap.live","https://firemap.live/"
"effis-ba-792768","EFFIS-brandgebied",37.7697747622636,13.7825150729211,"Sclafani Bagni","Sclafani Bagni","Palermo","IT","Italië","Italië, Palermo","Vandaag bijgewerkt","EFFIS heeft dit gebied vandaag bijgewerkt.",1,"#AA3228",30,"30 hectare",1.09,"26 september 2026 om 14:27","26 september 2026","2026-09-26T12:27:00Z","1 oktober 2026 om 06:42","2026-10-01T04:42:18Z",0,"4 dagen tussen registraties","Onder controle","0","2","Gemiddeld","Ja","1 oktober 2026 om 13:40","2026-10-01T11:40:58.278Z","2026-10-01T11:43:23Z","Nee","Niet beschikbaar","Niet beschikbaar",,,"2026-10-01T11:43:22Z","EFFIS – Copernicus Emergency Management Service","https://forest-fire.emergency.copernicus.eu/apps/effis.csv/","FireMap.live","https://firemap.live/"
"effis-ba-792767","EFFIS-brandgebied",37.8339029906552,13.7822336844022,"Montemaggiore Belsito","Montemaggiore Belsito","Palermo","IT","Italië","Italië, Palermo","Vandaag bijgewerkt","EFFIS heeft dit gebied vandaag bijgewerkt.",1,"#AA3228",81,"81 hectare",1.3,"8 september 2026 om 11:10","8 september 2026","2026-09-08T09:10:00Z","1 oktober 2026 om 06:41","2026-10-01T04:41:42Z",0,"22 dagen tussen registraties","Niet beschikbaar","Niet beschikbaar","Niet beschikbaar","Niet beschikbaar","Nee","Niet beschikbaar",,,"Nee","Niet beschikbaar","Niet beschikbaar",,,"2026-10-01T11:43:22Z","EFFIS – Copernicus Emergency Management Service","https://forest-fire.emergency.copernicus.eu/apps/effis.csv/","",""
"effis-ba-792766","EFFIS-brandgebied",37.8849675944673,13.7316633151182,"Caccamo","Caccamo","Palermo","IT","Italië","Italië, Palermo","Vandaag bijgewerkt","EFFIS heeft dit gebied vandaag bijgewerkt.",1,"#AA3228",13,"13 hectare",0.91,"22 september 2026 om 11:47","22 september 2026","2026-09-22T09:47:00Z","1 oktober 2026 om 06:40","2026-10-01T04:40:24Z",0,"8 dagen tussen registraties","Onder controle","0","0","Gemiddeld","Ja","1 oktober 2026 om 13:40","2026-10-01T11:40:58.314Z","2026-10-01T11:43:23Z","Nee","Niet beschikbaar","Niet beschikbaar",,,"2026-10-01T11:43:22Z","EFFIS – Copernicus Emergency Management Service","https://forest-fire.emergency.copernicus.eu/apps/effis.csv/","FireMap.live","https://firemap.live/"
"effis-ba-792696","EFFIS-brandgebied",37.4711354805199,14.4156189923563,"Aidone","Aidone","Enna","IT","Italië","Italië, Enna","Vandaag bijgewerkt","EFFIS heeft dit gebied vandaag bijgewerkt.",1,"#AA3228",6,"6 hectare",0.74,"18 september 2026 om 12:06","18 september 2026","2026-09-18T10:06:00Z","1 oktober 2026 om 06:39","2026-10-01T04:39:02Z",0,"12 dagen tussen registraties","Onder controle","0","0","Gemiddeld","Ja","1 oktober 2026 om 13:40","2026-10-01T11:40:58.363Z","2026-10-01T11:43:23Z","Nee","Niet beschikbaar","Niet beschikbaar",,,"2026-10-01T11:43:22Z","EFFIS – Copernicus Emergency Management Service","https://forest-fire.emergency.copernicus.eu/apps/effis.csv/","FireMap.live","https://firemap.live/"
"effis-ba-792695","EFFIS-brandgebied",37.5954863844803,14.1399280555978,"Santa Caterina Villarmosa","Santa Caterina Villarmosa","Caltanissetta","IT","Italië","Italië, Caltanissetta","Vandaag bijgewerkt","EFFIS heeft dit gebied vandaag bijgewerkt.",1,"#AA3228",28,"28 hectare",1.07,"23 september 2026 om 12:51","23 september 2026","2026-09-23T10:51:00Z","1 oktober 2026 om 06:37","2026-10-01T04:37:23Z",0,"7 dagen tussen registraties","Onder controle","0","2","Hoog","Ja","1 oktober 2026 om 13:40","2026-10-01T11:40:58.297Z","2026-10-01T11:43:23Z","Nee","Niet beschikbaar","Niet beschikbaar",,,"2026-10-01T11:43:22Z","EFFIS – Copernicus Emergency Management Service","https://forest-fire.emergency.copernicus.eu/apps/effis.csv/","FireMap.live","https://firemap.live/"
"effis-ba-792694","EFFIS-brandgebied",37.4901396858987,13.7453296960126,"Sutera","Sutera","Caltanissetta","IT","Italië","Italië, Caltanissetta","Vandaag bijgewerkt","EFFIS heeft dit gebied vandaag bijgewerkt.",1,"#AA3228",32,"32 hectare",1.1,"24 september 2026 om 11:53","24 september 2026","2026-09-24T09:53:00Z","1 oktober 2026 om 06:35","2026-10-01T04:35:39Z",0,"6 dagen tussen registraties","Onder controle","0","1","Hoog","Ja","1 oktober 2026 om 13:40","2026-10-01T11:40:58.287Z","2026-10-01T11:43:23Z","Nee","Niet beschikbaar","Niet beschikbaar",,,"2026-10-01T11:43:22Z","EFFIS – Copernicus Emergency Management Service","https://forest-fire.emergency.copernicus.eu/apps/effis.csv/","FireMap.live","https://firemap.live/"
"effis-ba-792692","EFFIS-brandgebied",37.508461666221,13.5721727733006,"San Biagio Platani","San Biagio Platani","Agrigento","IT","Italië","Italië, Agrigento","Vandaag bijgewerkt","EFFIS heeft dit gebied vandaag bijgewerkt.",1,"#AA3228",39,"39 hectare",1.15,"26 september 2026 om 12:12","26 september 2026","2026-09-26T10:12:00Z","1 oktober 2026 om 06:35","2026-10-01T04:35:02Z",0,"4 dagen tussen registraties","Onder controle","0","1","Gemiddeld","Ja","1 oktober 2026 om 13:40","2026-10-01T11:40:58.279Z","2026-10-01T11:43:23Z","Nee","Niet beschikbaar","Niet beschikbaar",,,"2026-10-01T11:43:22Z","EFFIS – Copernicus Emergency Management Service","https://forest-fire.emergency.copernicus.eu/apps/effis.csv/","FireMap.live","https://firemap.live/"
"effis-ba-792667","EFFIS-brandgebied",37.4887895189221,13.3830979386097,"Bivona","Bivona","Agrigento","IT","Italië","Italië, Agrigento","Vandaag bijgewerkt","EFFIS heeft dit gebied vandaag bijgewerkt.",1,"#AA3228",2,"2 hectare",0.5,"28 september 2026 om 12:17","28 september 2026","2026-09-28T10:17:00Z","1 oktober 2026 om 06:33","2026-10-01T04:33:01Z",0,"2 dagen tussen registraties","Niet onder controle","0","Niet beschikbaar","Gemiddeld","Ja","1 oktober 2026 om 13:40","2026-10-01T11:40:58.272Z","2026-10-01T11:43:23Z","Nee","Niet beschikbaar","Niet beschikbaar",,,"2026-10-01T11:43:22Z","EFFIS – Copernicus Emergency Management Service","https://forest-fire.emergency.copernicus.eu/apps/effis.csv/","FireMap.live","https://firemap.live/"
"effis-ba-792665","EFFIS-brandgebied",37.4902169182456,13.3734429209574,"Calamonaci","Calamonaci","Agrigento","IT","Italië","Italië, Agrigento","Vandaag bijgewerkt","EFFIS heeft dit gebied vandaag bijgewerkt.",1,"#AA3228",20,"20 hectare",1,"28 september 2026 om 00:00","28 september 2026","2026-09-27T22:00:00Z","1 oktober 2026 om 06:32","2026-10-01T04:32:49Z",0,"3 dagen tussen registraties","Onder controle","0","0","Gemiddeld","Ja","1 oktober 2026 om 13:40","2026-10-01T11:40:58.274Z","2026-10-01T11:43:23Z","Nee","Niet beschikbaar","Niet beschikbaar",,,"2026-10-01T11:43:22Z","EFFIS – Copernicus Emergency Management Service","https://forest-fire.emergency.copernicus.eu/apps/effis.csv/","FireMap.live","https://firemap.live/"
"effis-ba-792666","EFFIS-brandgebied",37.489629514872,13.3874142409774,"Bivona","Bivona","Agrigento","IT","Italië","Italië, Agrigento","Vandaag bijgewerkt","EFFIS heeft dit gebied vandaag bijgewerkt.",1,"#AA3228",6,"6 hectare",0.74,"28 september 2026 om 12:17","28 september 2026","2026-09-28T10:17:00Z","1 oktober 2026 om 06:32","2026-10-01T04:32:49Z",0,"2 dagen tussen registraties","Niet onder controle","0","Niet beschikbaar","Gemiddeld","Ja","1 oktober 2026 om 13:40","2026-10-01T11:40:58.272Z","2026-10-01T11:43:23Z","Nee","Niet beschikbaar","Niet beschikbaar",,,"2026-10-01T11:43:22Z","EFFIS – Copernicus Emergency Management Service","https://forest-fire.emergency.copernicus.eu/apps/effis.csv/","FireMap.live","https://firemap.live/"
"effis-ba-790086","EFFIS-brandgebied",50.454246935635,34.1152720601957,"Verbrand gebied in Oekraïne","Niet beschikbaar","Niet beschikbaar","UA","Oekraïne","Oekraïne","Afgelopen 3 dagen bijgewerkt","EFFIS heeft dit gebied één tot drie dagen geleden bijgewerkt.",2,"#E07154",2,"2 hectare",0.5,"19 september 2026 om 19:18","19 september 2026","2026-09-19T17:18:00Z","30 september 2026 om 14:56","2026-09-30T12:56:57Z",1,"10 dagen tussen registraties","Onder controle","0","0","Gemiddeld","Ja","1 oktober 2026 om 13:40","2026-10-01T11:40:58.349Z","2026-10-01T11:43:23Z","Nee","Niet beschikbaar","Niet beschikbaar",,,"2026-10-01T11:43:22Z","EFFIS – Copernicus Emergency Management Service","https://forest-fire.emergency.copernicus.eu/apps/effis.csv/","FireMap.live","https://firemap.live/"
"effis-ba-790085","EFFIS-brandgebied",36.363581896107,5.23165311469815,"Verbrand gebied in Algerije","Niet beschikbaar","Niet beschikbaar","DZ","Algerije","Algerije","Afgelopen 3 dagen bijgewerkt","EFFIS heeft dit gebied één tot drie dagen geleden bijgewerkt.",2,"#E07154",18,"18 hectare",0.98,"27 september 2026 om 12:38","27 september 2026","2026-09-27T10:38:00Z","30 september 2026 om 14:56","2026-09-30T12:56:11Z",1,"3 dagen tussen registraties","Onder controle","0","1","Zeer hoog","Ja","1 oktober 2026 om 13:40","2026-10-01T11:40:58.276Z","2026-10-01T11:43:23Z","Nee","Niet beschikbaar","Niet beschikbaar",,,"2026-10-01T11:43:22Z","EFFIS – Copernicus Emergency Management Service","https://forest-fire.emergency.copernicus.eu/apps/effis.csv/","FireMap.live","https://firemap.live/"
"effis-ba-790084","EFFIS-brandgebied",36.7967162071453,5.98820989787231,"Verbrand gebied in Algerije","Niet beschikbaar","Niet beschikbaar","DZ","Algerije","Algerije","Afgelopen 3 dagen bijgewerkt","EFFIS heeft dit gebied één tot drie dagen geleden bijgewerkt.",2,"#E07154",13,"13 hectare",0.91,"28 september 2026 om 14:05","28 september 2026","2026-09-28T12:05:00Z","30 september 2026 om 14:55","2026-09-30T12:55:30Z",1,"2 dagen tussen registraties","Niet onder controle","0","Niet beschikbaar","Hoog","Ja","1 oktober 2026 om 13:40","2026-10-01T11:40:58.272Z","2026-10-01T11:43:23Z","Nee","Niet beschikbaar","Niet beschikbaar",,,"2026-10-01T11:43:22Z","EFFIS – Copernicus Emergency Management Service","https://forest-fire.emergency.copernicus.eu/apps/effis.csv/","FireMap.live","https://firemap.live/"
"effis-ba-790083","EFFIS-brandgebied",50.6079957756617,33.4104362630304,"Verbrand gebied in Oekraïne","Niet beschikbaar","Niet beschikbaar","UA","Oekraïne","Oekraïne","Afgelopen 3 dagen bijgewerkt","EFFIS heeft dit gebied één tot drie dagen geleden bijgewerkt.",2,"#E07154",23,"23 hectare",1.03,"19 september 2026 om 19:58","19 september 2026","2026-09-19T17:58:00Z","30 september 2026 om 14:48","2026-09-30T12:48:29Z",1,"10 dagen tussen registraties","Onder controle","0","0","Laag","Ja","1 oktober 2026 om 13:40","2026-10-01T11:40:58.348Z","2026-10-01T11:43:23Z","Nee","Niet beschikbaar","Niet beschikbaar",,,"2026-10-01T11:43:22Z","EFFIS – Copernicus Emergency Management Service","https://forest-fire.emergency.copernicus.eu/apps/effis.csv/","FireMap.live","https://firemap.live/"
"effis-ba-790082","EFFIS-brandgebied",51.6550286457663,34.0828388598375,"Verbrand gebied in Oekraïne","Niet beschikbaar","Niet beschikbaar","UA","Oekraïne","Oekraïne","Afgelopen 3 dagen bijgewerkt","EFFIS heeft dit gebied één tot drie dagen geleden bijgewerkt.",2,"#E07154",42,"42 hectare",1.16,"28 september 2026 om 18:45","28 september 2026","2026-09-28T16:45:00Z","30 september 2026 om 14:47","2026-09-30T12:47:55Z",1,"1 dag tussen registraties","Niet onder controle","0","Niet beschikbaar","Laag","Ja","1 oktober 2026 om 13:40","2026-10-01T11:40:58.272Z","2026-10-01T11:43:23Z","Nee","Niet beschikbaar","Niet beschikbaar",,,"2026-10-01T11:43:22Z","EFFIS – Copernicus Emergency Management Service","https://forest-fire.emergency.copernicus.eu/apps/effis.csv/","FireMap.live","https://firemap.live/"
"effis-ba-790081","EFFIS-brandgebied",52.1564685564967,33.9684489052102,"Verbrand gebied in Oekraïne","Niet beschikbaar","Niet beschikbaar","UA","Oekraïne","Oekraïne","Afgelopen 3 dagen bijgewerkt","EFFIS heeft dit gebied één tot drie dagen geleden bijgewerkt.",2,"#E07154",5,"5 hectare",0.7,"17 september 2026 om 09:07","17 september 2026","2026-09-17T07:07:00Z","30 september 2026 om 14:39","2026-09-30T12:39:05Z",1,"13 dagen tussen registraties","Onder controle","0","0","Laag","Ja","1 oktober 2026 om 13:40","2026-10-01T11:40:58.381Z","2026-10-01T11:43:23Z","Nee","Niet beschikbaar","Niet beschikbaar",,,"2026-10-01T11:43:22Z","EFFIS – Copernicus Emergency Management Service","https://forest-fire.emergency.copernicus.eu/apps/effis.csv/","FireMap.live","https://firemap.live/"
"effis-ba-790080","EFFIS-brandgebied",51.9500838936119,34.1401847840768,"Verbrand gebied in Oekraïne","Niet beschikbaar","Niet beschikbaar","UA","Oekraïne","Oekraïne","Afgelopen 3 dagen bijgewerkt","EFFIS heeft dit gebied één tot drie dagen geleden bijgewerkt.",2,"#E07154",44,"44 hectare",1.17,"16 september 2026 om 11:45","16 september 2026","2026-09-16T09:45:00Z","30 september 2026 om 14:37","2026-09-30T12:37:01Z",1,"14 dagen tussen registraties","Niet beschikbaar","Niet beschikbaar","Niet beschikbaar","Niet beschikbaar","Nee","Niet beschikbaar",,,"Nee","Niet beschikbaar","Niet beschikbaar",,,"2026-10-01T11:43:22Z","EFFIS – Copernicus Emergency Management Service","https://forest-fire.emergency.copernicus.eu/apps/effis.csv/","",""
"effis-ba-790078","EFFIS-brandgebied",51.3758020286089,33.4593012879341,"Verbrand gebied in Oekraïne","Niet beschikbaar","Niet beschikbaar","UA","Oekraïne","Oekraïne","Afgelopen 3 dagen bijgewerkt","EFFIS heeft dit gebied één tot drie dagen geleden bijgewerkt.",2,"#E07154",32,"32 hectare",1.1,"28 september 2026 om 00:00","28 september 2026","2026-09-27T22:00:00Z","30 september 2026 om 14:26","2026-09-30T12:26:35Z",1,"2 dagen tussen registraties","Onder controle","0","0","Laag","Ja","1 oktober 2026 om 13:40","2026-10-01T11:40:58.275Z","2026-10-01T11:43:23Z","Nee","Niet beschikbaar","Niet beschikbaar",,,"2026-10-01T11:43:22Z","EFFIS – Copernicus Emergency Management Service","https://forest-fire.emergency.copernicus.eu/apps/effis.csv/","FireMap.live","https://firemap.live/"
"effis-ba-790077","EFFIS-brandgebied",42.5987765397467,19.0808285599561,"Црна Гора","Niet beschikbaar","Црна Гора","ME","Montenegro","Montenegro, Црна Гора","Afgelopen 3 dagen bijgewerkt","EFFIS heeft dit gebied één tot drie dagen geleden bijgewerkt.",2,"#E07154",7,"7 hectare",0.77,"15 september 2026 om 12:19","15 september 2026","2026-09-15T10:19:00Z","30 september 2026 om 14:23","2026-09-30T12:23:30Z",1,"15 dagen tussen registraties","Niet beschikbaar","Niet beschikbaar","Niet beschikbaar","Niet beschikbaar","Nee","Niet beschikbaar",,,"Nee","Niet beschikbaar","Niet beschikbaar",,,"2026-10-01T11:43:22Z","EFFIS – Copernicus Emergency Management Service","https://forest-fire.emergency.copernicus.eu/apps/effis.csv/","",""
"effis-ba-790076","EFFIS-brandgebied",51.4974865773594,30.8634004909739,"Verbrand gebied in Oekraïne","Niet beschikbaar","Niet beschikbaar","UA","Oekraïne","Oekraïne","Afgelopen 3 dagen bijgewerkt","EFFIS heeft dit gebied één tot drie dagen geleden bijgewerkt.",2,"#E07154",14,"14 hectare",0.92,"26 september 2026 om 00:00","26 september 2026","2026-09-25T22:00:00Z","30 september 2026 om 14:21","2026-09-30T12:21:07Z",1,"4 dagen tussen registraties","Onder controle","0","0","Laag","Ja","1 oktober 2026 om 13:40","2026-10-01T11:40:58.280Z","2026-10-01T11:43:23Z","Nee","Niet beschikbaar","Niet beschikbaar",,,"2026-10-01T11:43:22Z","EFFIS – Copernicus Emergency Management Service","https://forest-fire.emergency.copernicus.eu/apps/effis.csv/","FireMap.live","https://firemap.live/"
"effis-ba-790075","EFFIS-brandgebied",48.9214782871909,37.6030976360589,"Verbrand gebied in Oekraïne","Niet beschikbaar","Niet beschikbaar","UA","Oekraïne","Oekraïne","Afgelopen 3 dagen bijgewerkt","EFFIS heeft dit gebied één tot drie dagen geleden bijgewerkt.",2,"#E07154",15,"15 hectare",0.94,"22 september 2026 om 10:09","22 september 2026","2026-09-22T08:09:00Z","30 september 2026 om 14:15","2026-09-30T12:15:41Z",1,"8 dagen tussen registraties","Onder controle","0","0","Gemiddeld","Ja","1 oktober 2026 om 13:40","2026-10-01T11:40:58.317Z","2026-10-01T11:43:23Z","Nee","Niet beschikbaar","Niet beschikbaar",,,"2026-10-01T11:43:22Z","EFFIS – Copernicus Emergency Management Service","https://forest-fire.emergency.copernicus.eu/apps/effis.csv/","FireMap.live","https://firemap.live/"
"effis-ba-789955","EFFIS-brandgebied",48.9184425710671,38.3507321378419,"Verbrand gebied in Oekraïne","Niet beschikbaar","Niet beschikbaar","UA","Oekraïne","Oekraïne","Afgelopen 3 dagen bijgewerkt","EFFIS heeft dit gebied één tot drie dagen geleden bijgewerkt.",2,"#E07154",80,"80 hectare",1.3,"19 september 2026 om 00:00","19 september 2026","2026-09-18T22:00:00Z","30 september 2026 om 09:37","2026-09-30T07:37:58Z",1,"11 dagen tussen registraties","Uitgedoofd","0","0","Gemiddeld","Ja","1 oktober 2026 om 13:40","2026-10-01T11:40:58.358Z","2026-10-01T11:43:23Z","Nee","Niet beschikbaar","Niet beschikbaar",,,"2026-10-01T11:43:22Z","EFFIS – Copernicus Emergency Management Service","https://forest-fire.emergency.copernicus.eu/apps/effis.csv/","FireMap.live","https://firemap.live/"
"effis-ba-789898","EFFIS-brandgebied",48.3956295206074,36.8574912652118,"Verbrand gebied in Oekraïne","Niet beschikbaar","Niet beschikbaar","UA","Oekraïne","Oekraïne","Afgelopen 3 dagen bijgewerkt","EFFIS heeft dit gebied één tot drie dagen geleden bijgewerkt.",2,"#E07154",44,"44 hectare",1.17,"26 september 2026 om 10:13","26 september 2026","2026-09-26T08:13:00Z","30 september 2026 om 09:32","2026-09-30T07:32:52Z",1,"3 dagen tussen registraties","Uitgedoofd","0","0","Gemiddeld","Ja","1 oktober 2026 om 13:40","2026-10-01T11:40:58.280Z","2026-10-01T11:43:23Z","Nee","Niet beschikbaar","Niet beschikbaar",,,"2026-10-01T11:43:22Z","EFFIS – Copernicus Emergency Management Service","https://forest-fire.emergency.copernicus.eu/apps/effis.csv/","FireMap.live","https://firemap.live/"
"effis-ba-789565","EFFIS-brandgebied",39.9518236688624,9.34062393957552,"Arzana","Arzana","Nuoro","IT","Italië","Italië, Nuoro","Afgelopen 3 dagen bijgewerkt","EFFIS heeft dit gebied één tot drie dagen geleden bijgewerkt.",2,"#E07154",2,"2 hectare",0.5,"29 september 2026 om 11:15","29 september 2026","2026-09-29T09:15:00Z","30 september 2026 om 08:09","2026-09-30T06:09:10Z",1,"Minder dan één dag tussen registraties","Niet onder controle","0","Niet beschikbaar","Hoog","Ja","1 oktober 2026 om 13:40","2026-10-01T11:40:58.269Z","2026-10-01T11:43:23Z","Nee","Niet beschikbaar","Niet beschikbaar",,,"2026-10-01T11:43:22Z","EFFIS – Copernicus Emergency Management Service","https://forest-fire.emergency.copernicus.eu/apps/effis.csv/","FireMap.live","https://firemap.live/"
"effis-ba-785133","EFFIS-brandgebied",45.7732007037912,24.7403590595378,"Viştea","Viştea","Braşov","RO","Roemenië","Roemenië, Braşov","Afgelopen 3 dagen bijgewerkt","EFFIS heeft dit gebied één tot drie dagen geleden bijgewerkt.",2,"#E07154",11,"11 hectare",0.87,"10 september 2026 om 11:19","10 september 2026","2026-09-10T09:19:00Z","29 september 2026 om 14:50","2026-09-29T12:50:49Z",2,"19 dagen tussen registraties","Niet beschikbaar","Niet beschikbaar","Niet beschikbaar","Niet beschikbaar","Nee","Niet beschikbaar",,,"Nee","Niet beschikbaar","Niet beschikbaar",,,"2026-10-01T11:43:22Z","EFFIS – Copernicus Emergency Management Service","https://forest-fire.emergency.copernicus.eu/apps/effis.csv/","",""
"effis-ba-785132","EFFIS-brandgebied",39.718420956675,15.8426521448094,"Maierà","Maierà","Cosenza","IT","Italië","Italië, Cosenza","Afgelopen 3 dagen bijgewerkt","EFFIS heeft dit gebied één tot drie dagen geleden bijgewerkt.",2,"#E07154",1,"1 hectare",0.35,"23 september 2026 om 14:12","23 september 2026","2026-09-23T12:12:00Z","29 september 2026 om 14:40","2026-09-29T12:40:13Z",2,"6 dagen tussen registraties","Uitgedoofd","0","0","Gemiddeld","Ja","1 oktober 2026 om 13:40","2026-10-01T11:40:58.296Z","2026-10-01T11:43:23Z","Nee","Niet beschikbaar","Niet beschikbaar",,,"2026-10-01T11:43:22Z","EFFIS – Copernicus Emergency Management Service","https://forest-fire.emergency.copernicus.eu/apps/effis.csv/","FireMap.live","https://firemap.live/"
"effis-ba-785131","EFFIS-brandgebied",39.6954610976533,15.8566162309694,"Maierà","Maierà","Cosenza","IT","Italië","Italië, Cosenza","Afgelopen 3 dagen bijgewerkt","EFFIS heeft dit gebied één tot drie dagen geleden bijgewerkt.",2,"#E07154",17,"17 hectare",0.97,"22 september 2026 om 00:00","22 september 2026","2026-09-21T22:00:00Z","29 september 2026 om 14:38","2026-09-29T12:38:44Z",2,"7 dagen tussen registraties","Uitgedoofd","0","0","Gemiddeld","Ja","1 oktober 2026 om 13:40","2026-10-01T11:40:58.321Z","2026-10-01T11:43:23Z","Nee","Niet beschikbaar","Niet beschikbaar",,,"2026-10-01T11:43:22Z","EFFIS – Copernicus Emergency Management Service","https://forest-fire.emergency.copernicus.eu/apps/effis.csv/","FireMap.live","https://firemap.live/"
"effis-ba-785130","EFFIS-brandgebied",39.6909184725249,16.2017145269455,"Altomonte","Altomonte","Cosenza","IT","Italië","Italië, Cosenza","Afgelopen 3 dagen bijgewerkt","EFFIS heeft dit gebied één tot drie dagen geleden bijgewerkt.",2,"#E07154",9,"9 hectare",0.83,"23 september 2026 om 00:00","23 september 2026","2026-09-22T22:00:00Z","29 september 2026 om 14:37","2026-09-29T12:37:47Z",2,"6 dagen tussen registraties","Uitgedoofd","0","0","Hoog","Ja","1 oktober 2026 om 13:40","2026-10-01T11:40:58.304Z","2026-10-01T11:43:23Z","Nee","Niet beschikbaar","Niet beschikbaar",,,"2026-10-01T11:43:22Z","EFFIS – Copernicus Emergency Management Service","https://forest-fire.emergency.copernicus.eu/apps/effis.csv/","FireMap.live","https://firemap.live/"
"effis-ba-785129","EFFIS-brandgebied",39.0583764564004,17.0181898538419,"Crotone","Crotone","Crotone","IT","Italië","Italië, Crotone","Afgelopen 3 dagen bijgewerkt","EFFIS heeft dit gebied één tot drie dagen geleden bijgewerkt.",2,"#E07154",12,"12 hectare",0.89,"22 september 2026 om 00:00","22 september 2026","2026-09-21T22:00:00Z","29 september 2026 om 14:36","2026-09-29T12:36:09Z",2,"7 dagen tussen registraties","Uitgedoofd","0","0","Zeer hoog","Ja","1 oktober 2026 om 13:40","2026-10-01T11:40:58.320Z","2026-10-01T11:43:23Z","Nee","Niet beschikbaar","Niet beschikbaar",,,"2026-10-01T11:43:22Z","EFFIS – Copernicus Emergency Management Service","https://forest-fire.emergency.copernicus.eu/apps/effis.csv/","FireMap.live","https://firemap.live/"
"effis-ba-785128","EFFIS-brandgebied",37.3487420602279,14.0882803638303,"Pietraperzia","Pietraperzia","Enna","IT","Italië","Italië, Enna","Afgelopen 3 dagen bijgewerkt","EFFIS heeft dit gebied één tot drie dagen geleden bijgewerkt.",2,"#E07154",12,"12 hectare",0.89,"26 september 2026 om 12:55","26 september 2026","2026-09-26T10:55:00Z","29 september 2026 om 14:33","2026-09-29T12:33:26Z",2,"3 dagen tussen registraties","Onder controle","0","1","Gemiddeld","Ja","1 oktober 2026 om 13:40","2026-10-01T11:40:58.279Z","2026-10-01T11:43:23Z","Nee","Niet beschikbaar","Niet beschikbaar",,,"2026-10-01T11:43:22Z","EFFIS – Copernicus Emergency Management Service","https://forest-fire.emergency.copernicus.eu/apps/effis.csv/","FireMap.live","https://firemap.live/"
"effis-ba-785127","EFFIS-brandgebied",37.4659379498754,13.6953744643443,"Campofranco","Campofranco","Caltanissetta","IT","Italië","Italië, Caltanissetta","Afgelopen 3 dagen bijgewerkt","EFFIS heeft dit gebied één tot drie dagen geleden bijgewerkt.",2,"#E07154",18,"18 hectare",0.98,"26 september 2026 om 12:55","26 september 2026","2026-09-26T10:55:00Z","29 september 2026 om 14:32","2026-09-29T12:32:41Z",2,"3 dagen tussen registraties","Onder controle","0","2","Hoog","Ja","1 oktober 2026 om 13:40","2026-10-01T11:40:58.278Z","2026-10-01T11:43:23Z","Nee","Niet beschikbaar","Niet beschikbaar",,,"2026-10-01T11:43:22Z","EFFIS – Copernicus Emergency Management Service","https://forest-fire.emergency.copernicus.eu/apps/effis.csv/","FireMap.live","https://firemap.live/"
"effis-ba-785126","EFFIS-brandgebied",40.0558872049669,-5.71094325098482,"Collado de la Vera","Collado de la Vera","Cáceres","ES","Spanje","Spanje, Cáceres","Afgelopen 3 dagen bijgewerkt","EFFIS heeft dit gebied één tot drie dagen geleden bijgewerkt.",2,"#E07154",4,"4 hectare",0.65,"21 september 2026 om 00:00","21 september 2026","2026-09-20T22:00:00Z","29 september 2026 om 14:10","2026-09-29T12:10:16Z",2,"8 dagen tussen registraties","Uitgedoofd","0","0","Gemiddeld","Ja","1 oktober 2026 om 13:40","2026-10-01T11:40:58.331Z","2026-10-01T11:43:23Z","Nee","Niet beschikbaar","Niet beschikbaar",,,"2026-10-01T11:43:22Z","EFFIS – Copernicus Emergency Management Service","https://forest-fire.emergency.copernicus.eu/apps/effis.csv/","FireMap.live","https://firemap.live/"
"effis-ba-785125","EFFIS-brandgebied",40.4432336639301,-7.96092253836576,"Oliveira do Conde","Oliveira do Conde","Viseu Dão Lafões","PT","Portugal","Portugal, Viseu Dão Lafões","Afgelopen 3 dagen bijgewerkt","EFFIS heeft dit gebied één tot drie dagen geleden bijgewerkt.",2,"#E07154",2,"2 hectare",0.5,"22 september 2026 om 00:00","22 september 2026","2026-09-21T22:00:00Z","29 september 2026 om 14:08","2026-09-29T12:08:30Z",2,"7 dagen tussen registraties","Niet beschikbaar","Niet beschikbaar","Niet beschikbaar","Niet beschikbaar","Nee","Niet beschikbaar",,,"Nee","Niet beschikbaar","Niet beschikbaar",,,"2026-10-01T11:43:22Z","EFFIS – Copernicus Emergency Management Service","https://forest-fire.emergency.copernicus.eu/apps/effis.csv/","",""
"effis-ba-785124","EFFIS-brandgebied",40.1280238640284,-8.36658493178149,"Almalaguês","Almalaguês","Região de Coimbra","PT","Portugal","Portugal, Região de Coimbra","Afgelopen 3 dagen bijgewerkt","EFFIS heeft dit gebied één tot drie dagen geleden bijgewerkt.",2,"#E07154",53,"53 hectare",1.21,"24 september 2026 om 20:36","24 september 2026","2026-09-24T18:36:00Z","29 september 2026 om 14:07","2026-09-29T12:07:00Z",2,"4 dagen tussen registraties","Niet beschikbaar","Niet beschikbaar","Niet beschikbaar","Niet beschikbaar","Nee","Niet beschikbaar",,,"Nee","Niet beschikbaar","Niet beschikbaar",,,"2026-10-01T11:43:22Z","EFFIS – Copernicus Emergency Management Service","https://forest-fire.emergency.copernicus.eu/apps/effis.csv/","",""
"effis-ba-785123","EFFIS-brandgebied",42.1114645580991,19.5795206264129,"Shkodër","Shkodër","Shkodër","AL","Albanië","Albanië, Shkodër","Afgelopen 3 dagen bijgewerkt","EFFIS heeft dit gebied één tot drie dagen geleden bijgewerkt.",2,"#E07154",43,"43 hectare",1.17,"26 augustus 2026 om 12:38","26 augustus 2026","2026-08-26T10:38:00Z","29 september 2026 om 13:24","2026-09-29T11:24:55Z",2,"34 dagen tussen registraties","Niet beschikbaar","Niet beschikbaar","Niet beschikbaar","Niet beschikbaar","Nee","Niet beschikbaar",,,"Nee","Niet beschikbaar","Niet beschikbaar",,,"2026-10-01T11:43:22Z","EFFIS – Copernicus Emergency Management Service","https://forest-fire.emergency.copernicus.eu/apps/effis.csv/","",""
"effis-ba-785122","EFFIS-brandgebied",41.899757452247,19.28597857377,"Црна Гора","Niet beschikbaar","Црна Гора","ME","Montenegro","Montenegro, Црна Гора","Afgelopen 3 dagen bijgewerkt","EFFIS heeft dit gebied één tot drie dagen geleden bijgewerkt.",2,"#E07154",38,"38 hectare",1.14,"22 september 2026 om 11:47","22 september 2026","2026-09-22T09:47:00Z","29 september 2026 om 12:58","2026-09-29T10:58:52Z",2,"7 dagen tussen registraties","Uitgedoofd","0","0","Hoog","Ja","1 oktober 2026 om 13:40","2026-10-01T11:40:58.313Z","2026-10-01T11:43:23Z","Nee","Niet beschikbaar","Niet beschikbaar",,,"2026-10-01T11:43:22Z","EFFIS – Copernicus Emergency Management Service","https://forest-fire.emergency.copernicus.eu/apps/effis.csv/","FireMap.live","https://firemap.live/"
"effis-ba-785121","EFFIS-brandgebied",41.520174354383,19.5293730586311,"Durrës","Durrës","Durrës","AL","Albanië","Albanië, Durrës","Afgelopen 3 dagen bijgewerkt","EFFIS heeft dit gebied één tot drie dagen geleden bijgewerkt.",2,"#E07154",20,"20 hectare",1,"22 september 2026 om 00:00","22 september 2026","2026-09-21T22:00:00Z","29 september 2026 om 12:58","2026-09-29T10:58:00Z",2,"7 dagen tussen registraties","Uitgedoofd","0","0","Hoog","Ja","1 oktober 2026 om 13:40","2026-10-01T11:40:58.323Z","2026-10-01T11:43:23Z","Nee","Niet beschikbaar","Niet beschikbaar",,,"2026-10-01T11:43:22Z","EFFIS – Copernicus Emergency Management Service","https://forest-fire.emergency.copernicus.eu/apps/effis.csv/","FireMap.live","https://firemap.live/"
"effis-ba-785120","EFFIS-brandgebied",41.5255424300986,19.5159376248029,"Durrës","Durrës","Durrës","AL","Albanië","Albanië, Durrës","Afgelopen 3 dagen bijgewerkt","EFFIS heeft dit gebied één tot drie dagen geleden bijgewerkt.",2,"#E07154",10,"10 hectare",0.85,"22 september 2026 om 19:19","22 september 2026","2026-09-22T17:19:00Z","29 september 2026 om 12:57","2026-09-29T10:57:03Z",2,"6 dagen tussen registraties","Uitgedoofd","0","0","Hoog","Ja","1 oktober 2026 om 13:40","2026-10-01T11:40:58.306Z","2026-10-01T11:43:23Z","Nee","Niet beschikbaar","Niet beschikbaar",,,"2026-10-01T11:43:22Z","EFFIS – Copernicus Emergency Management Service","https://forest-fire.emergency.copernicus.eu/apps/effis.csv/","FireMap.live","https://firemap.live/"
"effis-ba-785119","EFFIS-brandgebied",42.640614680573,19.7566649609273,"Црна Гора","Niet beschikbaar","Црна Гора","ME","Montenegro","Montenegro, Црна Гора","Afgelopen 3 dagen bijgewerkt","EFFIS heeft dit gebied één tot drie dagen geleden bijgewerkt.",2,"#E07154",7,"7 hectare",0.77,"6 september 2026 om 10:51","6 september 2026","2026-09-06T08:51:00Z","29 september 2026 om 10:30","2026-09-29T08:30:28Z",2,"22 dagen tussen registraties","Niet beschikbaar","Niet beschikbaar","Niet beschikbaar","Niet beschikbaar","Nee","Niet beschikbaar",,,"Nee","Niet beschikbaar","Niet beschikbaar",,,"2026-10-01T11:43:22Z","EFFIS – Copernicus Emergency Management Service","https://forest-fire.emergency.copernicus.eu/apps/effis.csv/","",""
"effis-ba-785118","EFFIS-brandgebied",43.6324641428034,17.5270178441457,"Posušje","Niet beschikbaar","Posušje","BA","Bosnië en Herzegovina","Bosnië en Herzegovina, Posušje","Afgelopen 3 dagen bijgewerkt","EFFIS heeft dit gebied één tot drie dagen geleden bijgewerkt.",2,"#E07154",35,"35 hectare",1.12,"15 september 2026 om 00:00","15 september 2026","2026-09-14T22:00:00Z","29 september 2026 om 10:19","2026-09-29T08:19:07Z",2,"14 dagen tussen registraties","Niet beschikbaar","Niet beschikbaar","Niet beschikbaar","Niet beschikbaar","Nee","Niet beschikbaar",,,"Nee","Niet beschikbaar","Niet beschikbaar",,,"2026-10-01T11:43:22Z","EFFIS – Copernicus Emergency Management Service","https://forest-fire.emergency.copernicus.eu/apps/effis.csv/","",""
"effis-ba-785117","EFFIS-brandgebied",44.3704789697115,17.2449524493068,"Jajce","Niet beschikbaar","Jajce","BA","Bosnië en Herzegovina","Bosnië en Herzegovina, Jajce","Afgelopen 3 dagen bijgewerkt","EFFIS heeft dit gebied één tot drie dagen geleden bijgewerkt.",2,"#E07154",5,"5 hectare",0.7,"9 september 2026 om 00:11","9 september 2026","2026-09-08T22:11:00Z","29 september 2026 om 10:00","2026-09-29T08:00:59Z",2,"20 dagen tussen registraties","Niet beschikbaar","Niet beschikbaar","Niet beschikbaar","Niet beschikbaar","Nee","Niet beschikbaar",,,"Nee","Niet beschikbaar","Niet beschikbaar",,,"2026-10-01T11:43:22Z","EFFIS – Copernicus Emergency Management Service","https://forest-fire.emergency.copernicus.eu/apps/effis.csv/","",""
"effis-ba-785116","EFFIS-brandgebied",44.4687445230865,17.0860106025597,"Mrkonjić Grad","Niet beschikbaar","Mrkonjić Grad","BA","Bosnië en Herzegovina","Bosnië en Herzegovina, Mrkonjić Grad","Afgelopen 3 dagen bijgewerkt","EFFIS heeft dit gebied één tot drie dagen geleden bijgewerkt.",2,"#E07154",15,"15 hectare",0.94,"14 september 2026 om 00:00","14 september 2026","2026-09-13T22:00:00Z","29 september 2026 om 10:00","2026-09-29T08:00:27Z",2,"15 dagen tussen registraties","Niet beschikbaar","Niet beschikbaar","Niet beschikbaar","Niet beschikbaar","Nee","Niet beschikbaar",,,"Nee","Niet beschikbaar","Niet beschikbaar",,,"2026-10-01T11:43:22Z","EFFIS – Copernicus Emergency Management Service","https://forest-fire.emergency.copernicus.eu/apps/effis.csv/","",""
"effis-ba-785115","EFFIS-brandgebied",44.4694162864412,17.0795616646049,"Mrkonjić Grad","Niet beschikbaar","Mrkonjić Grad","BA","Bosnië en Herzegovina","Bosnië en Herzegovina, Mrkonjić Grad","Afgelopen 3 dagen bijgewerkt","EFFIS heeft dit gebied één tot drie dagen geleden bijgewerkt.",2,"#E07154",13,"13 hectare",0.91,"14 september 2026 om 00:00","14 september 2026","2026-09-13T22:00:00Z","29 september 2026 om 10:00","2026-09-29T08:00:27Z",2,"15 dagen tussen registraties","Niet beschikbaar","Niet beschikbaar","Niet beschikbaar","Niet beschikbaar","Nee","Niet beschikbaar",,,"Nee","Niet beschikbaar","Niet beschikbaar",,,"2026-10-01T11:43:22Z","EFFIS – Copernicus Emergency Management Service","https://forest-fire.emergency.copernicus.eu/apps/effis.csv/","",""
"effis-ba-785113","EFFIS-brandgebied",55.7528499265821,-2.72779380985946,"Scottish Borders","Scottish Borders","Scottish Borders","UK","Verenigd Koninkrijk","Verenigd Koninkrijk, Scottish Borders","Afgelopen 3 dagen bijgewerkt","EFFIS heeft dit gebied één tot drie dagen geleden bijgewerkt.",2,"#E07154",2,"2 hectare",0.5,"17 september 2026 om 03:36","17 september 2026","2026-09-17T01:36:00Z","29 september 2026 om 09:30","2026-09-29T07:30:37Z",2,"12 dagen tussen registraties","Niet beschikbaar","Niet beschikbaar","Niet beschikbaar","Niet beschikbaar","Nee","Niet beschikbaar",,,"Nee","Niet beschikbaar","Niet beschikbaar",,,"2026-10-01T11:43:22Z","EFFIS – Copernicus Emergency Management Service","https://forest-fire.emergency.copernicus.eu/apps/effis.csv/","",""
"effis-ba-785111","EFFIS-brandgebied",55.7547193697223,-2.72550216294667,"Scottish Borders","Scottish Borders","Scottish Borders","UK","Verenigd Koninkrijk","Verenigd Koninkrijk, Scottish Borders","Afgelopen 3 dagen bijgewerkt","EFFIS heeft dit gebied één tot drie dagen geleden bijgewerkt.",2,"#E07154",1,"1 hectare",0.35,"17 september 2026 om 03:36","17 september 2026","2026-09-17T01:36:00Z","29 september 2026 om 09:30","2026-09-29T07:30:37Z",2,"12 dagen tussen registraties","Niet beschikbaar","Niet beschikbaar","Niet beschikbaar","Niet beschikbaar","Nee","Niet beschikbaar",,,"Nee","Niet beschikbaar","Niet beschikbaar",,,"2026-10-01T11:43:22Z","EFFIS – Copernicus Emergency Management Service","https://forest-fire.emergency.copernicus.eu/apps/effis.csv/","",""
"effis-ba-785112","EFFIS-brandgebied",55.7542450110159,-2.72320689732749,"Scottish Borders","Scottish Borders","Scottish Borders","UK","Verenigd Koninkrijk","Verenigd Koninkrijk, Scottish Borders","Afgelopen 3 dagen bijgewerkt","EFFIS heeft dit gebied één tot drie dagen geleden bijgewerkt.",2,"#E07154",0,"0 hectare",0.1,"17 september 2026 om 03:36","17 september 2026","2026-09-17T01:36:00Z","29 september 2026 om 09:30","2026-09-29T07:30:37Z",2,"12 dagen tussen registraties","Niet beschikbaar","Niet beschikbaar","Niet beschikbaar","Niet beschikbaar","Nee","Niet beschikbaar",,,"Nee","Niet beschikbaar","Niet beschikbaar",,,"2026-10-01T11:43:22Z","EFFIS – Copernicus Emergency Management Service","https://forest-fire.emergency.copernicus.eu/apps/effis.csv/","",""
"effis-ba-785109","EFFIS-brandgebied",42.946877577302,-0.402308847335012,"Eaux-Bonnes","Eaux-Bonnes","Pyrénées-Atlantiques","FR","Frankrijk","Frankrijk, Pyrénées-Atlantiques","Afgelopen 3 dagen bijgewerkt","EFFIS heeft dit gebied één tot drie dagen geleden bijgewerkt.",2,"#E07154",7,"7 hectare",0.77,"27 september 2026 om 02:11","27 september 2026","2026-09-27T00:11:00Z","29 september 2026 om 08:35","2026-09-29T06:35:48Z",2,"2 dagen tussen registraties","Onder controle","0","1","Laag","Ja","1 oktober 2026 om 13:40","2026-10-01T11:40:58.277Z","2026-10-01T11:43:23Z","Nee","Niet beschikbaar","Niet beschikbaar",,,"2026-10-01T11:43:22Z","EFFIS – Copernicus Emergency Management Service","https://forest-fire.emergency.copernicus.eu/apps/effis.csv/","FireMap.live","https://firemap.live/"
"effis-ba-785108","EFFIS-brandgebied",43.2206695435126,-5.33047639115952,"Caso","Caso","Asturias","ES","Spanje","Spanje, Asturias","Afgelopen 3 dagen bijgewerkt","EFFIS heeft dit gebied één tot drie dagen geleden bijgewerkt.",2,"#E07154",50,"50 hectare",1.2,"22 september 2026 om 20:57","22 september 2026","2026-09-22T18:57:00Z","29 september 2026 om 08:34","2026-09-29T06:34:11Z",2,"6 dagen tussen registraties","Onder controle","0","2","Laag","Ja","1 oktober 2026 om 13:40","2026-10-01T11:40:58.305Z","2026-10-01T11:43:23Z","Nee","Niet beschikbaar","Niet beschikbaar",,,"2026-10-01T11:43:22Z","EFFIS – Copernicus Emergency Management Service","https://forest-fire.emergency.copernicus.eu/apps/effis.csv/","FireMap.live","https://firemap.live/"
"effis-ba-785107","EFFIS-brandgebied",42.6981855596156,1.76344923705173,"Perles-et-Castelet","Perles-et-Castelet","Ariège","FR","Frankrijk","Frankrijk, Ariège","Afgelopen 3 dagen bijgewerkt","EFFIS heeft dit gebied één tot drie dagen geleden bijgewerkt.",2,"#E07154",59,"59 hectare",1.24,"25 september 2026 om 13:18","25 september 2026","2026-09-25T11:18:00Z","29 september 2026 om 08:32","2026-09-29T06:32:12Z",2,"3 dagen tussen registraties","Niet onder controle","1","Niet beschikbaar","Laag","Ja","1 oktober 2026 om 13:40","2026-10-01T11:40:58.281Z","2026-10-01T11:43:23Z","Nee","Niet beschikbaar","Niet beschikbaar",,,"2026-10-01T11:43:22Z","EFFIS – Copernicus Emergency Management Service","https://forest-fire.emergency.copernicus.eu/apps/effis.csv/","FireMap.live","https://firemap.live/"
"effis-ba-785105","EFFIS-brandgebied",34.7509858186299,-5.62535577776952,"Ouezzane","Niet beschikbaar","Ouezzane","MA","Marokko","Marokko, Ouezzane","Afgelopen 3 dagen bijgewerkt","EFFIS heeft dit gebied één tot drie dagen geleden bijgewerkt.",2,"#E07154",44,"44 hectare",1.17,"22 september 2026 om 00:00","22 september 2026","2026-09-21T22:00:00Z","29 september 2026 om 08:27","2026-09-29T06:27:15Z",2,"7 dagen tussen registraties","Uitgedoofd","0","0","Hoog","Ja","1 oktober 2026 om 13:40","2026-10-01T11:40:58.321Z","2026-10-01T11:43:23Z","Nee","Niet beschikbaar","Niet beschikbaar",,,"2026-10-01T11:43:22Z","EFFIS – Copernicus Emergency Management Service","https://forest-fire.emergency.copernicus.eu/apps/effis.csv/","FireMap.live","https://firemap.live/"
"effis-ba-785106","EFFIS-brandgebied",33.7255286933718,-4.47305801921413,"El Menzel","Niet beschikbaar","El Menzel","MA","Marokko","Marokko, El Menzel","Afgelopen 3 dagen bijgewerkt","EFFIS heeft dit gebied één tot drie dagen geleden bijgewerkt.",2,"#E07154",5,"5 hectare",0.7,"21 september 2026 om 00:00","21 september 2026","2026-09-20T22:00:00Z","29 september 2026 om 08:27","2026-09-29T06:27:15Z",2,"8 dagen tussen registraties","Uitgedoofd","0","0","Zeer hoog","Ja","1 oktober 2026 om 13:40","2026-10-01T11:40:58.331Z","2026-10-01T11:43:23Z","Nee","Niet beschikbaar","Niet beschikbaar",,,"2026-10-01T11:43:22Z","EFFIS – Copernicus Emergency Management Service","https://forest-fire.emergency.copernicus.eu/apps/effis.csv/","FireMap.live","https://firemap.live/"
"effis-ba-785104","EFFIS-brandgebied",34.9659574207112,-5.16990858864321,"Bab Taza","Niet beschikbaar","Bab Taza","MA","Marokko","Marokko, Bab Taza","Afgelopen 3 dagen bijgewerkt","EFFIS heeft dit gebied één tot drie dagen geleden bijgewerkt.",2,"#E07154",70,"70 hectare",1.27,"25 september 2026 om 15:26","25 september 2026","2026-09-25T13:26:00Z","29 september 2026 om 08:24","2026-09-29T06:24:31Z",2,"3 dagen tussen registraties","Onder controle","0","1","Hoog","Ja","1 oktober 2026 om 13:40","2026-10-01T11:40:58.281Z","2026-10-01T11:43:23Z","Nee","Niet beschikbaar","Niet beschikbaar",,,"2026-10-01T11:43:22Z","EFFIS – Copernicus Emergency Management Service","https://forest-fire.emergency.copernicus.eu/apps/effis.csv/","FireMap.live","https://firemap.live/"
"effis-ba-785103","EFFIS-brandgebied",34.8422182752314,-4.66421374542328,"Targuist","Niet beschikbaar","Targuist","MA","Marokko","Marokko, Targuist","Afgelopen 3 dagen bijgewerkt","EFFIS heeft dit gebied één tot drie dagen geleden bijgewerkt.",2,"#E07154",14,"14 hectare",0.92,"27 september 2026 om 13:14","27 september 2026","2026-09-27T11:14:00Z","29 september 2026 om 08:23","2026-09-29T06:23:22Z",2,"1 dag tussen registraties","Onder controle","0","1","Hoog","Ja","1 oktober 2026 om 13:40","2026-10-01T11:40:58.276Z","2026-10-01T11:43:23Z","Nee","Niet beschikbaar","Niet beschikbaar",,,"2026-10-01T11:43:22Z","EFFIS – Copernicus Emergency Management Service","https://forest-fire.emergency.copernicus.eu/apps/effis.csv/","FireMap.live","https://firemap.live/"
"effis-ba-785102","EFFIS-brandgebied",34.7636043959585,-4.53650055479742,"Targuist","Niet beschikbaar","Targuist","MA","Marokko","Marokko, Targuist","Afgelopen 3 dagen bijgewerkt","EFFIS heeft dit gebied één tot drie dagen geleden bijgewerkt.",2,"#E07154",31,"31 hectare",1.1,"16 september 2026 om 20:17","16 september 2026","2026-09-16T18:17:00Z","29 september 2026 om 08:22","2026-09-29T06:22:48Z",2,"12 dagen tussen registraties","Niet beschikbaar","Niet beschikbaar","Niet beschikbaar","Niet beschikbaar","Nee","Niet beschikbaar",,,"Nee","Niet beschikbaar","Niet beschikbaar",,,"2026-10-01T11:43:22Z","EFFIS – Copernicus Emergency Management Service","https://forest-fire.emergency.copernicus.eu/apps/effis.csv/","",""
"effis-ba-785101","EFFIS-brandgebied",35.1850152877868,-3.03233558840445,"Guelaia","Niet beschikbaar","Guelaia","MA","Marokko","Marokko, Guelaia","Afgelopen 3 dagen bijgewerkt","EFFIS heeft dit gebied één tot drie dagen geleden bijgewerkt.",2,"#E07154",12,"12 hectare",0.89,"3 september 2026 om 01:24","3 september 2026","2026-09-02T23:24:00Z","29 september 2026 om 08:21","2026-09-29T06:21:43Z",2,"26 dagen tussen registraties","Niet beschikbaar","Niet beschikbaar","Niet beschikbaar","Niet beschikbaar","Nee","Niet beschikbaar",,,"Nee","Niet beschikbaar","Niet beschikbaar",,,"2026-10-01T11:43:22Z","EFFIS – Copernicus Emergency Management Service","https://forest-fire.emergency.copernicus.eu/apps/effis.csv/","",""
"effis-ba-785100","EFFIS-brandgebied",36.6869474675301,6.54233928357255,"Verbrand gebied in Algerije","Niet beschikbaar","Niet beschikbaar","DZ","Algerije","Algerije","Afgelopen 3 dagen bijgewerkt","EFFIS heeft dit gebied één tot drie dagen geleden bijgewerkt.",2,"#E07154",6,"6 hectare",0.74,"31 augustus 2026 om 00:00","31 augustus 2026","2026-08-30T22:00:00Z","29 september 2026 om 08:18","2026-09-29T06:18:46Z",2,"29 dagen tussen registraties","Niet beschikbaar","Niet beschikbaar","Niet beschikbaar","Niet beschikbaar","Nee","Niet beschikbaar",,,"Nee","Niet beschikbaar","Niet beschikbaar",,,"2026-10-01T11:43:22Z","EFFIS – Copernicus Emergency Management Service","https://forest-fire.emergency.copernicus.eu/apps/effis.csv/","",""
"effis-ba-785099","EFFIS-brandgebied",41.008204410402,-4.88483209154516,"Langa","Langa","Ávila","ES","Spanje","Spanje, Ávila","Afgelopen 3 dagen bijgewerkt","EFFIS heeft dit gebied één tot drie dagen geleden bijgewerkt.",2,"#E07154",4,"4 hectare",0.65,"26 september 2026 om 12:14","26 september 2026","2026-09-26T10:14:00Z","29 september 2026 om 08:18","2026-09-29T06:18:04Z",2,"2 dagen tussen registraties","Onder controle","0","1","Hoog","Ja","1 oktober 2026 om 13:40","2026-10-01T11:40:58.279Z","2026-10-01T11:43:23Z","Nee","Niet beschikbaar","Niet beschikbaar",,,"2026-10-01T11:43:22Z","EFFIS – Copernicus Emergency Management Service","https://forest-fire.emergency.copernicus.eu/apps/effis.csv/","FireMap.live","https://firemap.live/"
"effis-ba-785098","EFFIS-brandgebied",42.1195965592362,-4.49058539113165,"Monzón de Campos","Monzón de Campos","Palencia","ES","Spanje","Spanje, Palencia","Afgelopen 3 dagen bijgewerkt","EFFIS heeft dit gebied één tot drie dagen geleden bijgewerkt.",2,"#E07154",4,"4 hectare",0.65,"19 september 2026 om 12:25","19 september 2026","2026-09-19T10:25:00Z","29 september 2026 om 08:16","2026-09-29T06:16:57Z",2,"9 dagen tussen registraties","Uitgedoofd","0","0","Laag","Ja","1 oktober 2026 om 13:40","2026-10-01T11:40:58.351Z","2026-10-01T11:43:23Z","Nee","Niet beschikbaar","Niet beschikbaar",,,"2026-10-01T11:43:22Z","EFFIS – Copernicus Emergency Management Service","https://forest-fire.emergency.copernicus.eu/apps/effis.csv/","FireMap.live","https://firemap.live/"
"effis-ba-785097","EFFIS-brandgebied",37.2757001904726,9.52157697221439,"Verbrand gebied in Tunesië","Niet beschikbaar","Niet beschikbaar","TN","Tunesië","Tunesië","Afgelopen 3 dagen bijgewerkt","EFFIS heeft dit gebied één tot drie dagen geleden bijgewerkt.",2,"#E07154",1,"1 hectare",0.35,"21 september 2026 om 00:00","21 september 2026","2026-09-20T22:00:00Z","29 september 2026 om 08:16","2026-09-29T06:16:51Z",2,"8 dagen tussen registraties","Uitgedoofd","0","0","Hoog","Ja","1 oktober 2026 om 13:40","2026-10-01T11:40:58.329Z","2026-10-01T11:43:23Z","Nee","Niet beschikbaar","Niet beschikbaar",,,"2026-10-01T11:43:22Z","EFFIS – Copernicus Emergency Management Service","https://forest-fire.emergency.copernicus.eu/apps/effis.csv/","FireMap.live","https://firemap.live/"
"effis-ba-785096","EFFIS-brandgebied",37.2772680981077,9.52176509392383,"Verbrand gebied in Tunesië","Niet beschikbaar","Niet beschikbaar","TN","Tunesië","Tunesië","Afgelopen 3 dagen bijgewerkt","EFFIS heeft dit gebied één tot drie dagen geleden bijgewerkt.",2,"#E07154",1,"1 hectare",0.35,"22 september 2026 om 00:00","22 september 2026","2026-09-21T22:00:00Z","29 september 2026 om 08:16","2026-09-29T06:16:51Z",2,"7 dagen tussen registraties","Uitgedoofd","0","0","Hoog","Ja","1 oktober 2026 om 13:40","2026-10-01T11:40:58.323Z","2026-10-01T11:43:23Z","Nee","Niet beschikbaar","Niet beschikbaar",,,"2026-10-01T11:43:22Z","EFFIS – Copernicus Emergency Management Service","https://forest-fire.emergency.copernicus.eu/apps/effis.csv/","FireMap.live","https://firemap.live/"
"effis-ba-785095","EFFIS-brandgebied",34.2070680604398,36.2525647407925,"Harbta","Niet beschikbaar","Harbta","LB","Libanon","Libanon, Harbta","Afgelopen 3 dagen bijgewerkt","EFFIS heeft dit gebied één tot drie dagen geleden bijgewerkt.",2,"#E07154",24,"24 hectare",1.04,"24 augustus 2026 om 09:52","24 augustus 2026","2026-08-24T07:52:00Z","29 september 2026 om 08:14","2026-09-29T06:14:18Z",2,"35 dagen tussen registraties","Niet beschikbaar","Niet beschikbaar","Niet beschikbaar","Niet beschikbaar","Nee","Niet beschikbaar",,,"Nee","Niet beschikbaar","Niet beschikbaar",,,"2026-10-01T11:43:22Z","EFFIS – Copernicus Emergency Management Service","https://forest-fire.emergency.copernicus.eu/apps/effis.csv/","",""
"effis-ba-785094","EFFIS-brandgebied",35.1803569595965,36.1958235677514,"Verbrand gebied in Syrië","Niet beschikbaar","Niet beschikbaar","SY","Syrië","Syrië","Afgelopen 3 dagen bijgewerkt","EFFIS heeft dit gebied één tot drie dagen geleden bijgewerkt.",2,"#E07154",6,"6 hectare",0.74,"17 september 2026 om 11:19","17 september 2026","2026-09-17T09:19:00Z","29 september 2026 om 08:13","2026-09-29T06:13:34Z",2,"11 dagen tussen registraties","Niet beschikbaar","Niet beschikbaar","Niet beschikbaar","Niet beschikbaar","Nee","Niet beschikbaar",,,"Nee","Niet beschikbaar","Niet beschikbaar",,,"2026-10-01T11:43:22Z","EFFIS – Copernicus Emergency Management Service","https://forest-fire.emergency.copernicus.eu/apps/effis.csv/","",""
"effis-ba-785093","EFFIS-brandgebied",36.8251396303552,-4.2393868630198,"Cútar","Cútar","Málaga","ES","Spanje","Spanje, Málaga","Afgelopen 3 dagen bijgewerkt","EFFIS heeft dit gebied één tot drie dagen geleden bijgewerkt.",2,"#E07154",2,"2 hectare",0.5,"8 september 2026 om 14:10","8 september 2026","2026-09-08T12:10:00Z","29 september 2026 om 08:12","2026-09-29T06:12:27Z",2,"20 dagen tussen registraties","Niet beschikbaar","Niet beschikbaar","Niet beschikbaar","Niet beschikbaar","Nee","Niet beschikbaar",,,"Nee","Niet beschikbaar","Niet beschikbaar",,,"2026-10-01T11:43:22Z","EFFIS – Copernicus Emergency Management Service","https://forest-fire.emergency.copernicus.eu/apps/effis.csv/","",""
"effis-ba-785092","EFFIS-brandgebied",36.8262634368845,-4.23780666422034,"Cútar","Cútar","Málaga","ES","Spanje","Spanje, Málaga","Afgelopen 3 dagen bijgewerkt","EFFIS heeft dit gebied één tot drie dagen geleden bijgewerkt.",2,"#E07154",2,"2 hectare",0.5,"8 september 2026 om 14:10","8 september 2026","2026-09-08T12:10:00Z","29 september 2026 om 08:12","2026-09-29T06:12:27Z",2,"20 dagen tussen registraties","Niet beschikbaar","Niet beschikbaar","Niet beschikbaar","Niet beschikbaar","Nee","Niet beschikbaar",,,"Nee","Niet beschikbaar","Niet beschikbaar",,,"2026-10-01T11:43:22Z","EFFIS – Copernicus Emergency Management Service","https://forest-fire.emergency.copernicus.eu/apps/effis.csv/","",""
"effis-ba-785090","EFFIS-brandgebied",37.3002211697263,43.8120160837354,"Hakkari","Niet beschikbaar","Hakkari","TR","Turkije","Turkije, Hakkari","Afgelopen 3 dagen bijgewerkt","EFFIS heeft dit gebied één tot drie dagen geleden bijgewerkt.",2,"#E07154",151,"151 hectare",1.44,"24 september 2026 om 11:08","24 september 2026","2026-09-24T09:08:00Z","29 september 2026 om 08:12","2026-09-29T06:12:07Z",2,"4 dagen tussen registraties","Uitgedoofd","0","0","Niet beschikbaar","Ja","1 oktober 2026 om 13:40","2026-10-01T11:40:58.288Z","2026-10-01T11:43:23Z","Nee","Niet beschikbaar","Niet beschikbaar",,,"2026-10-01T11:43:22Z","EFFIS – Copernicus Emergency Management Service","https://forest-fire.emergency.copernicus.eu/apps/effis.csv/","FireMap.live","https://firemap.live/"
"effis-ba-785089","EFFIS-brandgebied",38.0926949889083,37.024700582428,"Kahramanmaraş","Niet beschikbaar","Kahramanmaraş","TR","Turkije","Turkije, Kahramanmaraş","Afgelopen 3 dagen bijgewerkt","EFFIS heeft dit gebied één tot drie dagen geleden bijgewerkt.",2,"#E07154",36,"36 hectare",1.13,"6 september 2026 om 00:03","6 september 2026","2026-09-05T22:03:00Z","29 september 2026 om 08:10","2026-09-29T06:10:17Z",2,"23 dagen tussen registraties","Niet beschikbaar","Niet beschikbaar","Niet beschikbaar","Niet beschikbaar","Nee","Niet beschikbaar",,,"Nee","Niet beschikbaar","Niet beschikbaar",,,"2026-10-01T11:43:22Z","EFFIS – Copernicus Emergency Management Service","https://forest-fire.emergency.copernicus.eu/apps/effis.csv/","",""
"effis-ba-785088","EFFIS-brandgebied",37.1343480990701,28.5093517302054,"Muğla","Niet beschikbaar","Muğla","TR","Turkije","Turkije, Muğla","Afgelopen 3 dagen bijgewerkt","EFFIS heeft dit gebied één tot drie dagen geleden bijgewerkt.",2,"#E07154",41,"41 hectare",1.16,"7 september 2026 om 00:00","7 september 2026","2026-09-06T22:00:00Z","29 september 2026 om 08:08","2026-09-29T06:08:28Z",2,"22 dagen tussen registraties","Niet beschikbaar","Niet beschikbaar","Niet beschikbaar","Niet beschikbaar","Nee","Niet beschikbaar",,,"Nee","Niet beschikbaar","Niet beschikbaar",,,"2026-10-01T11:43:22Z","EFFIS – Copernicus Emergency Management Service","https://forest-fire.emergency.copernicus.eu/apps/effis.csv/","",""
"effis-ba-785087","EFFIS-brandgebied",37.1444207457726,28.510535706265,"Muğla","Niet beschikbaar","Muğla","TR","Turkije","Turkije, Muğla","Afgelopen 3 dagen bijgewerkt","EFFIS heeft dit gebied één tot drie dagen geleden bijgewerkt.",2,"#E07154",34,"34 hectare",1.12,"7 september 2026 om 00:00","7 september 2026","2026-09-06T22:00:00Z","29 september 2026 om 08:07","2026-09-29T06:07:26Z",2,"22 dagen tussen registraties","Niet beschikbaar","Niet beschikbaar","Niet beschikbaar","Niet beschikbaar","Nee","Niet beschikbaar",,,"Nee","Niet beschikbaar","Niet beschikbaar",,,"2026-10-01T11:43:22Z","EFFIS – Copernicus Emergency Management Service","https://forest-fire.emergency.copernicus.eu/apps/effis.csv/","",""
"effis-ba-785086","EFFIS-brandgebied",37.1540566435695,28.5125104307651,"Muğla","Niet beschikbaar","Muğla","TR","Turkije","Turkije, Muğla","Afgelopen 3 dagen bijgewerkt","EFFIS heeft dit gebied één tot drie dagen geleden bijgewerkt.",2,"#E07154",80,"80 hectare",1.3,"7 september 2026 om 06:42","7 september 2026","2026-09-07T04:42:00Z","29 september 2026 om 08:06","2026-09-29T06:06:47Z",2,"22 dagen tussen registraties","Niet beschikbaar","Niet beschikbaar","Niet beschikbaar","Niet beschikbaar","Nee","Niet beschikbaar",,,"Nee","Niet beschikbaar","Niet beschikbaar",,,"2026-10-01T11:43:22Z","EFFIS – Copernicus Emergency Management Service","https://forest-fire.emergency.copernicus.eu/apps/effis.csv/","",""
"effis-ba-785085","EFFIS-brandgebied",39.0513196267333,-5.4360693614931,"Navalvillar de Pela","Navalvillar de Pela","Badajoz","ES","Spanje","Spanje, Badajoz","Afgelopen 3 dagen bijgewerkt","EFFIS heeft dit gebied één tot drie dagen geleden bijgewerkt.",2,"#E07154",8,"8 hectare",0.8,"27 september 2026 om 13:33","27 september 2026","2026-09-27T11:33:00Z","29 september 2026 om 08:03","2026-09-29T06:03:36Z",2,"1 dag tussen registraties","Onder controle","0","1","Hoog","Ja","1 oktober 2026 om 13:40","2026-10-01T11:40:58.275Z","2026-10-01T11:43:23Z","Nee","Niet beschikbaar","Niet beschikbaar",,,"2026-10-01T11:43:22Z","EFFIS – Copernicus Emergency Management Service","https://forest-fire.emergency.copernicus.eu/apps/effis.csv/","FireMap.live","https://firemap.live/"
"effis-ba-785084","EFFIS-brandgebied",42.9110798709192,21.6863471484036,"Lebane","Lebane","Јабланичка област","RS","Servië","Servië, Јабланичка област","Afgelopen 3 dagen bijgewerkt","EFFIS heeft dit gebied één tot drie dagen geleden bijgewerkt.",2,"#E07154",12,"12 hectare",0.89,"21 september 2026 om 00:00","21 september 2026","2026-09-20T22:00:00Z","29 september 2026 om 08:03","2026-09-29T06:03:28Z",2,"8 dagen tussen registraties","Uitgedoofd","0","0","Hoog","Ja","1 oktober 2026 om 13:40","2026-10-01T11:40:58.331Z","2026-10-01T11:43:23Z","Nee","Niet beschikbaar","Niet beschikbaar",,,"2026-10-01T11:43:22Z","EFFIS – Copernicus Emergency Management Service","https://forest-fire.emergency.copernicus.eu/apps/effis.csv/","FireMap.live","https://firemap.live/"
"effis-ba-785083","EFFIS-brandgebied",42.9135340454989,21.6755289462184,"Lebane","Lebane","Јабланичка област","RS","Servië","Servië, Јабланичка област","Afgelopen 3 dagen bijgewerkt","EFFIS heeft dit gebied één tot drie dagen geleden bijgewerkt.",2,"#E07154",2,"2 hectare",0.5,"21 september 2026 om 00:00","21 september 2026","2026-09-20T22:00:00Z","29 september 2026 om 08:03","2026-09-29T06:03:28Z",2,"8 dagen tussen registraties","Uitgedoofd","0","0","Hoog","Ja","1 oktober 2026 om 13:40","2026-10-01T11:40:58.331Z","2026-10-01T11:43:23Z","Nee","Niet beschikbaar","Niet beschikbaar",,,"2026-10-01T11:43:22Z","EFFIS – Copernicus Emergency Management Service","https://forest-fire.emergency.copernicus.eu/apps/effis.csv/","FireMap.live","https://firemap.live/"
"effis-ba-785081","EFFIS-brandgebied",43.7914453670844,21.1236409756358,"Rekovac","Rekovac","Поморавска област","RS","Servië","Servië, Поморавска област","Afgelopen 3 dagen bijgewerkt","EFFIS heeft dit gebied één tot drie dagen geleden bijgewerkt.",2,"#E07154",4,"4 hectare",0.65,"9 september 2026 om 11:36","9 september 2026","2026-09-09T09:36:00Z","29 september 2026 om 08:01","2026-09-29T06:01:59Z",2,"19 dagen tussen registraties","Niet beschikbaar","Niet beschikbaar","Niet beschikbaar","Niet beschikbaar","Nee","Niet beschikbaar",,,"Nee","Niet beschikbaar","Niet beschikbaar",,,"2026-10-01T11:43:22Z","EFFIS – Copernicus Emergency Management Service","https://forest-fire.emergency.copernicus.eu/apps/effis.csv/","",""
"effis-ba-785080","EFFIS-brandgebied",43.7652590644704,21.7804884075891,"Sokobanja","Sokobanja","Зајечарска област","RS","Servië","Servië, Зајечарска област","Afgelopen 3 dagen bijgewerkt","EFFIS heeft dit gebied één tot drie dagen geleden bijgewerkt.",2,"#E07154",3,"3 hectare",0.59,"24 augustus 2026 om 00:11","24 augustus 2026","2026-08-23T22:11:00Z","29 september 2026 om 08:01","2026-09-29T06:01:17Z",2,"36 dagen tussen registraties","Niet beschikbaar","Niet beschikbaar","Niet beschikbaar","Niet beschikbaar","Nee","Niet beschikbaar",,,"Nee","Niet beschikbaar","Niet beschikbaar",,,"2026-10-01T11:43:22Z","EFFIS – Copernicus Emergency Management Service","https://forest-fire.emergency.copernicus.eu/apps/effis.csv/","",""
"effis-ba-785079","EFFIS-brandgebied",43.6657971663788,22.3633100440079,"Knjaževac","Knjaževac","Зајечарска област","RS","Servië","Servië, Зајечарска област","Afgelopen 3 dagen bijgewerkt","EFFIS heeft dit gebied één tot drie dagen geleden bijgewerkt.",2,"#E07154",19,"19 hectare",0.99,"5 september 2026 om 11:49","5 september 2026","2026-09-05T09:49:00Z","29 september 2026 om 08:00","2026-09-29T06:00:19Z",2,"23 dagen tussen registraties","Niet beschikbaar","Niet beschikbaar","Niet beschikbaar","Niet beschikbaar","Nee","Niet beschikbaar",,,"Nee","Niet beschikbaar","Niet beschikbaar",,,"2026-10-01T11:43:22Z","EFFIS – Copernicus Emergency Management Service","https://forest-fire.emergency.copernicus.eu/apps/effis.csv/","",""
"effis-ba-785078","EFFIS-brandgebied",44.2321695965631,22.6404202614595,"Negotin","Negotin","Борска област","RS","Servië","Servië, Борска област","Afgelopen 3 dagen bijgewerkt","EFFIS heeft dit gebied één tot drie dagen geleden bijgewerkt.",2,"#E07154",28,"28 hectare",1.07,"11 september 2026 om 11:34","11 september 2026","2026-09-11T09:34:00Z","29 september 2026 om 07:58","2026-09-29T05:58:57Z",2,"17 dagen tussen registraties","Niet beschikbaar","Niet beschikbaar","Niet beschikbaar","Niet beschikbaar","Nee","Niet beschikbaar",,,"Nee","Niet beschikbaar","Niet beschikbaar",,,"2026-10-01T11:43:22Z","EFFIS – Copernicus Emergency Management Service","https://forest-fire.emergency.copernicus.eu/apps/effis.csv/","",""
"effis-ba-785077","EFFIS-brandgebied",39.8447334494802,-7.62007619210259,"Sarzedas","Sarzedas","Beira Baixa","PT","Portugal","Portugal, Beira Baixa","Afgelopen 3 dagen bijgewerkt","EFFIS heeft dit gebied één tot drie dagen geleden bijgewerkt.",2,"#E07154",1,"1 hectare",0.35,"22 september 2026 om 01:45","22 september 2026","2026-09-21T23:45:00Z","29 september 2026 om 07:58","2026-09-29T05:58:52Z",2,"7 dagen tussen registraties","Niet beschikbaar","Niet beschikbaar","Niet beschikbaar","Niet beschikbaar","Nee","Niet beschikbaar",,,"Nee","Niet beschikbaar","Niet beschikbaar",,,"2026-10-01T11:43:22Z","EFFIS – Copernicus Emergency Management Service","https://forest-fire.emergency.copernicus.eu/apps/effis.csv/","",""
"effis-ba-785076","EFFIS-brandgebied",44.2172232477761,22.665104279254,"Negotin","Negotin","Борска област","RS","Servië","Servië, Борска област","Afgelopen 3 dagen bijgewerkt","EFFIS heeft dit gebied één tot drie dagen geleden bijgewerkt.",2,"#E07154",43,"43 hectare",1.17,"12 september 2026 om 00:56","12 september 2026","2026-09-11T22:56:00Z","29 september 2026 om 07:58","2026-09-29T05:58:13Z",2,"17 dagen tussen registraties","Niet beschikbaar","Niet beschikbaar","Niet beschikbaar","Niet beschikbaar","Nee","Niet beschikbaar",,,"Nee","Niet beschikbaar","Niet beschikbaar",,,"2026-10-01T11:43:22Z","EFFIS – Copernicus Emergency Management Service","https://forest-fire.emergency.copernicus.eu/apps/effis.csv/","",""
"effis-ba-785075","EFFIS-brandgebied",44.2234896603525,22.6609720020135,"Negotin","Negotin","Борска област","RS","Servië","Servië, Борска област","Afgelopen 3 dagen bijgewerkt","EFFIS heeft dit gebied één tot drie dagen geleden bijgewerkt.",2,"#E07154",4,"4 hectare",0.65,"11 september 2026 om 11:34","11 september 2026","2026-09-11T09:34:00Z","29 september 2026 om 07:57","2026-09-29T05:57:47Z",2,"17 dagen tussen registraties","Niet beschikbaar","Niet beschikbaar","Niet beschikbaar","Niet beschikbaar","Nee","Niet beschikbaar",,,"Nee","Niet beschikbaar","Niet beschikbaar",,,"2026-10-01T11:43:22Z","EFFIS – Copernicus Emergency Management Service","https://forest-fire.emergency.copernicus.eu/apps/effis.csv/","",""
"effis-ba-785074","EFFIS-brandgebied",41.6089660025525,-8.08485482847373,"Anjos e Vilar do Chão","Anjos e Vilar do Chão","Ave","PT","Portugal","Portugal, Ave","Afgelopen 3 dagen bijgewerkt","EFFIS heeft dit gebied één tot drie dagen geleden bijgewerkt.",2,"#E07154",1,"1 hectare",0.35,"23 september 2026 om 20:00","23 september 2026","2026-09-23T18:00:00Z","29 september 2026 om 07:55","2026-09-29T05:55:02Z",2,"5 dagen tussen registraties","Niet beschikbaar","Niet beschikbaar","Niet beschikbaar","Niet beschikbaar","Nee","Niet beschikbaar",,,"Nee","Niet beschikbaar","Niet beschikbaar",,,"2026-10-01T11:43:22Z","EFFIS – Copernicus Emergency Management Service","https://forest-fire.emergency.copernicus.eu/apps/effis.csv/","",""
"effis-ba-785073","EFFIS-brandgebied",44.5287663536026,21.6817948883527,"Kučevo","Kučevo","Браничевска област","RS","Servië","Servië, Браничевска област","Afgelopen 3 dagen bijgewerkt","EFFIS heeft dit gebied één tot drie dagen geleden bijgewerkt.",2,"#E07154",6,"6 hectare",0.74,"13 september 2026 om 12:38","13 september 2026","2026-09-13T10:38:00Z","29 september 2026 om 07:54","2026-09-29T05:54:51Z",2,"15 dagen tussen registraties","Niet beschikbaar","Niet beschikbaar","Niet beschikbaar","Niet beschikbaar","Nee","Niet beschikbaar",,,"Nee","Niet beschikbaar","Niet beschikbaar",,,"2026-10-01T11:43:22Z","EFFIS – Copernicus Emergency Management Service","https://forest-fire.emergency.copernicus.eu/apps/effis.csv/","",""
"effis-ba-785072","EFFIS-brandgebied",41.6111482551242,-8.07526218043269,"Anjos e Vilar do Chão","Anjos e Vilar do Chão","Ave","PT","Portugal","Portugal, Ave","Afgelopen 3 dagen bijgewerkt","EFFIS heeft dit gebied één tot drie dagen geleden bijgewerkt.",2,"#E07154",3,"3 hectare",0.59,"24 september 2026 om 02:11","24 september 2026","2026-09-24T00:11:00Z","29 september 2026 om 07:53","2026-09-29T05:53:21Z",2,"5 dagen tussen registraties","Niet beschikbaar","Niet beschikbaar","Niet beschikbaar","Niet beschikbaar","Nee","Niet beschikbaar",,,"Nee","Niet beschikbaar","Niet beschikbaar",,,"2026-10-01T11:43:22Z","EFFIS – Copernicus Emergency Management Service","https://forest-fire.emergency.copernicus.eu/apps/effis.csv/","",""
"effis-ba-785071","EFFIS-brandgebied",45.4122620687434,25.8763083706888,"Măneciu","Măneciu","Prahova","RO","Roemenië","Roemenië, Prahova","Afgelopen 3 dagen bijgewerkt","EFFIS heeft dit gebied één tot drie dagen geleden bijgewerkt.",2,"#E07154",7,"7 hectare",0.77,"11 september 2026 om 19:25","11 september 2026","2026-09-11T17:25:00Z","29 september 2026 om 07:53","2026-09-29T05:53:17Z",2,"17 dagen tussen registraties","Niet beschikbaar","Niet beschikbaar","Niet beschikbaar","Niet beschikbaar","Nee","Niet beschikbaar",,,"Nee","Niet beschikbaar","Niet beschikbaar",,,"2026-10-01T11:43:22Z","EFFIS – Copernicus Emergency Management Service","https://forest-fire.emergency.copernicus.eu/apps/effis.csv/","",""
"effis-ba-785070","EFFIS-brandgebied",41.6103168504212,-8.07989073243683,"Anjos e Vilar do Chão","Anjos e Vilar do Chão","Ave","PT","Portugal","Portugal, Ave","Afgelopen 3 dagen bijgewerkt","EFFIS heeft dit gebied één tot drie dagen geleden bijgewerkt.",2,"#E07154",16,"16 hectare",0.95,"23 september 2026 om 20:00","23 september 2026","2026-09-23T18:00:00Z","29 september 2026 om 07:53","2026-09-29T05:53:00Z",2,"5 dagen tussen registraties","Niet beschikbaar","Niet beschikbaar","Niet beschikbaar","Niet beschikbaar","Nee","Niet beschikbaar",,,"Nee","Niet beschikbaar","Niet beschikbaar",,,"2026-10-01T11:43:22Z","EFFIS – Copernicus Emergency Management Service","https://forest-fire.emergency.copernicus.eu/apps/effis.csv/","",""
"effis-ba-785069","EFFIS-brandgebied",46.8100245034451,22.3203011748336,"Pomezeu","Pomezeu","Bihor","RO","Roemenië","Roemenië, Bihor","Afgelopen 3 dagen bijgewerkt","EFFIS heeft dit gebied één tot drie dagen geleden bijgewerkt.",2,"#E07154",11,"11 hectare",0.87,"7 september 2026 om 11:10","7 september 2026","2026-09-07T09:10:00Z","29 september 2026 om 07:52","2026-09-29T05:52:16Z",2,"21 dagen tussen registraties","Niet beschikbaar","Niet beschikbaar","Niet beschikbaar","Niet beschikbaar","Nee","Niet beschikbaar",,,"Nee","Niet beschikbaar","Niet beschikbaar",,,"2026-10-01T11:43:22Z","EFFIS – Copernicus Emergency Management Service","https://forest-fire.emergency.copernicus.eu/apps/effis.csv/","",""
"effis-ba-785068","EFFIS-brandgebied",41.6667792637735,-8.07413674273314,"Ruivães e Campos","Ruivães e Campos","Ave","PT","Portugal","Portugal, Ave","Afgelopen 3 dagen bijgewerkt","EFFIS heeft dit gebied één tot drie dagen geleden bijgewerkt.",2,"#E07154",8,"8 hectare",0.8,"27 september 2026 om 01:15","27 september 2026","2026-09-26T23:15:00Z","29 september 2026 om 07:52","2026-09-29T05:52:03Z",2,"2 dagen tussen registraties","Niet beschikbaar","Niet beschikbaar","Niet beschikbaar","Niet beschikbaar","Nee","Niet beschikbaar",,,"Nee","Niet beschikbaar","Niet beschikbaar",,,"2026-10-01T11:43:22Z","EFFIS – Copernicus Emergency Management Service","https://forest-fire.emergency.copernicus.eu/apps/effis.csv/","",""
"effis-ba-785067","EFFIS-brandgebied",44.778558297849,22.3813818159868,"Topleţ","Topleţ","Caraş-Severin","RO","Roemenië","Roemenië, Caraş-Severin","Afgelopen 3 dagen bijgewerkt","EFFIS heeft dit gebied één tot drie dagen geleden bijgewerkt.",2,"#E07154",40,"40 hectare",1.15,"19 september 2026 om 19:56","19 september 2026","2026-09-19T17:56:00Z","29 september 2026 om 07:46","2026-09-29T05:46:47Z",2,"9 dagen tussen registraties","Uitgedoofd","0","0","Hoog","Ja","1 oktober 2026 om 13:40","2026-10-01T11:40:58.349Z","2026-10-01T11:43:23Z","Nee","Niet beschikbaar","Niet beschikbaar",,,"2026-10-01T11:43:22Z","EFFIS – Copernicus Emergency Management Service","https://forest-fire.emergency.copernicus.eu/apps/effis.csv/","FireMap.live","https://firemap.live/"
"effis-ba-785065","EFFIS-brandgebied",43.0277607364044,-5.56133828419962,"Aller","Aller","Asturias","ES","Spanje","Spanje, Asturias","Afgelopen 3 dagen bijgewerkt","EFFIS heeft dit gebied één tot drie dagen geleden bijgewerkt.",2,"#E07154",5,"5 hectare",0.7,"25 september 2026 om 01:54","25 september 2026","2026-09-24T23:54:00Z","29 september 2026 om 07:44","2026-09-29T05:44:01Z",2,"4 dagen tussen registraties","Onder controle","0","1","Laag","Ja","1 oktober 2026 om 13:40","2026-10-01T11:40:58.283Z","2026-10-01T11:43:23Z","Nee","Niet beschikbaar","Niet beschikbaar",,,"2026-10-01T11:43:22Z","EFFIS – Copernicus Emergency Management Service","https://forest-fire.emergency.copernicus.eu/apps/effis.csv/","FireMap.live","https://firemap.live/"
"effis-ba-785066","EFFIS-brandgebied",43.030627658457,-5.55958023418644,"Aller","Aller","Asturias","ES","Spanje","Spanje, Asturias","Afgelopen 3 dagen bijgewerkt","EFFIS heeft dit gebied één tot drie dagen geleden bijgewerkt.",2,"#E07154",2,"2 hectare",0.5,"25 september 2026 om 01:54","25 september 2026","2026-09-24T23:54:00Z","29 september 2026 om 07:44","2026-09-29T05:44:01Z",2,"4 dagen tussen registraties","Onder controle","0","1","Laag","Ja","1 oktober 2026 om 13:40","2026-10-01T11:40:58.283Z","2026-10-01T11:43:23Z","Nee","Niet beschikbaar","Niet beschikbaar",,,"2026-10-01T11:43:22Z","EFFIS – Copernicus Emergency Management Service","https://forest-fire.emergency.copernicus.eu/apps/effis.csv/","FireMap.live","https://firemap.live/"
"effis-ba-785063","EFFIS-brandgebied",43.0516380696851,-5.70176281835636,"Villamanín","Villamanín","León","ES","Spanje","Spanje, León","Afgelopen 3 dagen bijgewerkt","EFFIS heeft dit gebied één tot drie dagen geleden bijgewerkt.",2,"#E07154",190,"190 hectare",1.49,"28 september 2026 om 01:52","28 september 2026","2026-09-27T23:52:00Z","29 september 2026 om 07:40","2026-09-29T05:40:31Z",2,"1 dag tussen registraties","Onder controle","0","2","Laag","Ja","1 oktober 2026 om 13:40","2026-10-01T11:40:58.273Z","2026-10-01T11:43:23Z","Nee","Niet beschikbaar","Niet beschikbaar",,,"2026-10-01T11:43:22Z","EFFIS – Copernicus Emergency Management Service","https://forest-fire.emergency.copernicus.eu/apps/effis.csv/","FireMap.live","https://firemap.live/"
"effis-ba-785062","EFFIS-brandgebied",42.889169546371,23.0344130984647,"Сливница","Сливница","София","BG","Bulgarije","Bulgarije, София","Afgelopen 3 dagen bijgewerkt","EFFIS heeft dit gebied één tot drie dagen geleden bijgewerkt.",2,"#E07154",36,"36 hectare",1.13,"23 september 2026 om 11:10","23 september 2026","2026-09-23T09:10:00Z","29 september 2026 om 07:37","2026-09-29T05:37:58Z",2,"5 dagen tussen registraties","Uitgedoofd","0","0","Hoog","Ja","1 oktober 2026 om 13:40","2026-10-01T11:40:58.299Z","2026-10-01T11:43:23Z","Nee","Niet beschikbaar","Niet beschikbaar",,,"2026-10-01T11:43:22Z","EFFIS – Copernicus Emergency Management Service","https://forest-fire.emergency.copernicus.eu/apps/effis.csv/","FireMap.live","https://firemap.live/"
"effis-ba-785061","EFFIS-brandgebied",42.3078711625164,23.739008833063,"Долна баня","Долна баня","София","BG","Bulgarije","Bulgarije, София","Afgelopen 3 dagen bijgewerkt","EFFIS heeft dit gebied één tot drie dagen geleden bijgewerkt.",2,"#E07154",2,"2 hectare",0.5,"5 september 2026 om 11:10","5 september 2026","2026-09-05T09:10:00Z","29 september 2026 om 07:37","2026-09-29T05:37:00Z",2,"23 dagen tussen registraties","Niet beschikbaar","Niet beschikbaar","Niet beschikbaar","Niet beschikbaar","Nee","Niet beschikbaar",,,"Nee","Niet beschikbaar","Niet beschikbaar",,,"2026-10-01T11:43:22Z","EFFIS – Copernicus Emergency Management Service","https://forest-fire.emergency.copernicus.eu/apps/effis.csv/","",""
"effis-ba-785060","EFFIS-brandgebied",42.1142980381456,24.4465819462933,"Стамболийски","Стамболийски","Пловдив","BG","Bulgarije","Bulgarije, Пловдив","Afgelopen 3 dagen bijgewerkt","EFFIS heeft dit gebied één tot drie dagen geleden bijgewerkt.",2,"#E07154",376,"376 hectare",1.64,"7 september 2026 om 10:32","7 september 2026","2026-09-07T08:32:00Z","29 september 2026 om 07:35","2026-09-29T05:35:18Z",2,"21 dagen tussen registraties","Niet beschikbaar","Niet beschikbaar","Niet beschikbaar","Niet beschikbaar","Nee","Niet beschikbaar",,,"Nee","Niet beschikbaar","Niet beschikbaar",,,"2026-10-01T11:43:22Z","EFFIS – Copernicus Emergency Management Service","https://forest-fire.emergency.copernicus.eu/apps/effis.csv/","",""
"effis-ba-785052","EFFIS-brandgebied",40.3071029463127,19.643222525799,"Selenicë","Selenicë","Vlorë","AL","Albanië","Albanië, Vlorë","Afgelopen 3 dagen bijgewerkt","EFFIS heeft dit gebied één tot drie dagen geleden bijgewerkt.",2,"#E07154",4,"4 hectare",0.65,"24 september 2026 om 00:00","24 september 2026","2026-09-23T22:00:00Z","29 september 2026 om 07:24","2026-09-29T05:24:22Z",2,"5 dagen tussen registraties","Uitgedoofd","0","0","Gemiddeld","Ja","1 oktober 2026 om 13:40","2026-10-01T11:40:58.292Z","2026-10-01T11:43:23Z","Nee","Niet beschikbaar","Niet beschikbaar",,,"2026-10-01T11:43:22Z","EFFIS – Copernicus Emergency Management Service","https://forest-fire.emergency.copernicus.eu/apps/effis.csv/","FireMap.live","https://firemap.live/"
"effis-ba-785049","EFFIS-brandgebied",40.3020003523574,19.6696321596808,"Selenicë","Selenicë","Vlorë","AL","Albanië","Albanië, Vlorë","Afgelopen 3 dagen bijgewerkt","EFFIS heeft dit gebied één tot drie dagen geleden bijgewerkt.",2,"#E07154",17,"17 hectare",0.97,"24 september 2026 om 00:00","24 september 2026","2026-09-23T22:00:00Z","29 september 2026 om 07:23","2026-09-29T05:23:52Z",2,"5 dagen tussen registraties","Onder controle","0","1","Gemiddeld","Ja","1 oktober 2026 om 13:40","2026-10-01T11:40:58.291Z","2026-10-01T11:43:23Z","Nee","Niet beschikbaar","Niet beschikbaar",,,"2026-10-01T11:43:22Z","EFFIS – Copernicus Emergency Management Service","https://forest-fire.emergency.copernicus.eu/apps/effis.csv/","FireMap.live","https://firemap.live/"
"effis-ba-785048","EFFIS-brandgebied",41.2698357828339,19.6767799115592,"Tiranë","Tiranë","Tiranë","AL","Albanië","Albanië, Tiranë","Afgelopen 3 dagen bijgewerkt","EFFIS heeft dit gebied één tot drie dagen geleden bijgewerkt.",2,"#E07154",7,"7 hectare",0.77,"24 september 2026 om 10:49","24 september 2026","2026-09-24T08:49:00Z","29 september 2026 om 07:22","2026-09-29T05:22:15Z",2,"4 dagen tussen registraties","Onder controle","0","1","Hoog","Ja","1 oktober 2026 om 13:40","2026-10-01T11:40:58.289Z","2026-10-01T11:43:23Z","Nee","Niet beschikbaar","Niet beschikbaar",,,"2026-10-01T11:43:22Z","EFFIS – Copernicus Emergency Management Service","https://forest-fire.emergency.copernicus.eu/apps/effis.csv/","FireMap.live","https://firemap.live/"
"effis-ba-785047","EFFIS-brandgebied",41.527929936826,19.5349842570185,"Durrës","Durrës","Durrës","AL","Albanië","Albanië, Durrës","Afgelopen 3 dagen bijgewerkt","EFFIS heeft dit gebied één tot drie dagen geleden bijgewerkt.",2,"#E07154",3,"3 hectare",0.59,"22 september 2026 om 00:00","22 september 2026","2026-09-21T22:00:00Z","29 september 2026 om 07:21","2026-09-29T05:21:37Z",2,"7 dagen tussen registraties","Uitgedoofd","0","0","Hoog","Ja","1 oktober 2026 om 13:40","2026-10-01T11:40:58.320Z","2026-10-01T11:43:23Z","Nee","Niet beschikbaar","Niet beschikbaar",,,"2026-10-01T11:43:22Z","EFFIS – Copernicus Emergency Management Service","https://forest-fire.emergency.copernicus.eu/apps/effis.csv/","FireMap.live","https://firemap.live/"
"effis-ba-785046","EFFIS-brandgebied",41.5314551561027,19.5176449627707,"Durrës","Durrës","Durrës","AL","Albanië","Albanië, Durrës","Afgelopen 3 dagen bijgewerkt","EFFIS heeft dit gebied één tot drie dagen geleden bijgewerkt.",2,"#E07154",16,"16 hectare",0.95,"22 september 2026 om 19:19","22 september 2026","2026-09-22T17:19:00Z","29 september 2026 om 07:21","2026-09-29T05:21:04Z",2,"6 dagen tussen registraties","Uitgedoofd","0","0","Hoog","Ja","1 oktober 2026 om 13:40","2026-10-01T11:40:58.307Z","2026-10-01T11:43:23Z","Nee","Niet beschikbaar","Niet beschikbaar",,,"2026-10-01T11:43:22Z","EFFIS – Copernicus Emergency Management Service","https://forest-fire.emergency.copernicus.eu/apps/effis.csv/","FireMap.live","https://firemap.live/"
"effis-ba-785045","EFFIS-brandgebied",41.5389336723167,19.5311931305442,"Durrës","Durrës","Durrës","AL","Albanië","Albanië, Durrës","Afgelopen 3 dagen bijgewerkt","EFFIS heeft dit gebied één tot drie dagen geleden bijgewerkt.",2,"#E07154",23,"23 hectare",1.03,"23 september 2026 om 00:07","23 september 2026","2026-09-22T22:07:00Z","29 september 2026 om 07:20","2026-09-29T05:20:33Z",2,"6 dagen tussen registraties","Uitgedoofd","0","0","Hoog","Ja","1 oktober 2026 om 13:40","2026-10-01T11:40:58.302Z","2026-10-01T11:43:23Z","Nee","Niet beschikbaar","Niet beschikbaar",,,"2026-10-01T11:43:22Z","EFFIS – Copernicus Emergency Management Service","https://forest-fire.emergency.copernicus.eu/apps/effis.csv/","FireMap.live","https://firemap.live/"
"effis-ba-785042","EFFIS-brandgebied",42.5353997120289,21.2473900939657,"Verbrand gebied in Kosovo","Niet beschikbaar","Niet beschikbaar","KS","Kosovo","Kosovo","Afgelopen 3 dagen bijgewerkt","EFFIS heeft dit gebied één tot drie dagen geleden bijgewerkt.",2,"#E07154",6,"6 hectare",0.74,"20 september 2026 om 00:00","20 september 2026","2026-09-19T22:00:00Z","29 september 2026 om 07:17","2026-09-29T05:17:57Z",2,"9 dagen tussen registraties","Uitgedoofd","0","0","Hoog","Ja","1 oktober 2026 om 13:40","2026-10-01T11:40:58.344Z","2026-10-01T11:43:23Z","Nee","Niet beschikbaar","Niet beschikbaar",,,"2026-10-01T11:43:22Z","EFFIS – Copernicus Emergency Management Service","https://forest-fire.emergency.copernicus.eu/apps/effis.csv/","FireMap.live","https://firemap.live/"
"effis-ba-785040","EFFIS-brandgebied",42.5281954008676,21.2685908323875,"Verbrand gebied in Kosovo","Niet beschikbaar","Niet beschikbaar","KS","Kosovo","Kosovo","Afgelopen 3 dagen bijgewerkt","EFFIS heeft dit gebied één tot drie dagen geleden bijgewerkt.",2,"#E07154",62,"62 hectare",1.25,"20 september 2026 om 11:30","20 september 2026","2026-09-20T09:30:00Z","29 september 2026 om 07:17","2026-09-29T05:17:19Z",2,"8 dagen tussen registraties","Uitgedoofd","0","0","Hoog","Ja","1 oktober 2026 om 13:40","2026-10-01T11:40:58.337Z","2026-10-01T11:43:23Z","Nee","Niet beschikbaar","Niet beschikbaar",,,"2026-10-01T11:43:22Z","EFFIS – Copernicus Emergency Management Service","https://forest-fire.emergency.copernicus.eu/apps/effis.csv/","FireMap.live","https://firemap.live/"
"effis-ba-784993","EFFIS-brandgebied",41.4537032092422,13.5406812383784,"Pico","Pico","Frosinone","IT","Italië","Italië, Frosinone","Afgelopen 3 dagen bijgewerkt","EFFIS heeft dit gebied één tot drie dagen geleden bijgewerkt.",2,"#E07154",36,"36 hectare",1.13,"25 september 2026 om 11:36","25 september 2026","2026-09-25T09:36:00Z","29 september 2026 om 07:08","2026-09-29T05:08:14Z",2,"3 dagen tussen registraties","Onder controle","0","1","Hoog","Ja","1 oktober 2026 om 13:40","2026-10-01T11:40:58.283Z","2026-10-01T11:43:23Z","Nee","Niet beschikbaar","Niet beschikbaar",,,"2026-10-01T11:43:22Z","EFFIS – Copernicus Emergency Management Service","https://forest-fire.emergency.copernicus.eu/apps/effis.csv/","FireMap.live","https://firemap.live/"
"effis-ba-784987","EFFIS-brandgebied",41.8093226663062,15.8183379430119,"Cagnano Varano","Cagnano Varano","Foggia","IT","Italië","Italië, Foggia","Afgelopen 3 dagen bijgewerkt","EFFIS heeft dit gebied één tot drie dagen geleden bijgewerkt.",2,"#E07154",69,"69 hectare",1.27,"24 september 2026 om 10:51","24 september 2026","2026-09-24T08:51:00Z","29 september 2026 om 07:05","2026-09-29T05:05:10Z",2,"4 dagen tussen registraties","Onder controle","0","1","Laag","Ja","1 oktober 2026 om 13:40","2026-10-01T11:40:58.289Z","2026-10-01T11:43:23Z","Nee","Niet beschikbaar","Niet beschikbaar",,,"2026-10-01T11:43:22Z","EFFIS – Copernicus Emergency Management Service","https://forest-fire.emergency.copernicus.eu/apps/effis.csv/","FireMap.live","https://firemap.live/"
"effis-ba-784985","EFFIS-brandgebied",41.0346445763967,16.228949896046,"Andria","Andria","Barletta-Andria-Trani","IT","Italië","Italië, Barletta-Andria-Trani","Afgelopen 3 dagen bijgewerkt","EFFIS heeft dit gebied één tot drie dagen geleden bijgewerkt.",2,"#E07154",7,"7 hectare",0.77,"24 september 2026 om 00:00","24 september 2026","2026-09-23T22:00:00Z","29 september 2026 om 07:02","2026-09-29T05:02:55Z",2,"5 dagen tussen registraties","Uitgedoofd","0","0","Hoog","Ja","1 oktober 2026 om 13:40","2026-10-01T11:40:58.292Z","2026-10-01T11:43:23Z","Nee","Niet beschikbaar","Niet beschikbaar",,,"2026-10-01T11:43:22Z","EFFIS – Copernicus Emergency Management Service","https://forest-fire.emergency.copernicus.eu/apps/effis.csv/","FireMap.live","https://firemap.live/"
"effis-ba-784984","EFFIS-brandgebied",40.8565268107322,16.6104395195752,"Altamura","Altamura","Bari","IT","Italië","Italië, Bari","Afgelopen 3 dagen bijgewerkt","EFFIS heeft dit gebied één tot drie dagen geleden bijgewerkt.",2,"#E07154",110,"110 hectare",1.37,"24 september 2026 om 10:49","24 september 2026","2026-09-24T08:49:00Z","29 september 2026 om 07:02","2026-09-29T05:02:00Z",2,"4 dagen tussen registraties","Onder controle","0","1","Hoog","Ja","1 oktober 2026 om 13:40","2026-10-01T11:40:58.289Z","2026-10-01T11:43:23Z","Nee","Niet beschikbaar","Niet beschikbaar",,,"2026-10-01T11:43:22Z","EFFIS – Copernicus Emergency Management Service","https://forest-fire.emergency.copernicus.eu/apps/effis.csv/","FireMap.live","https://firemap.live/"
"effis-ba-784957","EFFIS-brandgebied",40.3697017947761,16.4641081090674,"Craco","Craco","Matera","IT","Italië","Italië, Matera","Afgelopen 3 dagen bijgewerkt","EFFIS heeft dit gebied één tot drie dagen geleden bijgewerkt.",2,"#E07154",55,"55 hectare",1.22,"23 september 2026 om 14:12","23 september 2026","2026-09-23T12:12:00Z","29 september 2026 om 07:01","2026-09-29T05:01:16Z",2,"5 dagen tussen registraties","Uitgedoofd","0","0","Hoog","Ja","1 oktober 2026 om 13:40","2026-10-01T11:40:58.296Z","2026-10-01T11:43:23Z","Nee","Niet beschikbaar","Niet beschikbaar",,,"2026-10-01T11:43:22Z","EFFIS – Copernicus Emergency Management Service","https://forest-fire.emergency.copernicus.eu/apps/effis.csv/","FireMap.live","https://firemap.live/"
"effis-ba-784956","EFFIS-brandgebied",40.1210123671632,15.6545220757904,"Torraca","Torraca","Salerno","IT","Italië","Italië, Salerno","Afgelopen 3 dagen bijgewerkt","EFFIS heeft dit gebied één tot drie dagen geleden bijgewerkt.",2,"#E07154",2,"2 hectare",0.5,"22 september 2026 om 20:17","22 september 2026","2026-09-22T18:17:00Z","29 september 2026 om 07:00","2026-09-29T05:00:10Z",2,"6 dagen tussen registraties","Onder controle","0","1","Hoog","Ja","1 oktober 2026 om 13:40","2026-10-01T11:40:58.305Z","2026-10-01T11:43:23Z","Nee","Niet beschikbaar","Niet beschikbaar",,,"2026-10-01T11:43:22Z","EFFIS – Copernicus Emergency Management Service","https://forest-fire.emergency.copernicus.eu/apps/effis.csv/","FireMap.live","https://firemap.live/"
"effis-ba-784948","EFFIS-brandgebied",40.1061441662424,15.5252115291071,"Santa Marina","Santa Marina","Salerno","IT","Italië","Italië, Salerno","Afgelopen 3 dagen bijgewerkt","EFFIS heeft dit gebied één tot drie dagen geleden bijgewerkt.",2,"#E07154",10,"10 hectare",0.85,"24 september 2026 om 00:00","24 september 2026","2026-09-23T22:00:00Z","29 september 2026 om 06:59","2026-09-29T04:59:36Z",2,"5 dagen tussen registraties","Onder controle","0","1","Hoog","Ja","1 oktober 2026 om 13:40","2026-10-01T11:40:58.293Z","2026-10-01T11:43:23Z","Nee","Niet beschikbaar","Niet beschikbaar",,,"2026-10-01T11:43:22Z","EFFIS – Copernicus Emergency Management Service","https://forest-fire.emergency.copernicus.eu/apps/effis.csv/","FireMap.live","https://firemap.live/"
"effis-ba-784934","EFFIS-brandgebied",39.1309373006163,16.1449831912312,"Lago","Lago","Cosenza","IT","Italië","Italië, Cosenza","Afgelopen 3 dagen bijgewerkt","EFFIS heeft dit gebied één tot drie dagen geleden bijgewerkt.",2,"#E07154",1,"1 hectare",0.35,"24 september 2026 om 11:10","24 september 2026","2026-09-24T09:10:00Z","29 september 2026 om 06:58","2026-09-29T04:58:16Z",2,"4 dagen tussen registraties","Onder controle","0","1","Gemiddeld","Ja","1 oktober 2026 om 13:40","2026-10-01T11:40:58.288Z","2026-10-01T11:43:23Z","Nee","Niet beschikbaar","Niet beschikbaar",,,"2026-10-01T11:43:22Z","EFFIS – Copernicus Emergency Management Service","https://forest-fire.emergency.copernicus.eu/apps/effis.csv/","FireMap.live","https://firemap.live/"
"effis-ba-784933","EFFIS-brandgebied",39.1120464707169,16.8660953394691,"Roccabernarda","Roccabernarda","Crotone","IT","Italië","Italië, Crotone","Afgelopen 3 dagen bijgewerkt","EFFIS heeft dit gebied één tot drie dagen geleden bijgewerkt.",2,"#E07154",7,"7 hectare",0.77,"18 september 2026 om 11:21","18 september 2026","2026-09-18T09:21:00Z","29 september 2026 om 06:57","2026-09-29T04:57:11Z",2,"10 dagen tussen registraties","Uitgedoofd","0","0","Hoog","Ja","1 oktober 2026 om 13:40","2026-10-01T11:40:58.364Z","2026-10-01T11:43:23Z","Nee","Niet beschikbaar","Niet beschikbaar",,,"2026-10-01T11:43:22Z","EFFIS – Copernicus Emergency Management Service","https://forest-fire.emergency.copernicus.eu/apps/effis.csv/","FireMap.live","https://firemap.live/"
"effis-ba-784932","EFFIS-brandgebied",38.0212624957751,15.7416793119516,"Montebello Jonico","Montebello Jonico","Reggio di Calabria","IT","Italië","Italië, Reggio di Calabria","Afgelopen 3 dagen bijgewerkt","EFFIS heeft dit gebied één tot drie dagen geleden bijgewerkt.",2,"#E07154",8,"8 hectare",0.8,"17 september 2026 om 11:21","17 september 2026","2026-09-17T09:21:00Z","29 september 2026 om 06:55","2026-09-29T04:55:46Z",2,"11 dagen tussen registraties","Niet beschikbaar","Niet beschikbaar","Niet beschikbaar","Niet beschikbaar","Nee","Niet beschikbaar",,,"Nee","Niet beschikbaar","Niet beschikbaar",,,"2026-10-01T11:43:22Z","EFFIS – Copernicus Emergency Management Service","https://forest-fire.emergency.copernicus.eu/apps/effis.csv/","",""
"effis-ba-782566","EFFIS-brandgebied",40.9308036362398,15.5865829075144,"Rionero in Vulture","Rionero in Vulture","Potenza","IT","Italië","Italië, Potenza","Afgelopen 3 dagen bijgewerkt","EFFIS heeft dit gebied één tot drie dagen geleden bijgewerkt.",2,"#E07154",92,"92 hectare",1.33,"24 september 2026 om 10:51","24 september 2026","2026-09-24T08:51:00Z","28 september 2026 om 14:40","2026-09-28T12:40:50Z",3,"4 dagen tussen registraties","Onder controle","0","1","Hoog","Ja","1 oktober 2026 om 13:40","2026-10-01T11:40:58.289Z","2026-10-01T11:43:23Z","Nee","Niet beschikbaar","Niet beschikbaar",,,"2026-10-01T11:43:22Z","EFFIS – Copernicus Emergency Management Service","https://forest-fire.emergency.copernicus.eu/apps/effis.csv/","FireMap.live","https://firemap.live/"
"effis-ba-782565","EFFIS-brandgebied",41.1578724842653,15.3040894639418,"Sant'Agata di Puglia","Sant'Agata di Puglia","Foggia","IT","Italië","Italië, Foggia","Afgelopen 3 dagen bijgewerkt","EFFIS heeft dit gebied één tot drie dagen geleden bijgewerkt.",2,"#E07154",11,"11 hectare",0.87,"16 september 2026 om 12:44","16 september 2026","2026-09-16T10:44:00Z","28 september 2026 om 14:39","2026-09-28T12:39:39Z",3,"12 dagen tussen registraties","Niet beschikbaar","Niet beschikbaar","Niet beschikbaar","Niet beschikbaar","Nee","Niet beschikbaar",,,"Nee","Niet beschikbaar","Niet beschikbaar",,,"2026-10-01T11:43:22Z","EFFIS – Copernicus Emergency Management Service","https://forest-fire.emergency.copernicus.eu/apps/effis.csv/","",""
"effis-ba-782564","EFFIS-brandgebied",41.0873960709903,15.5576115090235,"Rocchetta Sant'Antonio","Rocchetta Sant'Antonio","Foggia","IT","Italië","Italië, Foggia","Afgelopen 3 dagen bijgewerkt","EFFIS heeft dit gebied één tot drie dagen geleden bijgewerkt.",2,"#E07154",26,"26 hectare",1.06,"28 september 2026 om 00:56","28 september 2026","2026-09-27T22:56:00Z","28 september 2026 om 14:38","2026-09-28T12:38:39Z",3,"Minder dan één dag tussen registraties","Onder controle","0","Niet beschikbaar","Hoog","Ja","1 oktober 2026 om 13:40","2026-10-01T11:40:58.274Z","2026-10-01T11:43:23Z","Nee","Niet beschikbaar","Niet beschikbaar",,,"2026-10-01T11:43:22Z","EFFIS – Copernicus Emergency Management Service","https://forest-fire.emergency.copernicus.eu/apps/effis.csv/","FireMap.live","https://firemap.live/"
"effis-ba-782563","EFFIS-brandgebied",41.0852321971461,15.3174424173092,"Scampitella","Scampitella","Avellino","IT","Italië","Italië, Avellino","Afgelopen 3 dagen bijgewerkt","EFFIS heeft dit gebied één tot drie dagen geleden bijgewerkt.",2,"#E07154",22,"22 hectare",1.02,"23 september 2026 om 14:12","23 september 2026","2026-09-23T12:12:00Z","28 september 2026 om 14:37","2026-09-28T12:37:25Z",3,"5 dagen tussen registraties","Onder controle","0","1","Hoog","Ja","1 oktober 2026 om 13:40","2026-10-01T11:40:58.296Z","2026-10-01T11:43:23Z","Nee","Niet beschikbaar","Niet beschikbaar",,,"2026-10-01T11:43:22Z","EFFIS – Copernicus Emergency Management Service","https://forest-fire.emergency.copernicus.eu/apps/effis.csv/","FireMap.live","https://firemap.live/"
"effis-ba-782562","EFFIS-brandgebied",41.1436168928498,13.8584586113042,"Mondragone","Mondragone","Caserta","IT","Italië","Italië, Caserta","Afgelopen 3 dagen bijgewerkt","EFFIS heeft dit gebied één tot drie dagen geleden bijgewerkt.",2,"#E07154",11,"11 hectare",0.87,"26 september 2026 om 12:57","26 september 2026","2026-09-26T10:57:00Z","28 september 2026 om 14:36","2026-09-28T12:36:29Z",3,"2 dagen tussen registraties","Onder controle","0","1","Hoog","Ja","1 oktober 2026 om 13:40","2026-10-01T11:40:58.278Z","2026-10-01T11:43:23Z","Nee","Niet beschikbaar","Niet beschikbaar",,,"2026-10-01T11:43:22Z","EFFIS – Copernicus Emergency Management Service","https://forest-fire.emergency.copernicus.eu/apps/effis.csv/","FireMap.live","https://firemap.live/"
"effis-ba-782561","EFFIS-brandgebied",41.2924882058264,13.9093931289256,"Sessa Aurunca","Sessa Aurunca","Caserta","IT","Italië","Italië, Caserta","Afgelopen 3 dagen bijgewerkt","EFFIS heeft dit gebied één tot drie dagen geleden bijgewerkt.",2,"#E07154",11,"11 hectare",0.87,"26 september 2026 om 11:53","26 september 2026","2026-09-26T09:53:00Z","28 september 2026 om 14:35","2026-09-28T12:35:17Z",3,"2 dagen tussen registraties","Onder controle","0","1","Hoog","Ja","1 oktober 2026 om 13:40","2026-10-01T11:40:58.279Z","2026-10-01T11:43:23Z","Nee","Niet beschikbaar","Niet beschikbaar",,,"2026-10-01T11:43:22Z","EFFIS – Copernicus Emergency Management Service","https://forest-fire.emergency.copernicus.eu/apps/effis.csv/","FireMap.live","https://firemap.live/"
"effis-ba-782560","EFFIS-brandgebied",37.6026649161027,13.8854730662191,"Marianopoli","Marianopoli","Caltanissetta","IT","Italië","Italië, Caltanissetta","Afgelopen 3 dagen bijgewerkt","EFFIS heeft dit gebied één tot drie dagen geleden bijgewerkt.",2,"#E07154",10,"10 hectare",0.85,"17 september 2026 om 19:19","17 september 2026","2026-09-17T17:19:00Z","28 september 2026 om 14:32","2026-09-28T12:32:47Z",3,"10 dagen tussen registraties","Uitgedoofd","0","0","Hoog","Ja","1 oktober 2026 om 13:40","2026-10-01T11:40:58.374Z","2026-10-01T11:43:23Z","Nee","Niet beschikbaar","Niet beschikbaar",,,"2026-10-01T11:43:22Z","EFFIS – Copernicus Emergency Management Service","https://forest-fire.emergency.copernicus.eu/apps/effis.csv/","FireMap.live","https://firemap.live/"
"effis-ba-782559","EFFIS-brandgebied",37.6418487342065,13.9021936267328,"Castellana Sicula","Castellana Sicula","Palermo","IT","Italië","Italië, Palermo","Afgelopen 3 dagen bijgewerkt","EFFIS heeft dit gebied één tot drie dagen geleden bijgewerkt.",2,"#E07154",10,"10 hectare",0.85,"15 september 2026 om 14:01","15 september 2026","2026-09-15T12:01:00Z","28 september 2026 om 14:30","2026-09-28T12:30:04Z",3,"13 dagen tussen registraties","Niet beschikbaar","Niet beschikbaar","Niet beschikbaar","Niet beschikbaar","Nee","Niet beschikbaar",,,"Nee","Niet beschikbaar","Niet beschikbaar",,,"2026-10-01T11:43:22Z","EFFIS – Copernicus Emergency Management Service","https://forest-fire.emergency.copernicus.eu/apps/effis.csv/","",""
"effis-ba-782558","EFFIS-brandgebied",40.3716333166041,19.5374911414763,"Selenicë","Selenicë","Vlorë","AL","Albanië","Albanië, Vlorë","Afgelopen 3 dagen bijgewerkt","EFFIS heeft dit gebied één tot drie dagen geleden bijgewerkt.",2,"#E07154",2,"2 hectare",0.5,"1 september 2026 om 10:45","1 september 2026","2026-09-01T08:45:00Z","28 september 2026 om 14:20","2026-09-28T12:20:09Z",3,"27 dagen tussen registraties","Niet beschikbaar","Niet beschikbaar","Niet beschikbaar","Niet beschikbaar","Nee","Niet beschikbaar",,,"Nee","Niet beschikbaar","Niet beschikbaar",,,"2026-10-01T11:43:22Z","EFFIS – Copernicus Emergency Management Service","https://forest-fire.emergency.copernicus.eu/apps/effis.csv/","",""
"effis-ba-782557","EFFIS-brandgebied",43.1346926050452,18.5192461178743,"Gacko","Niet beschikbaar","Gacko","BA","Bosnië en Herzegovina","Bosnië en Herzegovina, Gacko","Afgelopen 3 dagen bijgewerkt","EFFIS heeft dit gebied één tot drie dagen geleden bijgewerkt.",2,"#E07154",38,"38 hectare",1.14,"21 september 2026 om 00:00","21 september 2026","2026-09-20T22:00:00Z","28 september 2026 om 14:19","2026-09-28T12:19:03Z",3,"7 dagen tussen registraties","Uitgedoofd","0","0","Hoog","Ja","1 oktober 2026 om 13:40","2026-10-01T11:40:58.330Z","2026-10-01T11:43:23Z","Nee","Niet beschikbaar","Niet beschikbaar",,,"2026-10-01T11:43:22Z","EFFIS – Copernicus Emergency Management Service","https://forest-fire.emergency.copernicus.eu/apps/effis.csv/","FireMap.live","https://firemap.live/"
"effis-ba-782556","EFFIS-brandgebied",40.3698954603634,19.5516606127448,"Selenicë","Selenicë","Vlorë","AL","Albanië","Albanië, Vlorë","Afgelopen 3 dagen bijgewerkt","EFFIS heeft dit gebied één tot drie dagen geleden bijgewerkt.",2,"#E07154",22,"22 hectare",1.02,"1 september 2026 om 10:45","1 september 2026","2026-09-01T08:45:00Z","28 september 2026 om 14:18","2026-09-28T12:18:46Z",3,"27 dagen tussen registraties","Niet beschikbaar","Niet beschikbaar","Niet beschikbaar","Niet beschikbaar","Nee","Niet beschikbaar",,,"Nee","Niet beschikbaar","Niet beschikbaar",,,"2026-10-01T11:43:22Z","EFFIS – Copernicus Emergency Management Service","https://forest-fire.emergency.copernicus.eu/apps/effis.csv/","",""
"effis-ba-782555","EFFIS-brandgebied",42.9619664482077,18.7679425074761,"Црна Гора","Niet beschikbaar","Црна Гора","ME","Montenegro","Montenegro, Црна Гора","Afgelopen 3 dagen bijgewerkt","EFFIS heeft dit gebied één tot drie dagen geleden bijgewerkt.",2,"#E07154",8,"8 hectare",0.8,"11 september 2026 om 00:09","11 september 2026","2026-09-10T22:09:00Z","28 september 2026 om 14:10","2026-09-28T12:10:58Z",3,"17 dagen tussen registraties","Niet beschikbaar","Niet beschikbaar","Niet beschikbaar","Niet beschikbaar","Nee","Niet beschikbaar",,,"Nee","Niet beschikbaar","Niet beschikbaar",,,"2026-10-01T11:43:22Z","EFFIS – Copernicus Emergency Management Service","https://forest-fire.emergency.copernicus.eu/apps/effis.csv/","",""
"effis-ba-782554","EFFIS-brandgebied",43.0449388383472,18.6774162018401,"Црна Гора","Niet beschikbaar","Црна Гора","ME","Montenegro","Montenegro, Црна Гора","Afgelopen 3 dagen bijgewerkt","EFFIS heeft dit gebied één tot drie dagen geleden bijgewerkt.",2,"#E07154",4,"4 hectare",0.65,"29 augustus 2026 om 11:42","29 augustus 2026","2026-08-29T09:42:00Z","28 september 2026 om 13:51","2026-09-28T11:51:50Z",3,"30 dagen tussen registraties","Niet beschikbaar","Niet beschikbaar","Niet beschikbaar","Niet beschikbaar","Nee","Niet beschikbaar",,,"Nee","Niet beschikbaar","Niet beschikbaar",,,"2026-10-01T11:43:22Z","EFFIS – Copernicus Emergency Management Service","https://forest-fire.emergency.copernicus.eu/apps/effis.csv/","",""
"effis-ba-782553","EFFIS-brandgebied",42.9478867528414,18.7680434099765,"Црна Гора","Niet beschikbaar","Црна Гора","ME","Montenegro","Montenegro, Црна Гора","Afgelopen 3 dagen bijgewerkt","EFFIS heeft dit gebied één tot drie dagen geleden bijgewerkt.",2,"#E07154",11,"11 hectare",0.87,"22 september 2026 om 00:00","22 september 2026","2026-09-21T22:00:00Z","28 september 2026 om 13:44","2026-09-28T11:44:28Z",3,"6 dagen tussen registraties","Uitgedoofd","0","0","Hoog","Ja","1 oktober 2026 om 13:40","2026-10-01T11:40:58.322Z","2026-10-01T11:43:23Z","Nee","Niet beschikbaar","Niet beschikbaar",,,"2026-10-01T11:43:22Z","EFFIS – Copernicus Emergency Management Service","https://forest-fire.emergency.copernicus.eu/apps/effis.csv/","FireMap.live","https://firemap.live/"
"effis-ba-782552","EFFIS-brandgebied",42.9542570114732,18.7443222707779,"Црна Гора","Niet beschikbaar","Црна Гора","ME","Montenegro","Montenegro, Црна Гора","Afgelopen 3 dagen bijgewerkt","EFFIS heeft dit gebied één tot drie dagen geleden bijgewerkt.",2,"#E07154",80,"80 hectare",1.3,"17 september 2026 om 11:42","17 september 2026","2026-09-17T09:42:00Z","28 september 2026 om 13:44","2026-09-28T11:44:05Z",3,"11 dagen tussen registraties","Uitgedoofd","0","0","Hoog","Ja","1 oktober 2026 om 13:40","2026-10-01T11:40:58.377Z","2026-10-01T11:43:23Z","Nee","Niet beschikbaar","Niet beschikbaar",,,"2026-10-01T11:43:22Z","EFFIS – Copernicus Emergency Management Service","https://forest-fire.emergency.copernicus.eu/apps/effis.csv/","FireMap.live","https://firemap.live/"
"effis-ba-782551","EFFIS-brandgebied",45.9286537565704,4.47403331258329,"Saint-Clément-sur-Valsonne","Saint-Clément-sur-Valsonne","Rhône","FR","Frankrijk","Frankrijk, Rhône","Afgelopen 3 dagen bijgewerkt","EFFIS heeft dit gebied één tot drie dagen geleden bijgewerkt.",2,"#E07154",1,"1 hectare",0.35,"26 september 2026 om 11:19","26 september 2026","2026-09-26T09:19:00Z","28 september 2026 om 13:32","2026-09-28T11:32:16Z",3,"2 dagen tussen registraties","Onder controle","0","2","Laag","Ja","1 oktober 2026 om 13:40","2026-10-01T11:40:58.280Z","2026-10-01T11:43:23Z","Nee","Niet beschikbaar","Niet beschikbaar",,,"2026-10-01T11:43:22Z","EFFIS – Copernicus Emergency Management Service","https://forest-fire.emergency.copernicus.eu/apps/effis.csv/","FireMap.live","https://firemap.live/"
"effis-ba-782550","EFFIS-brandgebied",42.2778997666695,-1.6123174442369,"Caparroso","Caparroso","Navarra","ES","Spanje","Spanje, Navarra","Afgelopen 3 dagen bijgewerkt","EFFIS heeft dit gebied één tot drie dagen geleden bijgewerkt.",2,"#E07154",2,"2 hectare",0.5,"23 september 2026 om 00:00","23 september 2026","2026-09-22T22:00:00Z","28 september 2026 om 13:30","2026-09-28T11:30:50Z",3,"5 dagen tussen registraties","Uitgedoofd","0","0","Hoog","Ja","1 oktober 2026 om 13:40","2026-10-01T11:40:58.303Z","2026-10-01T11:43:23Z","Nee","Niet beschikbaar","Niet beschikbaar",,,"2026-10-01T11:43:22Z","EFFIS – Copernicus Emergency Management Service","https://forest-fire.emergency.copernicus.eu/apps/effis.csv/","FireMap.live","https://firemap.live/"
"effis-ba-782549","EFFIS-brandgebied",40.2802275361202,-5.63410331432479,"Puerto Castilla","Puerto Castilla","Ávila","ES","Spanje","Spanje, Ávila","Afgelopen 3 dagen bijgewerkt","EFFIS heeft dit gebied één tot drie dagen geleden bijgewerkt.",2,"#E07154",5,"5 hectare",0.7,"22 september 2026 om 14:14","22 september 2026","2026-09-22T12:14:00Z","28 september 2026 om 13:27","2026-09-28T11:27:11Z",3,"5 dagen tussen registraties","Uitgedoofd","0","0","Laag","Ja","1 oktober 2026 om 13:40","2026-10-01T11:40:58.308Z","2026-10-01T11:43:23Z","Nee","Niet beschikbaar","Niet beschikbaar",,,"2026-10-01T11:43:22Z","EFFIS – Copernicus Emergency Management Service","https://forest-fire.emergency.copernicus.eu/apps/effis.csv/","FireMap.live","https://firemap.live/"
"effis-ba-782548","EFFIS-brandgebied",42.6711901101964,-6.84885095959439,"Trabadelo","Trabadelo","León","ES","Spanje","Spanje, León","Afgelopen 3 dagen bijgewerkt","EFFIS heeft dit gebied één tot drie dagen geleden bijgewerkt.",2,"#E07154",2,"2 hectare",0.5,"21 september 2026 om 00:00","21 september 2026","2026-09-20T22:00:00Z","28 september 2026 om 13:26","2026-09-28T11:26:22Z",3,"7 dagen tussen registraties","Uitgedoofd","0","0","Laag","Ja","1 oktober 2026 om 13:40","2026-10-01T11:40:58.329Z","2026-10-01T11:43:23Z","Nee","Niet beschikbaar","Niet beschikbaar",,,"2026-10-01T11:43:22Z","EFFIS – Copernicus Emergency Management Service","https://forest-fire.emergency.copernicus.eu/apps/effis.csv/","FireMap.live","https://firemap.live/"
"effis-ba-782547","EFFIS-brandgebied",42.6562813280113,-8.28686001810533,"Silleda","Silleda","Pontevedra","ES","Spanje","Spanje, Pontevedra","Afgelopen 3 dagen bijgewerkt","EFFIS heeft dit gebied één tot drie dagen geleden bijgewerkt.",2,"#E07154",5,"5 hectare",0.7,"22 september 2026 om 00:00","22 september 2026","2026-09-21T22:00:00Z","28 september 2026 om 13:24","2026-09-28T11:24:44Z",3,"6 dagen tussen registraties","Uitgedoofd","0","0","Laag","Ja","1 oktober 2026 om 13:40","2026-10-01T11:40:58.322Z","2026-10-01T11:43:23Z","Nee","Niet beschikbaar","Niet beschikbaar",,,"2026-10-01T11:43:22Z","EFFIS – Copernicus Emergency Management Service","https://forest-fire.emergency.copernicus.eu/apps/effis.csv/","FireMap.live","https://firemap.live/"
"effis-ba-782546","EFFIS-brandgebied",42.6434607381675,-8.25114877260918,"Silleda","Silleda","Pontevedra","ES","Spanje","Spanje, Pontevedra","Afgelopen 3 dagen bijgewerkt","EFFIS heeft dit gebied één tot drie dagen geleden bijgewerkt.",2,"#E07154",19,"19 hectare",0.99,"24 september 2026 om 20:36","24 september 2026","2026-09-24T18:36:00Z","28 september 2026 om 13:24","2026-09-28T11:24:08Z",3,"3 dagen tussen registraties","Onder controle","0","1","Laag","Ja","1 oktober 2026 om 13:40","2026-10-01T11:40:58.285Z","2026-10-01T11:43:23Z","Nee","Niet beschikbaar","Niet beschikbaar",,,"2026-10-01T11:43:22Z","EFFIS – Copernicus Emergency Management Service","https://forest-fire.emergency.copernicus.eu/apps/effis.csv/","FireMap.live","https://firemap.live/"
"effis-ba-782545","EFFIS-brandgebied",42.0747289632357,-8.79686664380938,"Gondomar","Gondomar","Pontevedra","ES","Spanje","Spanje, Pontevedra","Afgelopen 3 dagen bijgewerkt","EFFIS heeft dit gebied één tot drie dagen geleden bijgewerkt.",2,"#E07154",12,"12 hectare",0.89,"21 september 2026 om 00:00","21 september 2026","2026-09-20T22:00:00Z","28 september 2026 om 13:22","2026-09-28T11:22:27Z",3,"7 dagen tussen registraties","Uitgedoofd","0","0","Laag","Ja","1 oktober 2026 om 13:40","2026-10-01T11:40:58.329Z","2026-10-01T11:43:23Z","Nee","Niet beschikbaar","Niet beschikbaar",,,"2026-10-01T11:43:22Z","EFFIS – Copernicus Emergency Management Service","https://forest-fire.emergency.copernicus.eu/apps/effis.csv/","FireMap.live","https://firemap.live/"
"effis-ba-782544","EFFIS-brandgebied",41.7160636499568,-7.74358691227209,"Beça","Beça","Alto Tâmega","PT","Portugal","Portugal, Alto Tâmega","Afgelopen 3 dagen bijgewerkt","EFFIS heeft dit gebied één tot drie dagen geleden bijgewerkt.",2,"#E07154",9,"9 hectare",0.83,"21 september 2026 om 00:00","21 september 2026","2026-09-20T22:00:00Z","28 september 2026 om 13:16","2026-09-28T11:16:37Z",3,"7 dagen tussen registraties","Niet beschikbaar","Niet beschikbaar","Niet beschikbaar","Niet beschikbaar","Nee","Niet beschikbaar",,,"Nee","Niet beschikbaar","Niet beschikbaar",,,"2026-10-01T11:43:22Z","EFFIS – Copernicus Emergency Management Service","https://forest-fire.emergency.copernicus.eu/apps/effis.csv/","",""
"effis-ba-782543","EFFIS-brandgebied",41.6989126376811,-7.28278068090818,"Santa Valha","Santa Valha","Alto Tâmega","PT","Portugal","Portugal, Alto Tâmega","Afgelopen 3 dagen bijgewerkt","EFFIS heeft dit gebied één tot drie dagen geleden bijgewerkt.",2,"#E07154",67,"67 hectare",1.26,"24 september 2026 om 20:36","24 september 2026","2026-09-24T18:36:00Z","28 september 2026 om 13:15","2026-09-28T11:15:54Z",3,"3 dagen tussen registraties","Niet beschikbaar","Niet beschikbaar","Niet beschikbaar","Niet beschikbaar","Nee","Niet beschikbaar",,,"Nee","Niet beschikbaar","Niet beschikbaar",,,"2026-10-01T11:43:22Z","EFFIS – Copernicus Emergency Management Service","https://forest-fire.emergency.copernicus.eu/apps/effis.csv/","",""
"effis-ba-782542","EFFIS-brandgebied",41.0837896771999,-8.50198237815187,"Foz do Sousa e Covelo","Foz do Sousa e Covelo","Área Metropolitana do Porto","PT","Portugal","Portugal, Área Metropolitana do Porto","Afgelopen 3 dagen bijgewerkt","EFFIS heeft dit gebied één tot drie dagen geleden bijgewerkt.",2,"#E07154",27,"27 hectare",1.07,"23 september 2026 om 13:53","23 september 2026","2026-09-23T11:53:00Z","28 september 2026 om 13:12","2026-09-28T11:12:57Z",3,"4 dagen tussen registraties","Niet beschikbaar","Niet beschikbaar","Niet beschikbaar","Niet beschikbaar","Nee","Niet beschikbaar",,,"Nee","Niet beschikbaar","Niet beschikbaar",,,"2026-10-01T11:43:22Z","EFFIS – Copernicus Emergency Management Service","https://forest-fire.emergency.copernicus.eu/apps/effis.csv/","",""
"effis-ba-782541","EFFIS-brandgebied",41.0570606500218,-8.14007406755506,"São Cristóvão de Nogueira","São Cristóvão de Nogueira","Tâmega e Sousa","PT","Portugal","Portugal, Tâmega e Sousa","Afgelopen 3 dagen bijgewerkt","EFFIS heeft dit gebied één tot drie dagen geleden bijgewerkt.",2,"#E07154",28,"28 hectare",1.07,"21 september 2026 om 01:28","21 september 2026","2026-09-20T23:28:00Z","28 september 2026 om 13:12","2026-09-28T11:12:07Z",3,"7 dagen tussen registraties","Niet beschikbaar","Niet beschikbaar","Niet beschikbaar","Niet beschikbaar","Nee","Niet beschikbaar",,,"Nee","Niet beschikbaar","Niet beschikbaar",,,"2026-10-01T11:43:22Z","EFFIS – Copernicus Emergency Management Service","https://forest-fire.emergency.copernicus.eu/apps/effis.csv/","",""
"effis-ba-782540","EFFIS-brandgebied",41.134068515388,-7.86410971776342,"Barrô","Barrô","Tâmega e Sousa","PT","Portugal","Portugal, Tâmega e Sousa","Afgelopen 3 dagen bijgewerkt","EFFIS heeft dit gebied één tot drie dagen geleden bijgewerkt.",2,"#E07154",140,"140 hectare",1.42,"24 september 2026 om 20:36","24 september 2026","2026-09-24T18:36:00Z","28 september 2026 om 13:10","2026-09-28T11:10:04Z",3,"3 dagen tussen registraties","Niet beschikbaar","Niet beschikbaar","Niet beschikbaar","Niet beschikbaar","Nee","Niet beschikbaar",,,"Nee","Niet beschikbaar","Niet beschikbaar",,,"2026-10-01T11:43:22Z","EFFIS – Copernicus Emergency Management Service","https://forest-fire.emergency.copernicus.eu/apps/effis.csv/","",""
"effis-ba-782539","EFFIS-brandgebied",41.0955994700381,-8.13587190249486,"Penhalonga e Paços de Gaiolo","Penhalonga e Paços de Gaiolo","Tâmega e Sousa","PT","Portugal","Portugal, Tâmega e Sousa","Afgelopen 3 dagen bijgewerkt","EFFIS heeft dit gebied één tot drie dagen geleden bijgewerkt.",2,"#E07154",84,"84 hectare",1.31,"21 september 2026 om 01:28","21 september 2026","2026-09-20T23:28:00Z","28 september 2026 om 13:08","2026-09-28T11:08:21Z",3,"7 dagen tussen registraties","Niet beschikbaar","Niet beschikbaar","Niet beschikbaar","Niet beschikbaar","Nee","Niet beschikbaar",,,"Nee","Niet beschikbaar","Niet beschikbaar",,,"2026-10-01T11:43:22Z","EFFIS – Copernicus Emergency Management Service","https://forest-fire.emergency.copernicus.eu/apps/effis.csv/","",""
"effis-ba-782538","EFFIS-brandgebied",40.7459969922137,-7.04076431483146,"Vascoveiro","Vascoveiro","Beiras e Serra da Estrela","PT","Portugal","Portugal, Beiras e Serra da Estrela","Afgelopen 3 dagen bijgewerkt","EFFIS heeft dit gebied één tot drie dagen geleden bijgewerkt.",2,"#E07154",7,"7 hectare",0.77,"23 september 2026 om 01:47","23 september 2026","2026-09-22T23:47:00Z","28 september 2026 om 13:05","2026-09-28T11:05:34Z",3,"5 dagen tussen registraties","Niet beschikbaar","Niet beschikbaar","Niet beschikbaar","Niet beschikbaar","Nee","Niet beschikbaar",,,"Nee","Niet beschikbaar","Niet beschikbaar",,,"2026-10-01T11:43:22Z","EFFIS – Copernicus Emergency Management Service","https://forest-fire.emergency.copernicus.eu/apps/effis.csv/","",""
"effis-ba-782537","EFFIS-brandgebied",36.6465059097556,-5.10371815277143,"Igualeja","Igualeja","Málaga","ES","Spanje","Spanje, Málaga","Afgelopen 3 dagen bijgewerkt","EFFIS heeft dit gebied één tot drie dagen geleden bijgewerkt.",2,"#E07154",589,"589 hectare",1.74,"27 september 2026 om 01:17","27 september 2026","2026-09-26T23:17:00Z","28 september 2026 om 13:03","2026-09-28T11:03:24Z",3,"1 dag tussen registraties","Niet onder controle","0","Niet beschikbaar","Hoog","Ja","1 oktober 2026 om 13:40","2026-10-01T11:40:58.277Z","2026-10-01T11:43:23Z","Nee","Niet beschikbaar","Niet beschikbaar",,,"2026-10-01T11:43:22Z","EFFIS – Copernicus Emergency Management Service","https://forest-fire.emergency.copernicus.eu/apps/effis.csv/","FireMap.live","https://firemap.live/"
"effis-ba-782536","EFFIS-brandgebied",37.2943313446913,-7.09019021587076,"Cartaya","Cartaya","Huelva","ES","Spanje","Spanje, Huelva","Afgelopen 3 dagen bijgewerkt","EFFIS heeft dit gebied één tot drie dagen geleden bijgewerkt.",2,"#E07154",2,"2 hectare",0.5,"21 september 2026 om 00:00","21 september 2026","2026-09-20T22:00:00Z","28 september 2026 om 13:00","2026-09-28T11:00:48Z",3,"7 dagen tussen registraties","Uitgedoofd","0","0","Hoog","Ja","1 oktober 2026 om 13:40","2026-10-01T11:40:58.334Z","2026-10-01T11:43:23Z","Nee","Niet beschikbaar","Niet beschikbaar",,,"2026-10-01T11:43:22Z","EFFIS – Copernicus Emergency Management Service","https://forest-fire.emergency.copernicus.eu/apps/effis.csv/","FireMap.live","https://firemap.live/"
"effis-ba-782535","EFFIS-brandgebied",37.5514815283174,-8.29634389384615,"Santana da Serra","Santana da Serra","Baixo Alentejo","PT","Portugal","Portugal, Baixo Alentejo","Afgelopen 3 dagen bijgewerkt","EFFIS heeft dit gebied één tot drie dagen geleden bijgewerkt.",2,"#E07154",16,"16 hectare",0.95,"23 september 2026 om 14:29","23 september 2026","2026-09-23T12:29:00Z","28 september 2026 om 12:59","2026-09-28T10:59:03Z",3,"4 dagen tussen registraties","Niet beschikbaar","Niet beschikbaar","Niet beschikbaar","Niet beschikbaar","Nee","Niet beschikbaar",,,"Nee","Niet beschikbaar","Niet beschikbaar",,,"2026-10-01T11:43:22Z","EFFIS – Copernicus Emergency Management Service","https://forest-fire.emergency.copernicus.eu/apps/effis.csv/","",""
"effis-ba-782534","EFFIS-brandgebied",37.486931211428,-8.72070353675785,"São Teotónio","São Teotónio","Alentejo Litoral","PT","Portugal","Portugal, Alentejo Litoral","Afgelopen 3 dagen bijgewerkt","EFFIS heeft dit gebied één tot drie dagen geleden bijgewerkt.",2,"#E07154",9,"9 hectare",0.83,"21 september 2026 om 00:00","21 september 2026","2026-09-20T22:00:00Z","28 september 2026 om 12:55","2026-09-28T10:55:54Z",3,"7 dagen tussen registraties","Niet beschikbaar","Niet beschikbaar","Niet beschikbaar","Niet beschikbaar","Nee","Niet beschikbaar",,,"Nee","Niet beschikbaar","Niet beschikbaar",,,"2026-10-01T11:43:22Z","EFFIS – Copernicus Emergency Management Service","https://forest-fire.emergency.copernicus.eu/apps/effis.csv/","",""
"effis-ba-782533","EFFIS-brandgebied",40.2581993202858,-8.03899336050095,"Mouronho","Mouronho","Região de Coimbra","PT","Portugal","Portugal, Região de Coimbra","Afgelopen 3 dagen bijgewerkt","EFFIS heeft dit gebied één tot drie dagen geleden bijgewerkt.",2,"#E07154",18,"18 hectare",0.98,"20 september 2026 om 15:35","20 september 2026","2026-09-20T13:35:00Z","28 september 2026 om 12:55","2026-09-28T10:55:03Z",3,"7 dagen tussen registraties","Niet beschikbaar","Niet beschikbaar","Niet beschikbaar","Niet beschikbaar","Nee","Niet beschikbaar",,,"Nee","Niet beschikbaar","Niet beschikbaar",,,"2026-10-01T11:43:22Z","EFFIS – Copernicus Emergency Management Service","https://forest-fire.emergency.copernicus.eu/apps/effis.csv/","",""
"effis-ba-782532","EFFIS-brandgebied",41.0988194583026,-3.41157642395316,"Cardoso de la Sierra, El","Cardoso de la Sierra, El","Guadalajara","ES","Spanje","Spanje, Guadalajara","Afgelopen 3 dagen bijgewerkt","EFFIS heeft dit gebied één tot drie dagen geleden bijgewerkt.",2,"#E07154",5,"5 hectare",0.7,"25 september 2026 om 12:14","25 september 2026","2026-09-25T10:14:00Z","28 september 2026 om 12:54","2026-09-28T10:54:01Z",3,"3 dagen tussen registraties","Onder controle","0","1","Gemiddeld","Ja","1 oktober 2026 om 13:40","2026-10-01T11:40:58.282Z","2026-10-01T11:43:23Z","Nee","Niet beschikbaar","Niet beschikbaar",,,"2026-10-01T11:43:22Z","EFFIS – Copernicus Emergency Management Service","https://forest-fire.emergency.copernicus.eu/apps/effis.csv/","FireMap.live","https://firemap.live/"
"effis-ba-782531","EFFIS-brandgebied",42.9018094770463,1.50117591694529,"Saurat","Saurat","Ariège","FR","Frankrijk","Frankrijk, Ariège","Afgelopen 3 dagen bijgewerkt","EFFIS heeft dit gebied één tot drie dagen geleden bijgewerkt.",2,"#E07154",156,"156 hectare",1.45,"25 september 2026 om 13:18","25 september 2026","2026-09-25T11:18:00Z","28 september 2026 om 12:48","2026-09-28T10:48:20Z",3,"2 dagen tussen registraties","Niet onder controle","1","Niet beschikbaar","Laag","Ja","1 oktober 2026 om 13:40","2026-10-01T11:40:58.282Z","2026-10-01T11:43:23Z","Nee","Niet beschikbaar","Niet beschikbaar",,,"2026-10-01T11:43:22Z","EFFIS – Copernicus Emergency Management Service","https://forest-fire.emergency.copernicus.eu/apps/effis.csv/","FireMap.live","https://firemap.live/"
"effis-ba-782530","EFFIS-brandgebied",49.2089814297307,36.9963251829299,"Verbrand gebied in Oekraïne","Niet beschikbaar","Niet beschikbaar","UA","Oekraïne","Oekraïne","Afgelopen 3 dagen bijgewerkt","EFFIS heeft dit gebied één tot drie dagen geleden bijgewerkt.",2,"#E07154",83,"83 hectare",1.31,"20 september 2026 om 09:49","20 september 2026","2026-09-20T07:49:00Z","28 september 2026 om 10:48","2026-09-28T08:48:11Z",3,"8 dagen tussen registraties","Uitgedoofd","0","0","Gemiddeld","Ja","1 oktober 2026 om 13:40","2026-10-01T11:40:58.339Z","2026-10-01T11:43:23Z","Nee","Niet beschikbaar","Niet beschikbaar",,,"2026-10-01T11:43:22Z","EFFIS – Copernicus Emergency Management Service","https://forest-fire.emergency.copernicus.eu/apps/effis.csv/","FireMap.live","https://firemap.live/"
"effis-ba-782529","EFFIS-brandgebied",42.7638188425631,18.6097649169306,"Црна Гора","Niet beschikbaar","Црна Гора","ME","Montenegro","Montenegro, Црна Гора","Afgelopen 3 dagen bijgewerkt","EFFIS heeft dit gebied één tot drie dagen geleden bijgewerkt.",2,"#E07154",49,"49 hectare",1.2,"22 september 2026 om 00:03","22 september 2026","2026-09-21T22:03:00Z","28 september 2026 om 10:47","2026-09-28T08:47:32Z",3,"6 dagen tussen registraties","Uitgedoofd","0","0","Hoog","Ja","1 oktober 2026 om 13:40","2026-10-01T11:40:58.319Z","2026-10-01T11:43:23Z","Nee","Niet beschikbaar","Niet beschikbaar",,,"2026-10-01T11:43:22Z","EFFIS – Copernicus Emergency Management Service","https://forest-fire.emergency.copernicus.eu/apps/effis.csv/","FireMap.live","https://firemap.live/"
"effis-ba-782528","EFFIS-brandgebied",43.0850532442961,18.1164226146673,"Berkovići","Niet beschikbaar","Berkovići","BA","Bosnië en Herzegovina","Bosnië en Herzegovina, Berkovići","Afgelopen 3 dagen bijgewerkt","EFFIS heeft dit gebied één tot drie dagen geleden bijgewerkt.",2,"#E07154",18,"18 hectare",0.98,"22 september 2026 om 12:32","22 september 2026","2026-09-22T10:32:00Z","28 september 2026 om 10:34","2026-09-28T08:34:11Z",3,"5 dagen tussen registraties","Uitgedoofd","0","0","Hoog","Ja","1 oktober 2026 om 13:40","2026-10-01T11:40:58.311Z","2026-10-01T11:43:23Z","Nee","Niet beschikbaar","Niet beschikbaar",,,"2026-10-01T11:43:22Z","EFFIS – Copernicus Emergency Management Service","https://forest-fire.emergency.copernicus.eu/apps/effis.csv/","FireMap.live","https://firemap.live/"
"effis-ba-782527","EFFIS-brandgebied",52.8006590703772,9.76999797518359,"Osterheide, gemfr. Bezirk","Osterheide, gemfr. Bezirk","Heidekreis","DE","Duitsland","Duitsland, Heidekreis","Afgelopen 3 dagen bijgewerkt","EFFIS heeft dit gebied één tot drie dagen geleden bijgewerkt.",2,"#E07154",5,"5 hectare",0.7,"16 september 2026 om 00:00","16 september 2026","2026-09-15T22:00:00Z","28 september 2026 om 10:28","2026-09-28T08:28:43Z",3,"12 dagen tussen registraties","Niet beschikbaar","Niet beschikbaar","Niet beschikbaar","Niet beschikbaar","Nee","Niet beschikbaar",,,"Nee","Niet beschikbaar","Niet beschikbaar",,,"2026-10-01T11:43:22Z","EFFIS – Copernicus Emergency Management Service","https://forest-fire.emergency.copernicus.eu/apps/effis.csv/","",""
"effis-ba-782525","EFFIS-brandgebied",52.8059198842951,9.75711561042218,"Osterheide, gemfr. Bezirk","Osterheide, gemfr. Bezirk","Heidekreis","DE","Duitsland","Duitsland, Heidekreis","Afgelopen 3 dagen bijgewerkt","EFFIS heeft dit gebied één tot drie dagen geleden bijgewerkt.",2,"#E07154",0,"0 hectare",0.1,"15 september 2026 om 00:00","15 september 2026","2026-09-14T22:00:00Z","28 september 2026 om 10:27","2026-09-28T08:27:54Z",3,"13 dagen tussen registraties","Niet beschikbaar","Niet beschikbaar","Niet beschikbaar","Niet beschikbaar","Nee","Niet beschikbaar",,,"Nee","Niet beschikbaar","Niet beschikbaar",,,"2026-10-01T11:43:22Z","EFFIS – Copernicus Emergency Management Service","https://forest-fire.emergency.copernicus.eu/apps/effis.csv/","",""
"effis-ba-782526","EFFIS-brandgebied",52.8044237425099,9.75753415214226,"Osterheide, gemfr. Bezirk","Osterheide, gemfr. Bezirk","Heidekreis","DE","Duitsland","Duitsland, Heidekreis","Afgelopen 3 dagen bijgewerkt","EFFIS heeft dit gebied één tot drie dagen geleden bijgewerkt.",2,"#E07154",0,"0 hectare",0.1,"15 september 2026 om 00:00","15 september 2026","2026-09-14T22:00:00Z","28 september 2026 om 10:27","2026-09-28T08:27:54Z",3,"13 dagen tussen registraties","Niet beschikbaar","Niet beschikbaar","Niet beschikbaar","Niet beschikbaar","Nee","Niet beschikbaar",,,"Nee","Niet beschikbaar","Niet beschikbaar",,,"2026-10-01T11:43:22Z","EFFIS – Copernicus Emergency Management Service","https://forest-fire.emergency.copernicus.eu/apps/effis.csv/","",""
"effis-ba-782524","EFFIS-brandgebied",52.8006567704189,9.73655784167461,"Osterheide, gemfr. Bezirk","Osterheide, gemfr. Bezirk","Heidekreis","DE","Duitsland","Duitsland, Heidekreis","Afgelopen 3 dagen bijgewerkt","EFFIS heeft dit gebied één tot drie dagen geleden bijgewerkt.",2,"#E07154",0,"0 hectare",0.1,"15 september 2026 om 00:00","15 september 2026","2026-09-14T22:00:00Z","28 september 2026 om 10:26","2026-09-28T08:26:54Z",3,"13 dagen tussen registraties","Niet beschikbaar","Niet beschikbaar","Niet beschikbaar","Niet beschikbaar","Nee","Niet beschikbaar",,,"Nee","Niet beschikbaar","Niet beschikbaar",,,"2026-10-01T11:43:22Z","EFFIS – Copernicus Emergency Management Service","https://forest-fire.emergency.copernicus.eu/apps/effis.csv/","",""
"effis-ba-782523","EFFIS-brandgebied",52.7997337364512,9.71443280296847,"Osterheide, gemfr. Bezirk","Osterheide, gemfr. Bezirk","Heidekreis","DE","Duitsland","Duitsland, Heidekreis","Afgelopen 3 dagen bijgewerkt","EFFIS heeft dit gebied één tot drie dagen geleden bijgewerkt.",2,"#E07154",5,"5 hectare",0.7,"25 augustus 2026 om 11:19","25 augustus 2026","2026-08-25T09:19:00Z","28 september 2026 om 10:26","2026-09-28T08:26:28Z",3,"33 dagen tussen registraties","Niet beschikbaar","Niet beschikbaar","Niet beschikbaar","Niet beschikbaar","Nee","Niet beschikbaar",,,"Nee","Niet beschikbaar","Niet beschikbaar",,,"2026-10-01T11:43:22Z","EFFIS – Copernicus Emergency Management Service","https://forest-fire.emergency.copernicus.eu/apps/effis.csv/","",""
"effis-ba-782522","EFFIS-brandgebied",52.8037343798932,9.72287682994981,"Osterheide, gemfr. Bezirk","Osterheide, gemfr. Bezirk","Heidekreis","DE","Duitsland","Duitsland, Heidekreis","Afgelopen 3 dagen bijgewerkt","EFFIS heeft dit gebied één tot drie dagen geleden bijgewerkt.",2,"#E07154",0,"0 hectare",0.1,"15 september 2026 om 00:00","15 september 2026","2026-09-14T22:00:00Z","28 september 2026 om 10:26","2026-09-28T08:26:06Z",3,"13 dagen tussen registraties","Niet beschikbaar","Niet beschikbaar","Niet beschikbaar","Niet beschikbaar","Nee","Niet beschikbaar",,,"Nee","Niet beschikbaar","Niet beschikbaar",,,"2026-10-01T11:43:22Z","EFFIS – Copernicus Emergency Management Service","https://forest-fire.emergency.copernicus.eu/apps/effis.csv/","",""
"effis-ba-782520","EFFIS-brandgebied",52.8013836279517,9.72442047164066,"Osterheide, gemfr. Bezirk","Osterheide, gemfr. Bezirk","Heidekreis","DE","Duitsland","Duitsland, Heidekreis","Afgelopen 3 dagen bijgewerkt","EFFIS heeft dit gebied één tot drie dagen geleden bijgewerkt.",2,"#E07154",1,"1 hectare",0.35,"16 september 2026 om 00:00","16 september 2026","2026-09-15T22:00:00Z","28 september 2026 om 10:25","2026-09-28T08:25:53Z",3,"12 dagen tussen registraties","Niet beschikbaar","Niet beschikbaar","Niet beschikbaar","Niet beschikbaar","Nee","Niet beschikbaar",,,"Nee","Niet beschikbaar","Niet beschikbaar",,,"2026-10-01T11:43:22Z","EFFIS – Copernicus Emergency Management Service","https://forest-fire.emergency.copernicus.eu/apps/effis.csv/","",""
"effis-ba-782521","EFFIS-brandgebied",52.8030082789372,9.7257406522048,"Osterheide, gemfr. Bezirk","Osterheide, gemfr. Bezirk","Heidekreis","DE","Duitsland","Duitsland, Heidekreis","Afgelopen 3 dagen bijgewerkt","EFFIS heeft dit gebied één tot drie dagen geleden bijgewerkt.",2,"#E07154",0,"0 hectare",0.1,"15 september 2026 om 12:25","15 september 2026","2026-09-15T10:25:46Z","28 september 2026 om 10:25","2026-09-28T08:25:53Z",3,"12 dagen tussen registraties","Niet beschikbaar","Niet beschikbaar","Niet beschikbaar","Niet beschikbaar","Nee","Niet beschikbaar",,,"Nee","Niet beschikbaar","Niet beschikbaar",,,"2026-10-01T11:43:22Z","EFFIS – Copernicus Emergency Management Service","https://forest-fire.emergency.copernicus.eu/apps/effis.csv/","",""
"effis-ba-782517","EFFIS-brandgebied",52.8031737770434,9.73144969668121,"Osterheide, gemfr. Bezirk","Osterheide, gemfr. Bezirk","Heidekreis","DE","Duitsland","Duitsland, Heidekreis","Afgelopen 3 dagen bijgewerkt","EFFIS heeft dit gebied één tot drie dagen geleden bijgewerkt.",2,"#E07154",1,"1 hectare",0.35,"15 september 2026 om 00:00","15 september 2026","2026-09-14T22:00:00Z","28 september 2026 om 10:25","2026-09-28T08:25:00Z",3,"13 dagen tussen registraties","Niet beschikbaar","Niet beschikbaar","Niet beschikbaar","Niet beschikbaar","Nee","Niet beschikbaar",,,"Nee","Niet beschikbaar","Niet beschikbaar",,,"2026-10-01T11:43:22Z","EFFIS – Copernicus Emergency Management Service","https://forest-fire.emergency.copernicus.eu/apps/effis.csv/","",""
"effis-ba-782518","EFFIS-brandgebied",52.8025327397828,9.73223331530165,"Osterheide, gemfr. Bezirk","Osterheide, gemfr. Bezirk","Heidekreis","DE","Duitsland","Duitsland, Heidekreis","Afgelopen 3 dagen bijgewerkt","EFFIS heeft dit gebied één tot drie dagen geleden bijgewerkt.",2,"#E07154",0,"0 hectare",0.1,"15 september 2026 om 12:24","15 september 2026","2026-09-15T10:24:53Z","28 september 2026 om 10:25","2026-09-28T08:25:00Z",3,"12 dagen tussen registraties","Niet beschikbaar","Niet beschikbaar","Niet beschikbaar","Niet beschikbaar","Nee","Niet beschikbaar",,,"Nee","Niet beschikbaar","Niet beschikbaar",,,"2026-10-01T11:43:22Z","EFFIS – Copernicus Emergency Management Service","https://forest-fire.emergency.copernicus.eu/apps/effis.csv/","",""
"effis-ba-782516","EFFIS-brandgebied",52.8051503140077,9.73536002708388,"Osterheide, gemfr. Bezirk","Osterheide, gemfr. Bezirk","Heidekreis","DE","Duitsland","Duitsland, Heidekreis","Afgelopen 3 dagen bijgewerkt","EFFIS heeft dit gebied één tot drie dagen geleden bijgewerkt.",2,"#E07154",3,"3 hectare",0.59,"15 september 2026 om 00:00","15 september 2026","2026-09-14T22:00:00Z","28 september 2026 om 10:24","2026-09-28T08:24:21Z",3,"13 dagen tussen registraties","Niet beschikbaar","Niet beschikbaar","Niet beschikbaar","Niet beschikbaar","Nee","Niet beschikbaar",,,"Nee","Niet beschikbaar","Niet beschikbaar",,,"2026-10-01T11:43:22Z","EFFIS – Copernicus Emergency Management Service","https://forest-fire.emergency.copernicus.eu/apps/effis.csv/","",""
"effis-ba-782515","EFFIS-brandgebied",52.8076678144997,9.74555148486081,"Osterheide, gemfr. Bezirk","Osterheide, gemfr. Bezirk","Heidekreis","DE","Duitsland","Duitsland, Heidekreis","Afgelopen 3 dagen bijgewerkt","EFFIS heeft dit gebied één tot drie dagen geleden bijgewerkt.",2,"#E07154",1,"1 hectare",0.35,"15 september 2026 om 12:21","15 september 2026","2026-09-15T10:21:00Z","28 september 2026 om 10:23","2026-09-28T08:23:11Z",3,"12 dagen tussen registraties","Niet beschikbaar","Niet beschikbaar","Niet beschikbaar","Niet beschikbaar","Nee","Niet beschikbaar",,,"Nee","Niet beschikbaar","Niet beschikbaar",,,"2026-10-01T11:43:22Z","EFFIS – Copernicus Emergency Management Service","https://forest-fire.emergency.copernicus.eu/apps/effis.csv/","",""
"effis-ba-782514","EFFIS-brandgebied",52.8055372578641,9.751106433369,"Osterheide, gemfr. Bezirk","Osterheide, gemfr. Bezirk","Heidekreis","DE","Duitsland","Duitsland, Heidekreis","Afgelopen 3 dagen bijgewerkt","EFFIS heeft dit gebied één tot drie dagen geleden bijgewerkt.",2,"#E07154",13,"13 hectare",0.91,"15 september 2026 om 12:21","15 september 2026","2026-09-15T10:21:00Z","28 september 2026 om 10:22","2026-09-28T08:22:49Z",3,"12 dagen tussen registraties","Niet beschikbaar","Niet beschikbaar","Niet beschikbaar","Niet beschikbaar","Nee","Niet beschikbaar",,,"Nee","Niet beschikbaar","Niet beschikbaar",,,"2026-10-01T11:43:22Z","EFFIS – Copernicus Emergency Management Service","https://forest-fire.emergency.copernicus.eu/apps/effis.csv/","",""
"effis-ba-782513","EFFIS-brandgebied",36.3036335517022,4.62605534391093,"Verbrand gebied in Algerije","Niet beschikbaar","Niet beschikbaar","DZ","Algerije","Algerije","Afgelopen 3 dagen bijgewerkt","EFFIS heeft dit gebied één tot drie dagen geleden bijgewerkt.",2,"#E07154",5,"5 hectare",0.7,"23 september 2026 om 12:12","23 september 2026","2026-09-23T10:12:00Z","28 september 2026 om 10:20","2026-09-28T08:20:15Z",3,"4 dagen tussen registraties","Uitgedoofd","0","0","Extreem","Ja","1 oktober 2026 om 13:40","2026-10-01T11:40:58.298Z","2026-10-01T11:43:23Z","Nee","Niet beschikbaar","Niet beschikbaar",,,"2026-10-01T11:43:22Z","EFFIS – Copernicus Emergency Management Service","https://forest-fire.emergency.copernicus.eu/apps/effis.csv/","FireMap.live","https://firemap.live/"
"effis-ba-782512","EFFIS-brandgebied",36.0274722756701,4.53637677384684,"Verbrand gebied in Algerije","Niet beschikbaar","Niet beschikbaar","DZ","Algerije","Algerije","Afgelopen 3 dagen bijgewerkt","EFFIS heeft dit gebied één tot drie dagen geleden bijgewerkt.",2,"#E07154",34,"34 hectare",1.12,"10 september 2026 om 01:37","10 september 2026","2026-09-09T23:37:00Z","28 september 2026 om 10:19","2026-09-28T08:19:43Z",3,"18 dagen tussen registraties","Niet beschikbaar","Niet beschikbaar","Niet beschikbaar","Niet beschikbaar","Nee","Niet beschikbaar",,,"Nee","Niet beschikbaar","Niet beschikbaar",,,"2026-10-01T11:43:22Z","EFFIS – Copernicus Emergency Management Service","https://forest-fire.emergency.copernicus.eu/apps/effis.csv/","",""
"effis-ba-782511","EFFIS-brandgebied",36.0155645252517,4.46690341284942,"Verbrand gebied in Algerije","Niet beschikbaar","Niet beschikbaar","DZ","Algerije","Algerije","Afgelopen 3 dagen bijgewerkt","EFFIS heeft dit gebied één tot drie dagen geleden bijgewerkt.",2,"#E07154",20,"20 hectare",1,"17 september 2026 om 00:00","17 september 2026","2026-09-16T22:00:00Z","28 september 2026 om 10:19","2026-09-28T08:19:18Z",3,"11 dagen tussen registraties","Niet beschikbaar","Niet beschikbaar","Niet beschikbaar","Niet beschikbaar","Nee","Niet beschikbaar",,,"Nee","Niet beschikbaar","Niet beschikbaar",,,"2026-10-01T11:43:22Z","EFFIS – Copernicus Emergency Management Service","https://forest-fire.emergency.copernicus.eu/apps/effis.csv/","",""
"effis-ba-782510","EFFIS-brandgebied",36.0357173590673,4.47821220192044,"Verbrand gebied in Algerije","Niet beschikbaar","Niet beschikbaar","DZ","Algerije","Algerije","Afgelopen 3 dagen bijgewerkt","EFFIS heeft dit gebied één tot drie dagen geleden bijgewerkt.",2,"#E07154",18,"18 hectare",0.98,"17 september 2026 om 01:05","17 september 2026","2026-09-16T23:05:00Z","28 september 2026 om 10:18","2026-09-28T08:18:47Z",3,"11 dagen tussen registraties","Niet beschikbaar","Niet beschikbaar","Niet beschikbaar","Niet beschikbaar","Nee","Niet beschikbaar",,,"Nee","Niet beschikbaar","Niet beschikbaar",,,"2026-10-01T11:43:22Z","EFFIS – Copernicus Emergency Management Service","https://forest-fire.emergency.copernicus.eu/apps/effis.csv/","",""
"effis-ba-782509","EFFIS-brandgebied",36.5518017385431,5.16242675336776,"Verbrand gebied in Algerije","Niet beschikbaar","Niet beschikbaar","DZ","Algerije","Algerije","Afgelopen 3 dagen bijgewerkt","EFFIS heeft dit gebied één tot drie dagen geleden bijgewerkt.",2,"#E07154",10,"10 hectare",0.85,"25 september 2026 om 12:32","25 september 2026","2026-09-25T10:32:00Z","28 september 2026 om 10:17","2026-09-28T08:17:12Z",3,"2 dagen tussen registraties","Niet onder controle","1","Niet beschikbaar","Hoog","Ja","1 oktober 2026 om 13:40","2026-10-01T11:40:58.282Z","2026-10-01T11:43:23Z","Nee","Niet beschikbaar","Niet beschikbaar",,,"2026-10-01T11:43:22Z","EFFIS – Copernicus Emergency Management Service","https://forest-fire.emergency.copernicus.eu/apps/effis.csv/","FireMap.live","https://firemap.live/"
"effis-ba-782508","EFFIS-brandgebied",36.4544245635558,4.26847276778743,"Verbrand gebied in Algerije","Niet beschikbaar","Niet beschikbaar","DZ","Algerije","Algerije","Afgelopen 3 dagen bijgewerkt","EFFIS heeft dit gebied één tot drie dagen geleden bijgewerkt.",2,"#E07154",22,"22 hectare",1.02,"9 september 2026 om 12:29","9 september 2026","2026-09-09T10:29:00Z","28 september 2026 om 10:16","2026-09-28T08:16:50Z",3,"18 dagen tussen registraties","Niet beschikbaar","Niet beschikbaar","Niet beschikbaar","Niet beschikbaar","Nee","Niet beschikbaar",,,"Nee","Niet beschikbaar","Niet beschikbaar",,,"2026-10-01T11:43:22Z","EFFIS – Copernicus Emergency Management Service","https://forest-fire.emergency.copernicus.eu/apps/effis.csv/","",""
"effis-ba-782507","EFFIS-brandgebied",37.2512435658559,9.52693689644615,"Verbrand gebied in Tunesië","Niet beschikbaar","Niet beschikbaar","TN","Tunesië","Tunesië","Afgelopen 3 dagen bijgewerkt","EFFIS heeft dit gebied één tot drie dagen geleden bijgewerkt.",2,"#E07154",37,"37 hectare",1.13,"17 september 2026 om 00:00","17 september 2026","2026-09-16T22:00:00Z","28 september 2026 om 10:14","2026-09-28T08:14:52Z",3,"11 dagen tussen registraties","Onder controle","0","Niet beschikbaar","Hoog","Ja","1 oktober 2026 om 13:40","2026-10-01T11:40:58.389Z","2026-10-01T11:43:23Z","Nee","Niet beschikbaar","Niet beschikbaar",,,"2026-10-01T11:43:22Z","EFFIS – Copernicus Emergency Management Service","https://forest-fire.emergency.copernicus.eu/apps/effis.csv/","FireMap.live","https://firemap.live/"
"effis-ba-782506","EFFIS-brandgebied",37.0931254561822,9.97625449178975,"Verbrand gebied in Tunesië","Niet beschikbaar","Niet beschikbaar","TN","Tunesië","Tunesië","Afgelopen 3 dagen bijgewerkt","EFFIS heeft dit gebied één tot drie dagen geleden bijgewerkt.",2,"#E07154",7,"7 hectare",0.77,"25 september 2026 om 12:12","25 september 2026","2026-09-25T10:12:00Z","28 september 2026 om 10:13","2026-09-28T08:13:44Z",3,"2 dagen tussen registraties","Onder controle","0","1","Hoog","Ja","1 oktober 2026 om 13:40","2026-10-01T11:40:58.282Z","2026-10-01T11:43:23Z","Nee","Niet beschikbaar","Niet beschikbaar",,,"2026-10-01T11:43:22Z","EFFIS – Copernicus Emergency Management Service","https://forest-fire.emergency.copernicus.eu/apps/effis.csv/","FireMap.live","https://firemap.live/"
"effis-ba-782504","EFFIS-brandgebied",36.9879400730577,9.51524862048504,"Verbrand gebied in Tunesië","Niet beschikbaar","Niet beschikbaar","TN","Tunesië","Tunesië","Afgelopen 3 dagen bijgewerkt","EFFIS heeft dit gebied één tot drie dagen geleden bijgewerkt.",2,"#E07154",7,"7 hectare",0.77,"20 september 2026 om 00:00","20 september 2026","2026-09-19T22:00:00Z","28 september 2026 om 10:11","2026-09-28T08:11:57Z",3,"8 dagen tussen registraties","Uitgedoofd","0","0","Hoog","Ja","1 oktober 2026 om 13:40","2026-10-01T11:40:58.344Z","2026-10-01T11:43:23Z","Nee","Niet beschikbaar","Niet beschikbaar",,,"2026-10-01T11:43:22Z","EFFIS – Copernicus Emergency Management Service","https://forest-fire.emergency.copernicus.eu/apps/effis.csv/","FireMap.live","https://firemap.live/"
"effis-ba-782505","EFFIS-brandgebied",36.986757451972,9.50101888192235,"Verbrand gebied in Tunesië","Niet beschikbaar","Niet beschikbaar","TN","Tunesië","Tunesië","Afgelopen 3 dagen bijgewerkt","EFFIS heeft dit gebied één tot drie dagen geleden bijgewerkt.",2,"#E07154",5,"5 hectare",0.7,"20 september 2026 om 00:00","20 september 2026","2026-09-19T22:00:00Z","28 september 2026 om 10:11","2026-09-28T08:11:57Z",3,"8 dagen tussen registraties","Uitgedoofd","0","0","Hoog","Ja","1 oktober 2026 om 13:40","2026-10-01T11:40:58.347Z","2026-10-01T11:43:23Z","Nee","Niet beschikbaar","Niet beschikbaar",,,"2026-10-01T11:43:22Z","EFFIS – Copernicus Emergency Management Service","https://forest-fire.emergency.copernicus.eu/apps/effis.csv/","FireMap.live","https://firemap.live/"
"effis-ba-782500","EFFIS-brandgebied",36.9880992426966,9.50321859487879,"Verbrand gebied in Tunesië","Niet beschikbaar","Niet beschikbaar","TN","Tunesië","Tunesië","Afgelopen 3 dagen bijgewerkt","EFFIS heeft dit gebied één tot drie dagen geleden bijgewerkt.",2,"#E07154",15,"15 hectare",0.94,"20 september 2026 om 00:00","20 september 2026","2026-09-19T22:00:00Z","28 september 2026 om 10:11","2026-09-28T08:11:11Z",3,"8 dagen tussen registraties","Uitgedoofd","0","0","Hoog","Ja","1 oktober 2026 om 13:40","2026-10-01T11:40:58.345Z","2026-10-01T11:43:23Z","Nee","Niet beschikbaar","Niet beschikbaar",,,"2026-10-01T11:43:22Z","EFFIS – Copernicus Emergency Management Service","https://forest-fire.emergency.copernicus.eu/apps/effis.csv/","FireMap.live","https://firemap.live/"
"effis-ba-782501","EFFIS-brandgebied",36.9898310665381,9.50940145687462,"Verbrand gebied in Tunesië","Niet beschikbaar","Niet beschikbaar","TN","Tunesië","Tunesië","Afgelopen 3 dagen bijgewerkt","EFFIS heeft dit gebied één tot drie dagen geleden bijgewerkt.",2,"#E07154",2,"2 hectare",0.5,"20 september 2026 om 00:00","20 september 2026","2026-09-19T22:00:00Z","28 september 2026 om 10:11","2026-09-28T08:11:11Z",3,"8 dagen tussen registraties","Uitgedoofd","0","0","Hoog","Ja","1 oktober 2026 om 13:40","2026-10-01T11:40:58.346Z","2026-10-01T11:43:23Z","Nee","Niet beschikbaar","Niet beschikbaar",,,"2026-10-01T11:43:22Z","EFFIS – Copernicus Emergency Management Service","https://forest-fire.emergency.copernicus.eu/apps/effis.csv/","FireMap.live","https://firemap.live/"
"effis-ba-782502","EFFIS-brandgebied",36.9888350673107,9.50798851411541,"Verbrand gebied in Tunesië","Niet beschikbaar","Niet beschikbaar","TN","Tunesië","Tunesië","Afgelopen 3 dagen bijgewerkt","EFFIS heeft dit gebied één tot drie dagen geleden bijgewerkt.",2,"#E07154",1,"1 hectare",0.35,"20 september 2026 om 00:00","20 september 2026","2026-09-19T22:00:00Z","28 september 2026 om 10:11","2026-09-28T08:11:11Z",3,"8 dagen tussen registraties","Uitgedoofd","0","0","Hoog","Ja","1 oktober 2026 om 13:40","2026-10-01T11:40:58.345Z","2026-10-01T11:43:23Z","Nee","Niet beschikbaar","Niet beschikbaar",,,"2026-10-01T11:43:22Z","EFFIS – Copernicus Emergency Management Service","https://forest-fire.emergency.copernicus.eu/apps/effis.csv/","FireMap.live","https://firemap.live/"
"effis-ba-782496","EFFIS-brandgebied",38.3472385263065,37.1125229291483,"Kahramanmaraş","Niet beschikbaar","Kahramanmaraş","TR","Turkije","Turkije, Kahramanmaraş","Afgelopen 3 dagen bijgewerkt","EFFIS heeft dit gebied één tot drie dagen geleden bijgewerkt.",2,"#E07154",3,"3 hectare",0.59,"18 augustus 2026 om 10:41","18 augustus 2026","2026-08-18T08:41:00Z","28 september 2026 om 10:06","2026-09-28T08:06:51Z",3,"40 dagen tussen registraties","Niet beschikbaar","Niet beschikbaar","Niet beschikbaar","Niet beschikbaar","Nee","Niet beschikbaar",,,"Nee","Niet beschikbaar","Niet beschikbaar",,,"2026-10-01T11:43:22Z","EFFIS – Copernicus Emergency Management Service","https://forest-fire.emergency.copernicus.eu/apps/effis.csv/","",""
"effis-ba-782495","EFFIS-brandgebied",38.3435952927577,37.1232576047419,"Kahramanmaraş","Niet beschikbaar","Kahramanmaraş","TR","Turkije","Turkije, Kahramanmaraş","Afgelopen 3 dagen bijgewerkt","EFFIS heeft dit gebied één tot drie dagen geleden bijgewerkt.",2,"#E07154",25,"25 hectare",1.05,"13 september 2026 om 09:34","13 september 2026","2026-09-13T07:34:00Z","28 september 2026 om 10:06","2026-09-28T08:06:34Z",3,"15 dagen tussen registraties","Niet beschikbaar","Niet beschikbaar","Niet beschikbaar","Niet beschikbaar","Nee","Niet beschikbaar",,,"Nee","Niet beschikbaar","Niet beschikbaar",,,"2026-10-01T11:43:22Z","EFFIS – Copernicus Emergency Management Service","https://forest-fire.emergency.copernicus.eu/apps/effis.csv/","",""
"effis-ba-782494","EFFIS-brandgebied",39.9153860115879,26.745595108536,"Çanakkale","Niet beschikbaar","Çanakkale","TR","Turkije","Turkije, Çanakkale","Afgelopen 3 dagen bijgewerkt","EFFIS heeft dit gebied één tot drie dagen geleden bijgewerkt.",2,"#E07154",62,"62 hectare",1.25,"11 september 2026 om 00:00","11 september 2026","2026-09-10T22:00:00Z","28 september 2026 om 10:05","2026-09-28T08:05:11Z",3,"17 dagen tussen registraties","Niet beschikbaar","Niet beschikbaar","Niet beschikbaar","Niet beschikbaar","Nee","Niet beschikbaar",,,"Nee","Niet beschikbaar","Niet beschikbaar",,,"2026-10-01T11:43:22Z","EFFIS – Copernicus Emergency Management Service","https://forest-fire.emergency.copernicus.eu/apps/effis.csv/","",""
"effis-ba-782493","EFFIS-brandgebied",37.7019244333732,28.4263152590277,"Aydın","Niet beschikbaar","Aydın","TR","Turkije","Turkije, Aydın","Afgelopen 3 dagen bijgewerkt","EFFIS heeft dit gebied één tot drie dagen geleden bijgewerkt.",2,"#E07154",262,"262 hectare",1.56,"4 september 2026 om 00:00","4 september 2026","2026-09-03T22:00:00Z","28 september 2026 om 10:03","2026-09-28T08:03:38Z",3,"24 dagen tussen registraties","Niet beschikbaar","Niet beschikbaar","Niet beschikbaar","Niet beschikbaar","Nee","Niet beschikbaar",,,"Nee","Niet beschikbaar","Niet beschikbaar",,,"2026-10-01T11:43:22Z","EFFIS – Copernicus Emergency Management Service","https://forest-fire.emergency.copernicus.eu/apps/effis.csv/","",""
"effis-ba-782492","EFFIS-brandgebied",36.9925598579639,27.300780184295,"Muğla","Niet beschikbaar","Muğla","TR","Turkije","Turkije, Muğla","Afgelopen 3 dagen bijgewerkt","EFFIS heeft dit gebied één tot drie dagen geleden bijgewerkt.",2,"#E07154",113,"113 hectare",1.38,"24 september 2026 om 18:58","24 september 2026","2026-09-24T16:58:00Z","28 september 2026 om 10:00","2026-09-28T08:00:26Z",3,"3 dagen tussen registraties","Onder controle","0","2","Hoog","Ja","1 oktober 2026 om 13:40","2026-10-01T11:40:58.285Z","2026-10-01T11:43:23Z","Nee","Niet beschikbaar","Niet beschikbaar",,,"2026-10-01T11:43:22Z","EFFIS – Copernicus Emergency Management Service","https://forest-fire.emergency.copernicus.eu/apps/effis.csv/","FireMap.live","https://firemap.live/"
"effis-ba-782491","EFFIS-brandgebied",49.4737209913705,39.8793357784572,"Verbrand gebied in Oekraïne","Niet beschikbaar","Niet beschikbaar","UA","Oekraïne","Oekraïne","Afgelopen 3 dagen bijgewerkt","EFFIS heeft dit gebied één tot drie dagen geleden bijgewerkt.",2,"#E07154",220,"220 hectare",1.52,"14 september 2026 om 00:00","14 september 2026","2026-09-13T22:00:00Z","28 september 2026 om 09:46","2026-09-28T07:46:05Z",3,"14 dagen tussen registraties","Niet beschikbaar","Niet beschikbaar","Niet beschikbaar","Niet beschikbaar","Nee","Niet beschikbaar",,,"Nee","Niet beschikbaar","Niet beschikbaar",,,"2026-10-01T11:43:22Z","EFFIS – Copernicus Emergency Management Service","https://forest-fire.emergency.copernicus.eu/apps/effis.csv/","",""
"effis-ba-782490","EFFIS-brandgebied",49.2768469193079,40.0159078049682,"Verbrand gebied in Oekraïne","Niet beschikbaar","Niet beschikbaar","UA","Oekraïne","Oekraïne","Afgelopen 3 dagen bijgewerkt","EFFIS heeft dit gebied één tot drie dagen geleden bijgewerkt.",2,"#E07154",11,"11 hectare",0.87,"21 september 2026 om 00:00","21 september 2026","2026-09-20T22:00:00Z","28 september 2026 om 09:42","2026-09-28T07:42:28Z",3,"7 dagen tussen registraties","Uitgedoofd","0","0","Gemiddeld","Ja","1 oktober 2026 om 13:40","2026-10-01T11:40:58.333Z","2026-10-01T11:43:23Z","Nee","Niet beschikbaar","Niet beschikbaar",,,"2026-10-01T11:43:22Z","EFFIS – Copernicus Emergency Management Service","https://forest-fire.emergency.copernicus.eu/apps/effis.csv/","FireMap.live","https://firemap.live/"
"effis-ba-782489","EFFIS-brandgebied",49.2749659031657,40.0086340439948,"Verbrand gebied in Oekraïne","Niet beschikbaar","Niet beschikbaar","UA","Oekraïne","Oekraïne","Afgelopen 3 dagen bijgewerkt","EFFIS heeft dit gebied één tot drie dagen geleden bijgewerkt.",2,"#E07154",47,"47 hectare",1.19,"14 september 2026 om 10:41","14 september 2026","2026-09-14T08:41:00Z","28 september 2026 om 09:41","2026-09-28T07:41:57Z",3,"13 dagen tussen registraties","Niet beschikbaar","Niet beschikbaar","Niet beschikbaar","Niet beschikbaar","Nee","Niet beschikbaar",,,"Nee","Niet beschikbaar","Niet beschikbaar",,,"2026-10-01T11:43:22Z","EFFIS – Copernicus Emergency Management Service","https://forest-fire.emergency.copernicus.eu/apps/effis.csv/","",""
"effis-ba-782488","EFFIS-brandgebied",48.7969620894955,38.9965608337167,"Verbrand gebied in Oekraïne","Niet beschikbaar","Niet beschikbaar","UA","Oekraïne","Oekraïne","Afgelopen 3 dagen bijgewerkt","EFFIS heeft dit gebied één tot drie dagen geleden bijgewerkt.",2,"#E07154",71,"71 hectare",1.28,"20 september 2026 om 00:03","20 september 2026","2026-09-19T22:03:00Z","28 september 2026 om 09:34","2026-09-28T07:34:43Z",3,"8 dagen tussen registraties","Uitgedoofd","0","0","Gemiddeld","Ja","1 oktober 2026 om 13:40","2026-10-01T11:40:58.343Z","2026-10-01T11:43:23Z","Nee","Niet beschikbaar","Niet beschikbaar",,,"2026-10-01T11:43:22Z","EFFIS – Copernicus Emergency Management Service","https://forest-fire.emergency.copernicus.eu/apps/effis.csv/","FireMap.live","https://firemap.live/"
"effis-ba-782487","EFFIS-brandgebied",48.4513388948166,38.7262859984849,"Verbrand gebied in Oekraïne","Niet beschikbaar","Niet beschikbaar","UA","Oekraïne","Oekraïne","Afgelopen 3 dagen bijgewerkt","EFFIS heeft dit gebied één tot drie dagen geleden bijgewerkt.",2,"#E07154",34,"34 hectare",1.12,"18 september 2026 om 11:04","18 september 2026","2026-09-18T09:04:00Z","28 september 2026 om 09:32","2026-09-28T07:32:59Z",3,"9 dagen tussen registraties","Uitgedoofd","0","0","Laag","Ja","1 oktober 2026 om 13:40","2026-10-01T11:40:58.365Z","2026-10-01T11:43:23Z","Nee","Niet beschikbaar","Niet beschikbaar",,,"2026-10-01T11:43:22Z","EFFIS – Copernicus Emergency Management Service","https://forest-fire.emergency.copernicus.eu/apps/effis.csv/","FireMap.live","https://firemap.live/"
"effis-ba-782486","EFFIS-brandgebied",48.4526434867385,38.6012267647882,"Verbrand gebied in Oekraïne","Niet beschikbaar","Niet beschikbaar","UA","Oekraïne","Oekraïne","Afgelopen 3 dagen bijgewerkt","EFFIS heeft dit gebied één tot drie dagen geleden bijgewerkt.",2,"#E07154",16,"16 hectare",0.95,"19 september 2026 om 00:00","19 september 2026","2026-09-18T22:00:00Z","28 september 2026 om 09:31","2026-09-28T07:31:48Z",3,"9 dagen tussen registraties","Uitgedoofd","0","0","Laag","Ja","1 oktober 2026 om 13:40","2026-10-01T11:40:58.357Z","2026-10-01T11:43:23Z","Nee","Niet beschikbaar","Niet beschikbaar",,,"2026-10-01T11:43:22Z","EFFIS – Copernicus Emergency Management Service","https://forest-fire.emergency.copernicus.eu/apps/effis.csv/","FireMap.live","https://firemap.live/"
"effis-ba-782444","EFFIS-brandgebied",48.4833679633244,38.5397304934436,"Verbrand gebied in Oekraïne","Niet beschikbaar","Niet beschikbaar","UA","Oekraïne","Oekraïne","Afgelopen 3 dagen bijgewerkt","EFFIS heeft dit gebied één tot drie dagen geleden bijgewerkt.",2,"#E07154",8,"8 hectare",0.8,"18 september 2026 om 12:42","18 september 2026","2026-09-18T10:42:00Z","28 september 2026 om 09:29","2026-09-28T07:29:42Z",3,"9 dagen tussen registraties","Uitgedoofd","0","0","Laag","Ja","1 oktober 2026 om 13:40","2026-10-01T11:40:58.361Z","2026-10-01T11:43:23Z","Nee","Niet beschikbaar","Niet beschikbaar",,,"2026-10-01T11:43:22Z","EFFIS – Copernicus Emergency Management Service","https://forest-fire.emergency.copernicus.eu/apps/effis.csv/","FireMap.live","https://firemap.live/"
"effis-ba-782393","EFFIS-brandgebied",48.9433680058153,37.1530650019102,"Verbrand gebied in Oekraïne","Niet beschikbaar","Niet beschikbaar","UA","Oekraïne","Oekraïne","Afgelopen 3 dagen bijgewerkt","EFFIS heeft dit gebied één tot drie dagen geleden bijgewerkt.",2,"#E07154",150,"150 hectare",1.44,"20 september 2026 om 09:49","20 september 2026","2026-09-20T07:49:00Z","28 september 2026 om 09:27","2026-09-28T07:27:14Z",3,"7 dagen tussen registraties","Uitgedoofd","0","0","Gemiddeld","Ja","1 oktober 2026 om 13:40","2026-10-01T11:40:58.340Z","2026-10-01T11:43:23Z","Nee","Niet beschikbaar","Niet beschikbaar",,,"2026-10-01T11:43:22Z","EFFIS – Copernicus Emergency Management Service","https://forest-fire.emergency.copernicus.eu/apps/effis.csv/","FireMap.live","https://firemap.live/"
"effis-ba-782038","EFFIS-brandgebied",47.1616106935555,36.90184274368,"Verbrand gebied in Oekraïne","Niet beschikbaar","Niet beschikbaar","UA","Oekraïne","Oekraïne","Afgelopen 3 dagen bijgewerkt","EFFIS heeft dit gebied één tot drie dagen geleden bijgewerkt.",2,"#E07154",10,"10 hectare",0.85,"20 september 2026 om 09:49","20 september 2026","2026-09-20T07:49:00Z","28 september 2026 om 09:05","2026-09-28T07:05:24Z",3,"7 dagen tussen registraties","Uitgedoofd","0","0","Laag","Ja","1 oktober 2026 om 13:40","2026-10-01T11:40:58.341Z","2026-10-01T11:43:23Z","Nee","Niet beschikbaar","Niet beschikbaar",,,"2026-10-01T11:43:22Z","EFFIS – Copernicus Emergency Management Service","https://forest-fire.emergency.copernicus.eu/apps/effis.csv/","FireMap.live","https://firemap.live/"
"effis-ba-782037","EFFIS-brandgebied",47.0786010075802,36.7117627777914,"Verbrand gebied in Oekraïne","Niet beschikbaar","Niet beschikbaar","UA","Oekraïne","Oekraïne","Afgelopen 3 dagen bijgewerkt","EFFIS heeft dit gebied één tot drie dagen geleden bijgewerkt.",2,"#E07154",26,"26 hectare",1.06,"19 september 2026 om 13:18","19 september 2026","2026-09-19T11:18:00Z","28 september 2026 om 09:04","2026-09-28T07:04:59Z",3,"8 dagen tussen registraties","Uitgedoofd","0","0","Laag","Ja","1 oktober 2026 om 13:40","2026-10-01T11:40:58.350Z","2026-10-01T11:43:23Z","Nee","Niet beschikbaar","Niet beschikbaar",,,"2026-10-01T11:43:22Z","EFFIS – Copernicus Emergency Management Service","https://forest-fire.emergency.copernicus.eu/apps/effis.csv/","FireMap.live","https://firemap.live/"
"effis-ba-782010","EFFIS-brandgebied",43.8890279402159,22.1692968581946,"Zaječar","Zaječar","Зајечарска област","RS","Servië","Servië, Зајечарска област","Afgelopen 3 dagen bijgewerkt","EFFIS heeft dit gebied één tot drie dagen geleden bijgewerkt.",2,"#E07154",55,"55 hectare",1.22,"8 september 2026 om 10:13","8 september 2026","2026-09-08T08:13:00Z","28 september 2026 om 09:01","2026-09-28T07:01:12Z",3,"19 dagen tussen registraties","Niet beschikbaar","Niet beschikbaar","Niet beschikbaar","Niet beschikbaar","Nee","Niet beschikbaar",,,"Nee","Niet beschikbaar","Niet beschikbaar",,,"2026-10-01T11:43:22Z","EFFIS – Copernicus Emergency Management Service","https://forest-fire.emergency.copernicus.eu/apps/effis.csv/","",""
"effis-ba-782000","EFFIS-brandgebied",47.6528598581065,35.1259034236587,"Verbrand gebied in Oekraïne","Niet beschikbaar","Niet beschikbaar","UA","Oekraïne","Oekraïne","Afgelopen 3 dagen bijgewerkt","EFFIS heeft dit gebied één tot drie dagen geleden bijgewerkt.",2,"#E07154",8,"8 hectare",0.8,"18 september 2026 om 11:04","18 september 2026","2026-09-18T09:04:00Z","28 september 2026 om 09:00","2026-09-28T07:00:09Z",3,"9 dagen tussen registraties","Uitgedoofd","0","0","Gemiddeld","Ja","1 oktober 2026 om 13:40","2026-10-01T11:40:58.364Z","2026-10-01T11:43:23Z","Nee","Niet beschikbaar","Niet beschikbaar",,,"2026-10-01T11:43:22Z","EFFIS – Copernicus Emergency Management Service","https://forest-fire.emergency.copernicus.eu/apps/effis.csv/","FireMap.live","https://firemap.live/"
"effis-ba-781999","EFFIS-brandgebied",44.1282326718394,22.6005599647162,"Negotin","Negotin","Борска област","RS","Servië","Servië, Борска област","Afgelopen 3 dagen bijgewerkt","EFFIS heeft dit gebied één tot drie dagen geleden bijgewerkt.",2,"#E07154",10,"10 hectare",0.85,"20 september 2026 om 00:00","20 september 2026","2026-09-19T22:00:00Z","28 september 2026 om 09:00","2026-09-28T07:00:09Z",3,"8 dagen tussen registraties","Uitgedoofd","0","0","Hoog","Ja","1 oktober 2026 om 13:40","2026-10-01T11:40:58.347Z","2026-10-01T11:43:23Z","Nee","Niet beschikbaar","Niet beschikbaar",,,"2026-10-01T11:43:22Z","EFFIS – Copernicus Emergency Management Service","https://forest-fire.emergency.copernicus.eu/apps/effis.csv/","FireMap.live","https://firemap.live/"
"effis-ba-781998","EFFIS-brandgebied",47.6440403052243,35.1290427076714,"Verbrand gebied in Oekraïne","Niet beschikbaar","Niet beschikbaar","UA","Oekraïne","Oekraïne","Afgelopen 3 dagen bijgewerkt","EFFIS heeft dit gebied één tot drie dagen geleden bijgewerkt.",2,"#E07154",89,"89 hectare",1.32,"18 september 2026 om 18:42","18 september 2026","2026-09-18T16:42:00Z","28 september 2026 om 08:59","2026-09-28T06:59:28Z",3,"9 dagen tussen registraties","Uitgedoofd","0","0","Gemiddeld","Ja","1 oktober 2026 om 13:40","2026-10-01T11:40:58.358Z","2026-10-01T11:43:23Z","Nee","Niet beschikbaar","Niet beschikbaar",,,"2026-10-01T11:43:22Z","EFFIS – Copernicus Emergency Management Service","https://forest-fire.emergency.copernicus.eu/apps/effis.csv/","FireMap.live","https://firemap.live/"
"effis-ba-781994","EFFIS-brandgebied",44.1699130500356,22.4634581795631,"Negotin","Negotin","Борска област","RS","Servië","Servië, Борска област","Afgelopen 3 dagen bijgewerkt","EFFIS heeft dit gebied één tot drie dagen geleden bijgewerkt.",2,"#E07154",128,"128 hectare",1.4,"23 september 2026 om 11:10","23 september 2026","2026-09-23T09:10:00Z","28 september 2026 om 08:59","2026-09-28T06:59:05Z",3,"4 dagen tussen registraties","Uitgedoofd","0","0","Hoog","Ja","1 oktober 2026 om 13:40","2026-10-01T11:40:58.299Z","2026-10-01T11:43:23Z","Nee","Niet beschikbaar","Niet beschikbaar",,,"2026-10-01T11:43:22Z","EFFIS – Copernicus Emergency Management Service","https://forest-fire.emergency.copernicus.eu/apps/effis.csv/","FireMap.live","https://firemap.live/"
"effis-ba-781993","EFFIS-brandgebied",47.8897579140272,34.9369660274047,"Verbrand gebied in Oekraïne","Niet beschikbaar","Niet beschikbaar","UA","Oekraïne","Oekraïne","Afgelopen 3 dagen bijgewerkt","EFFIS heeft dit gebied één tot drie dagen geleden bijgewerkt.",2,"#E07154",26,"26 hectare",1.06,"20 september 2026 om 10:26","20 september 2026","2026-09-20T08:26:00Z","28 september 2026 om 08:58","2026-09-28T06:58:27Z",3,"7 dagen tussen registraties","Uitgedoofd","0","0","Gemiddeld","Ja","1 oktober 2026 om 13:40","2026-10-01T11:40:58.339Z","2026-10-01T11:43:23Z","Nee","Niet beschikbaar","Niet beschikbaar",,,"2026-10-01T11:43:22Z","EFFIS – Copernicus Emergency Management Service","https://forest-fire.emergency.copernicus.eu/apps/effis.csv/","FireMap.live","https://firemap.live/"
"effis-ba-781991","EFFIS-brandgebied",44.3701469601289,21.6738796603205,"Kučevo","Kučevo","Браничевска област","RS","Servië","Servië, Браничевска област","Afgelopen 3 dagen bijgewerkt","EFFIS heeft dit gebied één tot drie dagen geleden bijgewerkt.",2,"#E07154",6,"6 hectare",0.74,"20 september 2026 om 00:05","20 september 2026","2026-09-19T22:05:00Z","28 september 2026 om 08:57","2026-09-28T06:57:20Z",3,"8 dagen tussen registraties","Uitgedoofd","0","0","Hoog","Ja","1 oktober 2026 om 13:40","2026-10-01T11:40:58.343Z","2026-10-01T11:43:23Z","Nee","Niet beschikbaar","Niet beschikbaar",,,"2026-10-01T11:43:22Z","EFFIS – Copernicus Emergency Management Service","https://forest-fire.emergency.copernicus.eu/apps/effis.csv/","FireMap.live","https://firemap.live/"
"effis-ba-781950","EFFIS-brandgebied",46.5941493696801,22.064352089516,"Beliu","Beliu","Arad","RO","Roemenië","Roemenië, Arad","Afgelopen 3 dagen bijgewerkt","EFFIS heeft dit gebied één tot drie dagen geleden bijgewerkt.",2,"#E07154",1,"1 hectare",0.35,"15 augustus 2026 om 11:42","15 augustus 2026","2026-08-15T09:42:00Z","28 september 2026 om 08:53","2026-09-28T06:53:59Z",3,"43 dagen tussen registraties","Niet beschikbaar","Niet beschikbaar","Niet beschikbaar","Niet beschikbaar","Nee","Niet beschikbaar",,,"Nee","Niet beschikbaar","Niet beschikbaar",,,"2026-10-01T11:43:22Z","EFFIS – Copernicus Emergency Management Service","https://forest-fire.emergency.copernicus.eu/apps/effis.csv/","",""
"effis-ba-781949","EFFIS-brandgebied",46.5513090355292,22.0562340744996,"Hăşmaş","Hăşmaş","Arad","RO","Roemenië","Roemenië, Arad","Afgelopen 3 dagen bijgewerkt","EFFIS heeft dit gebied één tot drie dagen geleden bijgewerkt.",2,"#E07154",29,"29 hectare",1.08,"9 september 2026 om 11:38","9 september 2026","2026-09-09T09:38:00Z","28 september 2026 om 08:52","2026-09-28T06:52:57Z",3,"18 dagen tussen registraties","Niet beschikbaar","Niet beschikbaar","Niet beschikbaar","Niet beschikbaar","Nee","Niet beschikbaar",,,"Nee","Niet beschikbaar","Niet beschikbaar",,,"2026-10-01T11:43:22Z","EFFIS – Copernicus Emergency Management Service","https://forest-fire.emergency.copernicus.eu/apps/effis.csv/","",""
"effis-ba-781947","EFFIS-brandgebied",46.2588860191571,22.28379013425,"Gurahonţ","Gurahonţ","Arad","RO","Roemenië","Roemenië, Arad","Afgelopen 3 dagen bijgewerkt","EFFIS heeft dit gebied één tot drie dagen geleden bijgewerkt.",2,"#E07154",205,"205 hectare",1.51,"17 september 2026 om 10:45","17 september 2026","2026-09-17T08:45:00Z","28 september 2026 om 08:51","2026-09-28T06:51:09Z",3,"10 dagen tussen registraties","Niet beschikbaar","Niet beschikbaar","Niet beschikbaar","Niet beschikbaar","Nee","Niet beschikbaar",,,"Nee","Niet beschikbaar","Niet beschikbaar",,,"2026-10-01T11:43:22Z","EFFIS – Copernicus Emergency Management Service","https://forest-fire.emergency.copernicus.eu/apps/effis.csv/","",""
"effis-ba-781918","EFFIS-brandgebied",44.8775215780885,22.4400541907334,"Oraş Băile Herculane","Oraş Băile Herculane","Caraş-Severin","RO","Roemenië","Roemenië, Caraş-Severin","Afgelopen 3 dagen bijgewerkt","EFFIS heeft dit gebied één tot drie dagen geleden bijgewerkt.",2,"#E07154",177,"177 hectare",1.47,"24 september 2026 om 00:54","24 september 2026","2026-09-23T22:54:00Z","28 september 2026 om 08:48","2026-09-28T06:48:31Z",3,"4 dagen tussen registraties","Niet onder controle","1","Niet beschikbaar","Hoog","Ja","1 oktober 2026 om 13:40","2026-10-01T11:40:58.290Z","2026-10-01T11:43:23Z","Nee","Niet beschikbaar","Niet beschikbaar",,,"2026-10-01T11:43:22Z","EFFIS – Copernicus Emergency Management Service","https://forest-fire.emergency.copernicus.eu/apps/effis.csv/","FireMap.live","https://firemap.live/"
"effis-ba-781917","EFFIS-brandgebied",50.4199511091598,31.1646468743173,"Verbrand gebied in Oekraïne","Niet beschikbaar","Niet beschikbaar","UA","Oekraïne","Oekraïne","Afgelopen 3 dagen bijgewerkt","EFFIS heeft dit gebied één tot drie dagen geleden bijgewerkt.",2,"#E07154",10,"10 hectare",0.85,"14 september 2026 om 00:00","14 september 2026","2026-09-13T22:00:00Z","28 september 2026 om 08:48","2026-09-28T06:48:19Z",3,"14 dagen tussen registraties","Niet beschikbaar","Niet beschikbaar","Niet beschikbaar","Niet beschikbaar","Nee","Niet beschikbaar",,,"Nee","Niet beschikbaar","Niet beschikbaar",,,"2026-10-01T11:43:22Z","EFFIS – Copernicus Emergency Management Service","https://forest-fire.emergency.copernicus.eu/apps/effis.csv/","",""
"effis-ba-781906","EFFIS-brandgebied",44.5102233595235,23.2766688934555,"Dumbrava","Dumbrava","Mehedinţi","RO","Roemenië","Roemenië, Mehedinţi","Afgelopen 3 dagen bijgewerkt","EFFIS heeft dit gebied één tot drie dagen geleden bijgewerkt.",2,"#E07154",54,"54 hectare",1.22,"7 september 2026 om 12:14","7 september 2026","2026-09-07T10:14:00Z","28 september 2026 om 08:44","2026-09-28T06:44:04Z",3,"20 dagen tussen registraties","Niet beschikbaar","Niet beschikbaar","Niet beschikbaar","Niet beschikbaar","Nee","Niet beschikbaar",,,"Nee","Niet beschikbaar","Niet beschikbaar",,,"2026-10-01T11:43:22Z","EFFIS – Copernicus Emergency Management Service","https://forest-fire.emergency.copernicus.eu/apps/effis.csv/","",""
"effis-ba-781905","EFFIS-brandgebied",44.7302375739206,22.9712489988275,"Broşteni","Broşteni","Mehedinţi","RO","Roemenië","Roemenië, Mehedinţi","Afgelopen 3 dagen bijgewerkt","EFFIS heeft dit gebied één tot drie dagen geleden bijgewerkt.",2,"#E07154",39,"39 hectare",1.15,"19 september 2026 om 07:54","19 september 2026","2026-09-19T05:54:00Z","28 september 2026 om 08:41","2026-09-28T06:41:33Z",3,"9 dagen tussen registraties","Uitgedoofd","0","0","Hoog","Ja","1 oktober 2026 om 13:40","2026-10-01T11:40:58.356Z","2026-10-01T11:43:23Z","Nee","Niet beschikbaar","Niet beschikbaar",,,"2026-10-01T11:43:22Z","EFFIS – Copernicus Emergency Management Service","https://forest-fire.emergency.copernicus.eu/apps/effis.csv/","FireMap.live","https://firemap.live/"
"effis-ba-781904","EFFIS-brandgebied",44.6884387593818,23.2783826151067,"Borăscu","Borăscu","Gorj","RO","Roemenië","Roemenië, Gorj","Afgelopen 3 dagen bijgewerkt","EFFIS heeft dit gebied één tot drie dagen geleden bijgewerkt.",2,"#E07154",16,"16 hectare",0.95,"10 september 2026 om 00:00","10 september 2026","2026-09-09T22:00:00Z","28 september 2026 om 08:40","2026-09-28T06:40:35Z",3,"18 dagen tussen registraties","Niet beschikbaar","Niet beschikbaar","Niet beschikbaar","Niet beschikbaar","Nee","Niet beschikbaar",,,"Nee","Niet beschikbaar","Niet beschikbaar",,,"2026-10-01T11:43:22Z","EFFIS – Copernicus Emergency Management Service","https://forest-fire.emergency.copernicus.eu/apps/effis.csv/","",""
"effis-ba-781903","EFFIS-brandgebied",44.7310739196387,23.1931685084755,"Bolboşi","Bolboşi","Gorj","RO","Roemenië","Roemenië, Gorj","Afgelopen 3 dagen bijgewerkt","EFFIS heeft dit gebied één tot drie dagen geleden bijgewerkt.",2,"#E07154",5,"5 hectare",0.7,"1 september 2026 om 00:00","1 september 2026","2026-08-31T22:00:00Z","28 september 2026 om 08:39","2026-09-28T06:39:57Z",3,"27 dagen tussen registraties","Niet beschikbaar","Niet beschikbaar","Niet beschikbaar","Niet beschikbaar","Nee","Niet beschikbaar",,,"Nee","Niet beschikbaar","Niet beschikbaar",,,"2026-10-01T11:43:22Z","EFFIS – Copernicus Emergency Management Service","https://forest-fire.emergency.copernicus.eu/apps/effis.csv/","",""
"effis-ba-781902","EFFIS-brandgebied",44.7312437521093,23.1799271036714,"Bolboşi","Bolboşi","Gorj","RO","Roemenië","Roemenië, Gorj","Afgelopen 3 dagen bijgewerkt","EFFIS heeft dit gebied één tot drie dagen geleden bijgewerkt.",2,"#E07154",14,"14 hectare",0.92,"1 september 2026 om 13:23","1 september 2026","2026-09-01T11:23:00Z","28 september 2026 om 08:39","2026-09-28T06:39:30Z",3,"26 dagen tussen registraties","Niet beschikbaar","Niet beschikbaar","Niet beschikbaar","Niet beschikbaar","Nee","Niet beschikbaar",,,"Nee","Niet beschikbaar","Niet beschikbaar",,,"2026-10-01T11:43:22Z","EFFIS – Copernicus Emergency Management Service","https://forest-fire.emergency.copernicus.eu/apps/effis.csv/","",""
"effis-ba-781901","EFFIS-brandgebied",44.7444570068552,23.1805793565313,"Bolboşi","Bolboşi","Gorj","RO","Roemenië","Roemenië, Gorj","Afgelopen 3 dagen bijgewerkt","EFFIS heeft dit gebied één tot drie dagen geleden bijgewerkt.",2,"#E07154",88,"88 hectare",1.32,"19 september 2026 om 10:09","19 september 2026","2026-09-19T08:09:00Z","28 september 2026 om 08:38","2026-09-28T06:38:53Z",3,"8 dagen tussen registraties","Uitgedoofd","0","0","Hoog","Ja","1 oktober 2026 om 13:40","2026-10-01T11:40:58.354Z","2026-10-01T11:43:23Z","Nee","Niet beschikbaar","Niet beschikbaar",,,"2026-10-01T11:43:22Z","EFFIS – Copernicus Emergency Management Service","https://forest-fire.emergency.copernicus.eu/apps/effis.csv/","FireMap.live","https://firemap.live/"
"effis-ba-781880","EFFIS-brandgebied",44.5164775834925,22.7692285828271,"Hinova","Hinova","Mehedinţi","RO","Roemenië","Roemenië, Mehedinţi","Afgelopen 3 dagen bijgewerkt","EFFIS heeft dit gebied één tot drie dagen geleden bijgewerkt.",2,"#E07154",33,"33 hectare",1.11,"22 september 2026 om 13:36","22 september 2026","2026-09-22T11:36:00Z","28 september 2026 om 08:36","2026-09-28T06:36:56Z",3,"5 dagen tussen registraties","Niet onder controle","1","Niet beschikbaar","Hoog","Ja","1 oktober 2026 om 13:40","2026-10-01T11:40:58.309Z","2026-10-01T11:43:23Z","Nee","Niet beschikbaar","Niet beschikbaar",,,"2026-10-01T11:43:22Z","EFFIS – Copernicus Emergency Management Service","https://forest-fire.emergency.copernicus.eu/apps/effis.csv/","FireMap.live","https://firemap.live/"
"effis-ba-781875","EFFIS-brandgebied",44.8023977928167,22.7339287543889,"Ilovăţ","Ilovăţ","Mehedinţi","RO","Roemenië","Roemenië, Mehedinţi","Afgelopen 3 dagen bijgewerkt","EFFIS heeft dit gebied één tot drie dagen geleden bijgewerkt.",2,"#E07154",1,"1 hectare",0.35,"20 september 2026 om 00:00","20 september 2026","2026-09-19T22:00:00Z","28 september 2026 om 08:35","2026-09-28T06:35:46Z",3,"8 dagen tussen registraties","Uitgedoofd","0","0","Hoog","Ja","1 oktober 2026 om 13:40","2026-10-01T11:40:58.346Z","2026-10-01T11:43:23Z","Nee","Niet beschikbaar","Niet beschikbaar",,,"2026-10-01T11:43:22Z","EFFIS – Copernicus Emergency Management Service","https://forest-fire.emergency.copernicus.eu/apps/effis.csv/","FireMap.live","https://firemap.live/"
"effis-ba-781874","EFFIS-brandgebied",44.7852641466043,22.7082966445912,"Bâlvăneşti","Bâlvăneşti","Mehedinţi","RO","Roemenië","Roemenië, Mehedinţi","Afgelopen 3 dagen bijgewerkt","EFFIS heeft dit gebied één tot drie dagen geleden bijgewerkt.",2,"#E07154",2,"2 hectare",0.5,"21 september 2026 om 00:00","21 september 2026","2026-09-20T22:00:00Z","28 september 2026 om 08:35","2026-09-28T06:35:16Z",3,"7 dagen tussen registraties","Uitgedoofd","0","0","Hoog","Ja","1 oktober 2026 om 13:40","2026-10-01T11:40:58.330Z","2026-10-01T11:43:23Z","Nee","Niet beschikbaar","Niet beschikbaar",,,"2026-10-01T11:43:22Z","EFFIS – Copernicus Emergency Management Service","https://forest-fire.emergency.copernicus.eu/apps/effis.csv/","FireMap.live","https://firemap.live/"
"effis-ba-781873","EFFIS-brandgebied",44.8066647592438,22.7079698595527,"Bâlvăneşti","Bâlvăneşti","Mehedinţi","RO","Roemenië","Roemenië, Mehedinţi","Afgelopen 3 dagen bijgewerkt","EFFIS heeft dit gebied één tot drie dagen geleden bijgewerkt.",2,"#E07154",29,"29 hectare",1.08,"21 september 2026 om 00:00","21 september 2026","2026-09-20T22:00:00Z","28 september 2026 om 08:34","2026-09-28T06:34:41Z",3,"7 dagen tussen registraties","Uitgedoofd","0","0","Hoog","Ja","1 oktober 2026 om 13:40","2026-10-01T11:40:58.332Z","2026-10-01T11:43:23Z","Nee","Niet beschikbaar","Niet beschikbaar",,,"2026-10-01T11:43:22Z","EFFIS – Copernicus Emergency Management Service","https://forest-fire.emergency.copernicus.eu/apps/effis.csv/","FireMap.live","https://firemap.live/"
"effis-ba-781872","EFFIS-brandgebied",52.235874638528,33.3893327785894,"Verbrand gebied in Oekraïne","Niet beschikbaar","Niet beschikbaar","UA","Oekraïne","Oekraïne","Afgelopen 3 dagen bijgewerkt","EFFIS heeft dit gebied één tot drie dagen geleden bijgewerkt.",2,"#E07154",5,"5 hectare",0.7,"9 september 2026 om 00:00","9 september 2026","2026-09-08T22:00:00Z","28 september 2026 om 08:34","2026-09-28T06:34:40Z",3,"19 dagen tussen registraties","Niet beschikbaar","Niet beschikbaar","Niet beschikbaar","Niet beschikbaar","Nee","Niet beschikbaar",,,"Nee","Niet beschikbaar","Niet beschikbaar",,,"2026-10-01T11:43:22Z","EFFIS – Copernicus Emergency Management Service","https://forest-fire.emergency.copernicus.eu/apps/effis.csv/","",""
"effis-ba-781871","EFFIS-brandgebied",44.7424370219782,22.7905198293676,"Şişeşti","Şişeşti","Mehedinţi","RO","Roemenië","Roemenië, Mehedinţi","Afgelopen 3 dagen bijgewerkt","EFFIS heeft dit gebied één tot drie dagen geleden bijgewerkt.",2,"#E07154",97,"97 hectare",1.34,"6 september 2026 om 11:28","6 september 2026","2026-09-06T09:28:00Z","28 september 2026 om 08:33","2026-09-28T06:33:52Z",3,"21 dagen tussen registraties","Niet beschikbaar","Niet beschikbaar","Niet beschikbaar","Niet beschikbaar","Nee","Niet beschikbaar",,,"Nee","Niet beschikbaar","Niet beschikbaar",,,"2026-10-01T11:43:22Z","EFFIS – Copernicus Emergency Management Service","https://forest-fire.emergency.copernicus.eu/apps/effis.csv/","",""
"effis-ba-781870","EFFIS-brandgebied",44.7412345295512,22.7561796408403,"Şişeşti","Şişeşti","Mehedinţi","RO","Roemenië","Roemenië, Mehedinţi","Afgelopen 3 dagen bijgewerkt","EFFIS heeft dit gebied één tot drie dagen geleden bijgewerkt.",2,"#E07154",3,"3 hectare",0.59,"21 september 2026 om 00:00","21 september 2026","2026-09-20T22:00:00Z","28 september 2026 om 08:31","2026-09-28T06:31:55Z",3,"7 dagen tussen registraties","Uitgedoofd","0","0","Hoog","Ja","1 oktober 2026 om 13:40","2026-10-01T11:40:58.330Z","2026-10-01T11:43:23Z","Nee","Niet beschikbaar","Niet beschikbaar",,,"2026-10-01T11:43:22Z","EFFIS – Copernicus Emergency Management Service","https://forest-fire.emergency.copernicus.eu/apps/effis.csv/","FireMap.live","https://firemap.live/"
"effis-ba-781869","EFFIS-brandgebied",51.1223002420884,30.9624018131032,"Verbrand gebied in Oekraïne","Niet beschikbaar","Niet beschikbaar","UA","Oekraïne","Oekraïne","Afgelopen 3 dagen bijgewerkt","EFFIS heeft dit gebied één tot drie dagen geleden bijgewerkt.",2,"#E07154",12,"12 hectare",0.89,"15 september 2026 om 00:00","15 september 2026","2026-09-14T22:00:00Z","28 september 2026 om 08:31","2026-09-28T06:31:53Z",3,"13 dagen tussen registraties","Niet beschikbaar","Niet beschikbaar","Niet beschikbaar","Niet beschikbaar","Nee","Niet beschikbaar",,,"Nee","Niet beschikbaar","Niet beschikbaar",,,"2026-10-01T11:43:22Z","EFFIS – Copernicus Emergency Management Service","https://forest-fire.emergency.copernicus.eu/apps/effis.csv/","",""
"effis-ba-781868","EFFIS-brandgebied",44.7493791891563,22.7467507324506,"Malovăţ","Malovăţ","Mehedinţi","RO","Roemenië","Roemenië, Mehedinţi","Afgelopen 3 dagen bijgewerkt","EFFIS heeft dit gebied één tot drie dagen geleden bijgewerkt.",2,"#E07154",6,"6 hectare",0.74,"22 september 2026 om 00:00","22 september 2026","2026-09-21T22:00:00Z","28 september 2026 om 08:31","2026-09-28T06:31:24Z",3,"6 dagen tussen registraties","Uitgedoofd","0","0","Hoog","Ja","1 oktober 2026 om 13:40","2026-10-01T11:40:58.321Z","2026-10-01T11:43:23Z","Nee","Niet beschikbaar","Niet beschikbaar",,,"2026-10-01T11:43:22Z","EFFIS – Copernicus Emergency Management Service","https://forest-fire.emergency.copernicus.eu/apps/effis.csv/","FireMap.live","https://firemap.live/"
"effis-ba-781855","EFFIS-brandgebied",44.7396009660242,22.7392352673586,"Malovăţ","Malovăţ","Mehedinţi","RO","Roemenië","Roemenië, Mehedinţi","Afgelopen 3 dagen bijgewerkt","EFFIS heeft dit gebied één tot drie dagen geleden bijgewerkt.",2,"#E07154",4,"4 hectare",0.65,"22 september 2026 om 00:00","22 september 2026","2026-09-21T22:00:00Z","28 september 2026 om 08:30","2026-09-28T06:30:44Z",3,"6 dagen tussen registraties","Uitgedoofd","0","0","Hoog","Ja","1 oktober 2026 om 13:40","2026-10-01T11:40:58.322Z","2026-10-01T11:43:23Z","Nee","Niet beschikbaar","Niet beschikbaar",,,"2026-10-01T11:43:22Z","EFFIS – Copernicus Emergency Management Service","https://forest-fire.emergency.copernicus.eu/apps/effis.csv/","FireMap.live","https://firemap.live/"
"effis-ba-781854","EFFIS-brandgebied",44.7364641861652,22.7313888827195,"Malovăţ","Malovăţ","Mehedinţi","RO","Roemenië","Roemenië, Mehedinţi","Afgelopen 3 dagen bijgewerkt","EFFIS heeft dit gebied één tot drie dagen geleden bijgewerkt.",2,"#E07154",23,"23 hectare",1.03,"22 september 2026 om 00:00","22 september 2026","2026-09-21T22:00:00Z","28 september 2026 om 08:30","2026-09-28T06:30:14Z",3,"6 dagen tussen registraties","Uitgedoofd","0","0","Hoog","Ja","1 oktober 2026 om 13:40","2026-10-01T11:40:58.322Z","2026-10-01T11:43:23Z","Nee","Niet beschikbaar","Niet beschikbaar",,,"2026-10-01T11:43:22Z","EFFIS – Copernicus Emergency Management Service","https://forest-fire.emergency.copernicus.eu/apps/effis.csv/","FireMap.live","https://firemap.live/"
"effis-ba-781853","EFFIS-brandgebied",50.956581585654,31.0188980710278,"Verbrand gebied in Oekraïne","Niet beschikbaar","Niet beschikbaar","UA","Oekraïne","Oekraïne","Afgelopen 3 dagen bijgewerkt","EFFIS heeft dit gebied één tot drie dagen geleden bijgewerkt.",2,"#E07154",59,"59 hectare",1.24,"23 september 2026 om 00:00","23 september 2026","2026-09-22T22:00:00Z","28 september 2026 om 08:29","2026-09-28T06:29:34Z",3,"5 dagen tussen registraties","Uitgedoofd","0","0","Laag","Ja","1 oktober 2026 om 13:40","2026-10-01T11:40:58.303Z","2026-10-01T11:43:23Z","Nee","Niet beschikbaar","Niet beschikbaar",,,"2026-10-01T11:43:22Z","EFFIS – Copernicus Emergency Management Service","https://forest-fire.emergency.copernicus.eu/apps/effis.csv/","FireMap.live","https://firemap.live/"
"effis-ba-781850","EFFIS-brandgebied",44.7179758664986,22.7650409209136,"Malovăţ","Malovăţ","Mehedinţi","RO","Roemenië","Roemenië, Mehedinţi","Afgelopen 3 dagen bijgewerkt","EFFIS heeft dit gebied één tot drie dagen geleden bijgewerkt.",2,"#E07154",25,"25 hectare",1.05,"22 september 2026 om 00:00","22 september 2026","2026-09-21T22:00:00Z","28 september 2026 om 08:29","2026-09-28T06:29:10Z",3,"6 dagen tussen registraties","Uitgedoofd","0","0","Hoog","Ja","1 oktober 2026 om 13:40","2026-10-01T11:40:58.323Z","2026-10-01T11:43:23Z","Nee","Niet beschikbaar","Niet beschikbaar",,,"2026-10-01T11:43:22Z","EFFIS – Copernicus Emergency Management Service","https://forest-fire.emergency.copernicus.eu/apps/effis.csv/","FireMap.live","https://firemap.live/"
"effis-ba-781819","EFFIS-brandgebied",44.7437768249618,22.381184888626,"Municipiul Orşova","Municipiul Orşova","Mehedinţi","RO","Roemenië","Roemenië, Mehedinţi","Afgelopen 3 dagen bijgewerkt","EFFIS heeft dit gebied één tot drie dagen geleden bijgewerkt.",2,"#E07154",33,"33 hectare",1.11,"21 september 2026 om 18:38","21 september 2026","2026-09-21T16:38:00Z","28 september 2026 om 08:28","2026-09-28T06:28:14Z",3,"6 dagen tussen registraties","Onder controle","0","Niet beschikbaar","Hoog","Ja","1 oktober 2026 om 13:40","2026-10-01T11:40:58.324Z","2026-10-01T11:43:23Z","Nee","Niet beschikbaar","Niet beschikbaar",,,"2026-10-01T11:43:22Z","EFFIS – Copernicus Emergency Management Service","https://forest-fire.emergency.copernicus.eu/apps/effis.csv/","FireMap.live","https://firemap.live/"
"effis-ba-781818","EFFIS-brandgebied",44.7512291878084,22.3560862452178,"Topleţ","Topleţ","Caraş-Severin","RO","Roemenië","Roemenië, Caraş-Severin","Afgelopen 3 dagen bijgewerkt","EFFIS heeft dit gebied één tot drie dagen geleden bijgewerkt.",2,"#E07154",11,"11 hectare",0.87,"22 september 2026 om 00:03","22 september 2026","2026-09-21T22:03:00Z","28 september 2026 om 08:27","2026-09-28T06:27:28Z",3,"6 dagen tussen registraties","Niet onder controle","1","Niet beschikbaar","Hoog","Ja","1 oktober 2026 om 13:40","2026-10-01T11:40:58.319Z","2026-10-01T11:43:23Z","Nee","Niet beschikbaar","Niet beschikbaar",,,"2026-10-01T11:43:22Z","EFFIS – Copernicus Emergency Management Service","https://forest-fire.emergency.copernicus.eu/apps/effis.csv/","FireMap.live","https://firemap.live/"
"effis-ba-781817","EFFIS-brandgebied",44.7547469815361,22.3567984112953,"Topleţ","Topleţ","Caraş-Severin","RO","Roemenië","Roemenië, Caraş-Severin","Afgelopen 3 dagen bijgewerkt","EFFIS heeft dit gebied één tot drie dagen geleden bijgewerkt.",2,"#E07154",3,"3 hectare",0.59,"22 september 2026 om 00:03","22 september 2026","2026-09-21T22:03:00Z","28 september 2026 om 08:26","2026-09-28T06:26:42Z",3,"6 dagen tussen registraties","Niet onder controle","1","Niet beschikbaar","Hoog","Ja","1 oktober 2026 om 13:40","2026-10-01T11:40:58.319Z","2026-10-01T11:43:23Z","Nee","Niet beschikbaar","Niet beschikbaar",,,"2026-10-01T11:43:22Z","EFFIS – Copernicus Emergency Management Service","https://forest-fire.emergency.copernicus.eu/apps/effis.csv/","FireMap.live","https://firemap.live/"
"effis-ba-781816","EFFIS-brandgebied",44.7562723696739,22.3611093037855,"Topleţ","Topleţ","Caraş-Severin","RO","Roemenië","Roemenië, Caraş-Severin","Afgelopen 3 dagen bijgewerkt","EFFIS heeft dit gebied één tot drie dagen geleden bijgewerkt.",2,"#E07154",2,"2 hectare",0.5,"22 september 2026 om 00:03","22 september 2026","2026-09-21T22:03:00Z","28 september 2026 om 08:26","2026-09-28T06:26:21Z",3,"6 dagen tussen registraties","Niet onder controle","1","Niet beschikbaar","Hoog","Ja","1 oktober 2026 om 13:40","2026-10-01T11:40:58.319Z","2026-10-01T11:43:23Z","Nee","Niet beschikbaar","Niet beschikbaar",,,"2026-10-01T11:43:22Z","EFFIS – Copernicus Emergency Management Service","https://forest-fire.emergency.copernicus.eu/apps/effis.csv/","FireMap.live","https://firemap.live/"
"effis-ba-781814","EFFIS-brandgebied",44.7563891792811,22.3681167118545,"Topleţ","Topleţ","Caraş-Severin","RO","Roemenië","Roemenië, Caraş-Severin","Afgelopen 3 dagen bijgewerkt","EFFIS heeft dit gebied één tot drie dagen geleden bijgewerkt.",2,"#E07154",16,"16 hectare",0.95,"14 september 2026 om 00:00","14 september 2026","2026-09-13T22:00:00Z","28 september 2026 om 08:25","2026-09-28T06:25:59Z",3,"14 dagen tussen registraties","Niet beschikbaar","Niet beschikbaar","Niet beschikbaar","Niet beschikbaar","Nee","Niet beschikbaar",,,"Nee","Niet beschikbaar","Niet beschikbaar",,,"2026-10-01T11:43:22Z","EFFIS – Copernicus Emergency Management Service","https://forest-fire.emergency.copernicus.eu/apps/effis.csv/","",""
"effis-ba-781815","EFFIS-brandgebied",44.7524001443498,22.371573819336,"Municipiul Orşova","Municipiul Orşova","Mehedinţi","RO","Roemenië","Roemenië, Mehedinţi","Afgelopen 3 dagen bijgewerkt","EFFIS heeft dit gebied één tot drie dagen geleden bijgewerkt.",2,"#E07154",2,"2 hectare",0.5,"14 september 2026 om 00:00","14 september 2026","2026-09-13T22:00:00Z","28 september 2026 om 08:25","2026-09-28T06:25:59Z",3,"14 dagen tussen registraties","Niet beschikbaar","Niet beschikbaar","Niet beschikbaar","Niet beschikbaar","Nee","Niet beschikbaar",,,"Nee","Niet beschikbaar","Niet beschikbaar",,,"2026-10-01T11:43:22Z","EFFIS – Copernicus Emergency Management Service","https://forest-fire.emergency.copernicus.eu/apps/effis.csv/","",""
"effis-ba-781813","EFFIS-brandgebied",51.2650552456289,30.0137025528274,"Verbrand gebied in Oekraïne","Niet beschikbaar","Niet beschikbaar","UA","Oekraïne","Oekraïne","Afgelopen 3 dagen bijgewerkt","EFFIS heeft dit gebied één tot drie dagen geleden bijgewerkt.",2,"#E07154",5,"5 hectare",0.7,"25 september 2026 om 00:00","25 september 2026","2026-09-24T22:00:00Z","28 september 2026 om 08:25","2026-09-28T06:25:14Z",3,"3 dagen tussen registraties","Uitgedoofd","0","0","Laag","Ja","1 oktober 2026 om 13:40","2026-10-01T11:40:58.284Z","2026-10-01T11:43:23Z","Nee","Niet beschikbaar","Niet beschikbaar",,,"2026-10-01T11:43:22Z","EFFIS – Copernicus Emergency Management Service","https://forest-fire.emergency.copernicus.eu/apps/effis.csv/","FireMap.live","https://firemap.live/"
"effis-ba-781797","EFFIS-brandgebied",44.7609371484256,22.3716150934946,"Topleţ","Topleţ","Caraş-Severin","RO","Roemenië","Roemenië, Caraş-Severin","Afgelopen 3 dagen bijgewerkt","EFFIS heeft dit gebied één tot drie dagen geleden bijgewerkt.",2,"#E07154",36,"36 hectare",1.13,"14 september 2026 om 13:27","14 september 2026","2026-09-14T11:27:00Z","28 september 2026 om 08:23","2026-09-28T06:23:54Z",3,"13 dagen tussen registraties","Niet beschikbaar","Niet beschikbaar","Niet beschikbaar","Niet beschikbaar","Nee","Niet beschikbaar",,,"Nee","Niet beschikbaar","Niet beschikbaar",,,"2026-10-01T11:43:22Z","EFFIS – Copernicus Emergency Management Service","https://forest-fire.emergency.copernicus.eu/apps/effis.csv/","",""
"effis-ba-781743","EFFIS-brandgebied",40.0799484113875,19.7723613439033,"Himarë","Himarë","Vlorë","AL","Albanië","Albanië, Vlorë","Afgelopen 3 dagen bijgewerkt","EFFIS heeft dit gebied één tot drie dagen geleden bijgewerkt.",2,"#E07154",27,"27 hectare",1.07,"23 september 2026 om 11:28","23 september 2026","2026-09-23T09:28:00Z","28 september 2026 om 08:16","2026-09-28T06:16:32Z",3,"4 dagen tussen registraties","Uitgedoofd","0","0","Laag","Ja","1 oktober 2026 om 13:40","2026-10-01T11:40:58.298Z","2026-10-01T11:43:23Z","Nee","Niet beschikbaar","Niet beschikbaar",,,"2026-10-01T11:43:22Z","EFFIS – Copernicus Emergency Management Service","https://forest-fire.emergency.copernicus.eu/apps/effis.csv/","FireMap.live","https://firemap.live/"
"effis-ba-781728","EFFIS-brandgebied",48.499964134779,38.5463490007116,"Verbrand gebied in Oekraïne","Niet beschikbaar","Niet beschikbaar","UA","Oekraïne","Oekraïne","Afgelopen 3 dagen bijgewerkt","EFFIS heeft dit gebied één tot drie dagen geleden bijgewerkt.",2,"#E07154",12,"12 hectare",0.89,"14 september 2026 om 00:00","14 september 2026","2026-09-13T22:00:00Z","28 september 2026 om 08:14","2026-09-28T06:14:36Z",3,"14 dagen tussen registraties","Niet beschikbaar","Niet beschikbaar","Niet beschikbaar","Niet beschikbaar","Nee","Niet beschikbaar",,,"Nee","Niet beschikbaar","Niet beschikbaar",,,"2026-10-01T11:43:22Z","EFFIS – Copernicus Emergency Management Service","https://forest-fire.emergency.copernicus.eu/apps/effis.csv/","",""
"effis-ba-781655","EFFIS-brandgebied",41.4616245677604,19.7795651900323,"Krujë","Krujë","Durrës","AL","Albanië","Albanië, Durrës","Afgelopen 3 dagen bijgewerkt","EFFIS heeft dit gebied één tot drie dagen geleden bijgewerkt.",2,"#E07154",97,"97 hectare",1.34,"24 september 2026 om 00:33","24 september 2026","2026-09-23T22:33:00Z","28 september 2026 om 08:13","2026-09-28T06:13:49Z",3,"4 dagen tussen registraties","Onder controle","0","2","Hoog","Ja","1 oktober 2026 om 13:40","2026-10-01T11:40:58.290Z","2026-10-01T11:43:23Z","Nee","Niet beschikbaar","Niet beschikbaar",,,"2026-10-01T11:43:22Z","EFFIS – Copernicus Emergency Management Service","https://forest-fire.emergency.copernicus.eu/apps/effis.csv/","FireMap.live","https://firemap.live/"
"effis-ba-781654","EFFIS-brandgebied",48.5235253209168,38.5274686562592,"Verbrand gebied in Oekraïne","Niet beschikbaar","Niet beschikbaar","UA","Oekraïne","Oekraïne","Afgelopen 3 dagen bijgewerkt","EFFIS heeft dit gebied één tot drie dagen geleden bijgewerkt.",2,"#E07154",13,"13 hectare",0.91,"14 september 2026 om 00:00","14 september 2026","2026-09-13T22:00:00Z","28 september 2026 om 08:12","2026-09-28T06:12:59Z",3,"14 dagen tussen registraties","Niet beschikbaar","Niet beschikbaar","Niet beschikbaar","Niet beschikbaar","Nee","Niet beschikbaar",,,"Nee","Niet beschikbaar","Niet beschikbaar",,,"2026-10-01T11:43:22Z","EFFIS – Copernicus Emergency Management Service","https://forest-fire.emergency.copernicus.eu/apps/effis.csv/","",""
"effis-ba-781641","EFFIS-brandgebied",45.4913625209647,33.0679026796493,"Verbrand gebied in Oekraïne","Niet beschikbaar","Niet beschikbaar","UA","Oekraïne","Oekraïne","Afgelopen 3 dagen bijgewerkt","EFFIS heeft dit gebied één tot drie dagen geleden bijgewerkt.",2,"#E07154",8,"8 hectare",0.8,"17 september 2026 om 00:00","17 september 2026","2026-09-16T22:00:00Z","28 september 2026 om 08:11","2026-09-28T06:11:42Z",3,"11 dagen tussen registraties","Niet beschikbaar","Niet beschikbaar","Niet beschikbaar","Niet beschikbaar","Nee","Niet beschikbaar",,,"Nee","Niet beschikbaar","Niet beschikbaar",,,"2026-10-01T11:43:22Z","EFFIS – Copernicus Emergency Management Service","https://forest-fire.emergency.copernicus.eu/apps/effis.csv/","",""
"effis-ba-781639","EFFIS-brandgebied",51.7813808978619,34.1987721860933,"Verbrand gebied in Oekraïne","Niet beschikbaar","Niet beschikbaar","UA","Oekraïne","Oekraïne","Afgelopen 3 dagen bijgewerkt","EFFIS heeft dit gebied één tot drie dagen geleden bijgewerkt.",2,"#E07154",116,"116 hectare",1.38,"17 september 2026 om 08:11","17 september 2026","2026-09-17T06:11:00Z","28 september 2026 om 08:10","2026-09-28T06:10:52Z",3,"10 dagen tussen registraties","Niet beschikbaar","Niet beschikbaar","Niet beschikbaar","Niet beschikbaar","Nee","Niet beschikbaar",,,"Nee","Niet beschikbaar","Niet beschikbaar",,,"2026-10-01T11:43:22Z","EFFIS – Copernicus Emergency Management Service","https://forest-fire.emergency.copernicus.eu/apps/effis.csv/","",""
"effis-ba-781505","EFFIS-brandgebied",50.1754119699712,24.8753921261051,"Verbrand gebied in Oekraïne","Niet beschikbaar","Niet beschikbaar","UA","Oekraïne","Oekraïne","Afgelopen 3 dagen bijgewerkt","EFFIS heeft dit gebied één tot drie dagen geleden bijgewerkt.",2,"#E07154",43,"43 hectare",1.17,"19 september 2026 om 00:00","19 september 2026","2026-09-18T22:00:00Z","28 september 2026 om 08:00","2026-09-28T06:00:00Z",3,"9 dagen tussen registraties","Uitgedoofd","0","0","Laag","Ja","1 oktober 2026 om 13:40","2026-10-01T11:40:58.356Z","2026-10-01T11:43:23Z","Nee","Niet beschikbaar","Niet beschikbaar",,,"2026-10-01T11:43:22Z","EFFIS – Copernicus Emergency Management Service","https://forest-fire.emergency.copernicus.eu/apps/effis.csv/","FireMap.live","https://firemap.live/"
"effis-ba-781504","EFFIS-brandgebied",48.5087617811986,22.7811325953185,"Verbrand gebied in Oekraïne","Niet beschikbaar","Niet beschikbaar","UA","Oekraïne","Oekraïne","Afgelopen 3 dagen bijgewerkt","EFFIS heeft dit gebied één tot drie dagen geleden bijgewerkt.",2,"#E07154",23,"23 hectare",1.03,"20 september 2026 om 11:32","20 september 2026","2026-09-20T09:32:00Z","28 september 2026 om 07:59","2026-09-28T05:59:24Z",3,"7 dagen tussen registraties","Uitgedoofd","0","0","Gemiddeld","Ja","1 oktober 2026 om 13:40","2026-10-01T11:40:58.336Z","2026-10-01T11:43:23Z","Nee","Niet beschikbaar","Niet beschikbaar",,,"2026-10-01T11:43:22Z","EFFIS – Copernicus Emergency Management Service","https://forest-fire.emergency.copernicus.eu/apps/effis.csv/","FireMap.live","https://firemap.live/"
"effis-ba-781494","EFFIS-brandgebied",41.6908773937724,19.7180441572326,"Kurbin","Kurbin","Lezhë","AL","Albanië","Albanië, Lezhë","Afgelopen 3 dagen bijgewerkt","EFFIS heeft dit gebied één tot drie dagen geleden bijgewerkt.",2,"#E07154",5,"5 hectare",0.7,"8 september 2026 om 00:33","8 september 2026","2026-09-07T22:33:00Z","28 september 2026 om 07:48","2026-09-28T05:48:10Z",3,"20 dagen tussen registraties","Niet beschikbaar","Niet beschikbaar","Niet beschikbaar","Niet beschikbaar","Nee","Niet beschikbaar",,,"Nee","Niet beschikbaar","Niet beschikbaar",,,"2026-10-01T11:43:22Z","EFFIS – Copernicus Emergency Management Service","https://forest-fire.emergency.copernicus.eu/apps/effis.csv/","",""
"effis-ba-781493","EFFIS-brandgebied",42.2882950511629,19.3151795352487,"Црна Гора","Niet beschikbaar","Црна Гора","ME","Montenegro","Montenegro, Црна Гора","Afgelopen 3 dagen bijgewerkt","EFFIS heeft dit gebied één tot drie dagen geleden bijgewerkt.",2,"#E07154",7,"7 hectare",0.77,"23 september 2026 om 00:00","23 september 2026","2026-09-22T22:00:00Z","28 september 2026 om 07:46","2026-09-28T05:46:56Z",3,"5 dagen tussen registraties","Onder controle","0","1","Hoog","Ja","1 oktober 2026 om 13:40","2026-10-01T11:40:58.304Z","2026-10-01T11:43:23Z","Nee","Niet beschikbaar","Niet beschikbaar",,,"2026-10-01T11:43:22Z","EFFIS – Copernicus Emergency Management Service","https://forest-fire.emergency.copernicus.eu/apps/effis.csv/","FireMap.live","https://firemap.live/"
"effis-ba-781484","EFFIS-brandgebied",42.2688556969601,19.2713897437386,"Црна Гора","Niet beschikbaar","Црна Гора","ME","Montenegro","Montenegro, Црна Гора","Afgelopen 3 dagen bijgewerkt","EFFIS heeft dit gebied één tot drie dagen geleden bijgewerkt.",2,"#E07154",3,"3 hectare",0.59,"24 september 2026 om 00:00","24 september 2026","2026-09-23T22:00:00Z","28 september 2026 om 07:29","2026-09-28T05:29:41Z",3,"4 dagen tussen registraties","Onder controle","0","1","Hoog","Ja","1 oktober 2026 om 13:40","2026-10-01T11:40:58.292Z","2026-10-01T11:43:23Z","Nee","Niet beschikbaar","Niet beschikbaar",,,"2026-10-01T11:43:22Z","EFFIS – Copernicus Emergency Management Service","https://forest-fire.emergency.copernicus.eu/apps/effis.csv/","FireMap.live","https://firemap.live/"
"effis-ba-781417","EFFIS-brandgebied",42.714092997066,2.00091845684429,"Mijanès","Mijanès","Ariège","FR","Frankrijk","Frankrijk, Ariège","Afgelopen 3 dagen bijgewerkt","EFFIS heeft dit gebied één tot drie dagen geleden bijgewerkt.",2,"#E07154",24,"24 hectare",1.04,"24 september 2026 om 11:55","24 september 2026","2026-09-24T09:55:00Z","28 september 2026 om 07:12","2026-09-28T05:12:16Z",3,"3 dagen tussen registraties","Onder controle","0","Niet beschikbaar","Laag","Ja","1 oktober 2026 om 13:40","2026-10-01T11:40:58.286Z","2026-10-01T11:43:23Z","Nee","Niet beschikbaar","Niet beschikbaar",,,"2026-10-01T11:43:22Z","EFFIS – Copernicus Emergency Management Service","https://forest-fire.emergency.copernicus.eu/apps/effis.csv/","FireMap.live","https://firemap.live/"
"effis-ba-781416","EFFIS-brandgebied",44.5677425315396,4.12582470578604,"Dompnac","Dompnac","Ardèche","FR","Frankrijk","Frankrijk, Ardèche","Afgelopen 3 dagen bijgewerkt","EFFIS heeft dit gebied één tot drie dagen geleden bijgewerkt.",2,"#E07154",10,"10 hectare",0.85,"26 september 2026 om 14:29","26 september 2026","2026-09-26T12:29:00Z","28 september 2026 om 07:10","2026-09-28T05:10:47Z",3,"1 dag tussen registraties","Onder controle","0","1","Laag","Ja","1 oktober 2026 om 13:40","2026-10-01T11:40:58.278Z","2026-10-01T11:43:23Z","Nee","Niet beschikbaar","Niet beschikbaar",,,"2026-10-01T11:43:22Z","EFFIS – Copernicus Emergency Management Service","https://forest-fire.emergency.copernicus.eu/apps/effis.csv/","FireMap.live","https://firemap.live/"
"effis-ba-781364","EFFIS-brandgebied",41.4436058585716,13.996411289954,"San Pietro Infine","San Pietro Infine","Caserta","IT","Italië","Italië, Caserta","Afgelopen 3 dagen bijgewerkt","EFFIS heeft dit gebied één tot drie dagen geleden bijgewerkt.",2,"#E07154",3,"3 hectare",0.59,"25 september 2026 om 19:36","25 september 2026","2026-09-25T17:36:00Z","28 september 2026 om 07:06","2026-09-28T05:06:43Z",3,"2 dagen tussen registraties","Onder controle","0","2","Hoog","Ja","1 oktober 2026 om 13:40","2026-10-01T11:40:58.281Z","2026-10-01T11:43:23Z","Nee","Niet beschikbaar","Niet beschikbaar",,,"2026-10-01T11:43:22Z","EFFIS – Copernicus Emergency Management Service","https://forest-fire.emergency.copernicus.eu/apps/effis.csv/","FireMap.live","https://firemap.live/"
"effis-ba-781363","EFFIS-brandgebied",41.4458642697139,14.0082800785594,"Venafro","Venafro","Isernia","IT","Italië","Italië, Isernia","Afgelopen 3 dagen bijgewerkt","EFFIS heeft dit gebied één tot drie dagen geleden bijgewerkt.",2,"#E07154",45,"45 hectare",1.18,"25 september 2026 om 19:36","25 september 2026","2026-09-25T17:36:00Z","28 september 2026 om 07:06","2026-09-28T05:06:25Z",3,"2 dagen tussen registraties","Onder controle","0","2","Hoog","Ja","1 oktober 2026 om 13:40","2026-10-01T11:40:58.281Z","2026-10-01T11:43:23Z","Nee","Niet beschikbaar","Niet beschikbaar",,,"2026-10-01T11:43:22Z","EFFIS – Copernicus Emergency Management Service","https://forest-fire.emergency.copernicus.eu/apps/effis.csv/","FireMap.live","https://firemap.live/"
"effis-ba-781304","EFFIS-brandgebied",40.1039526796547,15.5159318495079,"Santa Marina","Santa Marina","Salerno","IT","Italië","Italië, Salerno","Afgelopen 3 dagen bijgewerkt","EFFIS heeft dit gebied één tot drie dagen geleden bijgewerkt.",2,"#E07154",3,"3 hectare",0.59,"24 september 2026 om 00:00","24 september 2026","2026-09-23T22:00:00Z","28 september 2026 om 07:03","2026-09-28T05:03:08Z",3,"4 dagen tussen registraties","Niet onder controle","1","Niet beschikbaar","Hoog","Ja","1 oktober 2026 om 13:40","2026-10-01T11:40:58.291Z","2026-10-01T11:43:23Z","Nee","Niet beschikbaar","Niet beschikbaar",,,"2026-10-01T11:43:22Z","EFFIS – Copernicus Emergency Management Service","https://forest-fire.emergency.copernicus.eu/apps/effis.csv/","FireMap.live","https://firemap.live/"
"effis-ba-781303","EFFIS-brandgebied",40.1096438118514,15.5231532033584,"Santa Marina","Santa Marina","Salerno","IT","Italië","Italië, Salerno","Afgelopen 3 dagen bijgewerkt","EFFIS heeft dit gebied één tot drie dagen geleden bijgewerkt.",2,"#E07154",4,"4 hectare",0.65,"24 september 2026 om 12:32","24 september 2026","2026-09-24T10:32:00Z","28 september 2026 om 07:02","2026-09-28T05:02:49Z",3,"3 dagen tussen registraties","Onder controle","0","1","Hoog","Ja","1 oktober 2026 om 13:40","2026-10-01T11:40:58.286Z","2026-10-01T11:43:23Z","Nee","Niet beschikbaar","Niet beschikbaar",,,"2026-10-01T11:43:22Z","EFFIS – Copernicus Emergency Management Service","https://forest-fire.emergency.copernicus.eu/apps/effis.csv/","FireMap.live","https://firemap.live/"
"effis-ba-781200","EFFIS-brandgebied",39.8459929466376,15.805738088975,"San Nicola Arcella","San Nicola Arcella","Cosenza","IT","Italië","Italië, Cosenza","Afgelopen 3 dagen bijgewerkt","EFFIS heeft dit gebied één tot drie dagen geleden bijgewerkt.",2,"#E07154",10,"10 hectare",0.85,"24 september 2026 om 00:00","24 september 2026","2026-09-23T22:00:00Z","28 september 2026 om 07:01","2026-09-28T05:01:05Z",3,"4 dagen tussen registraties","Uitgedoofd","0","0","Gemiddeld","Ja","1 oktober 2026 om 13:40","2026-10-01T11:40:58.293Z","2026-10-01T11:43:23Z","Nee","Niet beschikbaar","Niet beschikbaar",,,"2026-10-01T11:43:22Z","EFFIS – Copernicus Emergency Management Service","https://forest-fire.emergency.copernicus.eu/apps/effis.csv/","FireMap.live","https://firemap.live/"
"effis-ba-781149","EFFIS-brandgebied",39.7265788451575,15.8389411730561,"Grisolia","Grisolia","Cosenza","IT","Italië","Italië, Cosenza","Afgelopen 3 dagen bijgewerkt","EFFIS heeft dit gebied één tot drie dagen geleden bijgewerkt.",2,"#E07154",39,"39 hectare",1.15,"23 september 2026 om 11:10","23 september 2026","2026-09-23T09:10:00Z","28 september 2026 om 07:00","2026-09-28T05:00:15Z",3,"4 dagen tussen registraties","Uitgedoofd","0","0","Gemiddeld","Ja","1 oktober 2026 om 13:40","2026-10-01T11:40:58.299Z","2026-10-01T11:43:23Z","Nee","Niet beschikbaar","Niet beschikbaar",,,"2026-10-01T11:43:22Z","EFFIS – Copernicus Emergency Management Service","https://forest-fire.emergency.copernicus.eu/apps/effis.csv/","FireMap.live","https://firemap.live/"
"effis-ba-781147","EFFIS-brandgebied",39.1339380488554,16.096917939033,"Amantea","Amantea","Cosenza","IT","Italië","Italië, Cosenza","Afgelopen 3 dagen bijgewerkt","EFFIS heeft dit gebied één tot drie dagen geleden bijgewerkt.",2,"#E07154",13,"13 hectare",0.91,"24 september 2026 om 00:00","24 september 2026","2026-09-23T22:00:00Z","28 september 2026 om 06:58","2026-09-28T04:58:54Z",3,"4 dagen tussen registraties","Uitgedoofd","0","0","Gemiddeld","Ja","1 oktober 2026 om 13:40","2026-10-01T11:40:58.292Z","2026-10-01T11:43:23Z","Nee","Niet beschikbaar","Niet beschikbaar",,,"2026-10-01T11:43:22Z","EFFIS – Copernicus Emergency Management Service","https://forest-fire.emergency.copernicus.eu/apps/effis.csv/","FireMap.live","https://firemap.live/"
"effis-ba-781146","EFFIS-brandgebied",39.1109221465004,17.0241102418208,"Scandale","Scandale","Crotone","IT","Italië","Italië, Crotone","Afgelopen 3 dagen bijgewerkt","EFFIS heeft dit gebied één tot drie dagen geleden bijgewerkt.",2,"#E07154",30,"30 hectare",1.09,"24 september 2026 om 11:10","24 september 2026","2026-09-24T09:10:00Z","28 september 2026 om 06:57","2026-09-28T04:57:45Z",3,"3 dagen tussen registraties","Onder controle","0","1","Zeer hoog","Ja","1 oktober 2026 om 13:40","2026-10-01T11:40:58.287Z","2026-10-01T11:43:23Z","Nee","Niet beschikbaar","Niet beschikbaar",,,"2026-10-01T11:43:22Z","EFFIS – Copernicus Emergency Management Service","https://forest-fire.emergency.copernicus.eu/apps/effis.csv/","FireMap.live","https://firemap.live/"
"effis-ba-781145","EFFIS-brandgebied",38.5405269601529,16.5597681661134,"Santa Caterina dello Ionio","Santa Caterina dello Ionio","Catanzaro","IT","Italië","Italië, Catanzaro","Afgelopen 3 dagen bijgewerkt","EFFIS heeft dit gebied één tot drie dagen geleden bijgewerkt.",2,"#E07154",42,"42 hectare",1.16,"31 augustus 2026 om 11:57","31 augustus 2026","2026-08-31T09:57:00Z","28 september 2026 om 06:56","2026-09-28T04:56:34Z",3,"27 dagen tussen registraties","Niet beschikbaar","Niet beschikbaar","Niet beschikbaar","Niet beschikbaar","Nee","Niet beschikbaar",,,"Nee","Niet beschikbaar","Niet beschikbaar",,,"2026-10-01T11:43:22Z","EFFIS – Copernicus Emergency Management Service","https://forest-fire.emergency.copernicus.eu/apps/effis.csv/","",""
"effis-ba-781091","EFFIS-brandgebied",38.34883051659,16.4391009157458,"Caulonia","Caulonia","Reggio di Calabria","IT","Italië","Italië, Reggio di Calabria","Afgelopen 3 dagen bijgewerkt","EFFIS heeft dit gebied één tot drie dagen geleden bijgewerkt.",2,"#E07154",2,"2 hectare",0.5,"17 september 2026 om 08:18","17 september 2026","2026-09-17T06:18:00Z","28 september 2026 om 06:55","2026-09-28T04:55:26Z",3,"10 dagen tussen registraties","Niet beschikbaar","Niet beschikbaar","Niet beschikbaar","Niet beschikbaar","Nee","Niet beschikbaar",,,"Nee","Niet beschikbaar","Niet beschikbaar",,,"2026-10-01T11:43:22Z","EFFIS – Copernicus Emergency Management Service","https://forest-fire.emergency.copernicus.eu/apps/effis.csv/","",""
"effis-ba-781090","EFFIS-brandgebied",38.008676908806,16.0949611015392,"Bruzzano Zeffirio","Bruzzano Zeffirio","Reggio di Calabria","IT","Italië","Italië, Reggio di Calabria","Afgelopen 3 dagen bijgewerkt","EFFIS heeft dit gebied één tot drie dagen geleden bijgewerkt.",2,"#E07154",18,"18 hectare",0.98,"24 september 2026 om 11:53","24 september 2026","2026-09-24T09:53:00Z","28 september 2026 om 06:54","2026-09-28T04:54:49Z",3,"3 dagen tussen registraties","Onder controle","0","1","Laag","Ja","1 oktober 2026 om 13:40","2026-10-01T11:40:58.287Z","2026-10-01T11:43:23Z","Nee","Niet beschikbaar","Niet beschikbaar",,,"2026-10-01T11:43:22Z","EFFIS – Copernicus Emergency Management Service","https://forest-fire.emergency.copernicus.eu/apps/effis.csv/","FireMap.live","https://firemap.live/"
"effis-ba-781012","EFFIS-brandgebied",37.8228046102711,15.1713515695908,"Piedimonte Etneo","Piedimonte Etneo","Catania","IT","Italië","Italië, Catania","Afgelopen 3 dagen bijgewerkt","EFFIS heeft dit gebied één tot drie dagen geleden bijgewerkt.",2,"#E07154",13,"13 hectare",0.91,"24 september 2026 om 11:53","24 september 2026","2026-09-24T09:53:00Z","28 september 2026 om 06:52","2026-09-28T04:52:48Z",3,"3 dagen tussen registraties","Onder controle","0","1","Laag","Ja","1 oktober 2026 om 13:40","2026-10-01T11:40:58.286Z","2026-10-01T11:43:23Z","Nee","Niet beschikbaar","Niet beschikbaar",,,"2026-10-01T11:43:22Z","EFFIS – Copernicus Emergency Management Service","https://forest-fire.emergency.copernicus.eu/apps/effis.csv/","FireMap.live","https://firemap.live/"
"effis-ba-781001","EFFIS-brandgebied",38.0819468590769,12.6504662352219,"Custonaci","Custonaci","Trapani","IT","Italië","Italië, Trapani","Afgelopen 3 dagen bijgewerkt","EFFIS heeft dit gebied één tot drie dagen geleden bijgewerkt.",2,"#E07154",24,"24 hectare",1.04,"18 september 2026 om 12:06","18 september 2026","2026-09-18T10:06:00Z","28 september 2026 om 06:47","2026-09-28T04:47:51Z",3,"9 dagen tussen registraties","Uitgedoofd","0","0","Hoog","Ja","1 oktober 2026 om 13:40","2026-10-01T11:40:58.362Z","2026-10-01T11:43:23Z","Nee","Niet beschikbaar","Niet beschikbaar",,,"2026-10-01T11:43:22Z","EFFIS – Copernicus Emergency Management Service","https://forest-fire.emergency.copernicus.eu/apps/effis.csv/","FireMap.live","https://firemap.live/"
"effis-ba-769653","EFFIS-brandgebied",39.6726067781872,20.1050390829983,"Konispol","Konispol","Vlorë","AL","Albanië","Albanië, Vlorë","4–7 dagen geleden bijgewerkt","EFFIS heeft dit gebied vier tot zeven dagen geleden bijgewerkt.",3,"#FCD9BE",6,"6 hectare",0.74,"23 september 2026 om 12:51","23 september 2026","2026-09-23T10:51:00Z","25 september 2026 om 14:49","2026-09-25T12:49:11Z",6,"2 dagen tussen registraties","Uitgedoofd","0","0","Hoog","Ja","1 oktober 2026 om 13:40","2026-10-01T11:40:58.297Z","2026-10-01T11:43:23Z","Nee","Niet beschikbaar","Niet beschikbaar",,,"2026-10-01T11:43:22Z","EFFIS – Copernicus Emergency Management Service","https://forest-fire.emergency.copernicus.eu/apps/effis.csv/","FireMap.live","https://firemap.live/"
"effis-ba-769652","EFFIS-brandgebied",40.3721206408668,19.5402055858672,"Selenicë","Selenicë","Vlorë","AL","Albanië","Albanië, Vlorë","4–7 dagen geleden bijgewerkt","EFFIS heeft dit gebied vier tot zeven dagen geleden bijgewerkt.",3,"#FCD9BE",1,"1 hectare",0.35,"1 september 2026 om 00:00","1 september 2026","2026-08-31T22:00:00Z","25 september 2026 om 14:48","2026-09-25T12:48:21Z",6,"24 dagen tussen registraties","Niet beschikbaar","Niet beschikbaar","Niet beschikbaar","Niet beschikbaar","Nee","Niet beschikbaar",,,"Nee","Niet beschikbaar","Niet beschikbaar",,,"2026-10-01T11:43:22Z","EFFIS – Copernicus Emergency Management Service","https://forest-fire.emergency.copernicus.eu/apps/effis.csv/","",""
"effis-ba-769651","EFFIS-brandgebied",40.3695046183381,19.5363898010066,"Selenicë","Selenicë","Vlorë","AL","Albanië","Albanië, Vlorë","4–7 dagen geleden bijgewerkt","EFFIS heeft dit gebied vier tot zeven dagen geleden bijgewerkt.",3,"#FCD9BE",9,"9 hectare",0.83,"1 september 2026 om 10:45","1 september 2026","2026-09-01T08:45:00Z","25 september 2026 om 14:47","2026-09-25T12:47:59Z",6,"24 dagen tussen registraties","Niet beschikbaar","Niet beschikbaar","Niet beschikbaar","Niet beschikbaar","Nee","Niet beschikbaar",,,"Nee","Niet beschikbaar","Niet beschikbaar",,,"2026-10-01T11:43:22Z","EFFIS – Copernicus Emergency Management Service","https://forest-fire.emergency.copernicus.eu/apps/effis.csv/","",""
"effis-ba-769650","EFFIS-brandgebied",37.3890934529237,-8.42293909074519,"São Marcos da Serra","São Marcos da Serra","Algarve","PT","Portugal","Portugal, Algarve","4–7 dagen geleden bijgewerkt","EFFIS heeft dit gebied vier tot zeven dagen geleden bijgewerkt.",3,"#FCD9BE",514,"514 hectare",1.71,"24 september 2026 om 16:26","24 september 2026","2026-09-24T14:26:00Z","25 september 2026 om 14:44","2026-09-25T12:44:49Z",6,"Minder dan één dag tussen registraties","Niet beschikbaar","Niet beschikbaar","Niet beschikbaar","Niet beschikbaar","Nee","Niet beschikbaar",,,"Nee","Niet beschikbaar","Niet beschikbaar",,,"2026-10-01T11:43:22Z","EFFIS – Copernicus Emergency Management Service","https://forest-fire.emergency.copernicus.eu/apps/effis.csv/","",""
"effis-ba-769649","EFFIS-brandgebied",41.6593555067451,-8.69164072720277,"Mujães","Mujães","Alto Minho","PT","Portugal","Portugal, Alto Minho","4–7 dagen geleden bijgewerkt","EFFIS heeft dit gebied vier tot zeven dagen geleden bijgewerkt.",3,"#FCD9BE",57,"57 hectare",1.23,"22 september 2026 om 20:57","22 september 2026","2026-09-22T18:57:00Z","25 september 2026 om 14:40","2026-09-25T12:40:07Z",6,"2 dagen tussen registraties","Niet beschikbaar","Niet beschikbaar","Niet beschikbaar","Niet beschikbaar","Nee","Niet beschikbaar",,,"Nee","Niet beschikbaar","Niet beschikbaar",,,"2026-10-01T11:43:22Z","EFFIS – Copernicus Emergency Management Service","https://forest-fire.emergency.copernicus.eu/apps/effis.csv/","",""
"effis-ba-769648","EFFIS-brandgebied",41.9277631310685,-7.84232901063179,"Calvos de Randín","Calvos de Randín","Ourense","ES","Spanje","Spanje, Ourense","4–7 dagen geleden bijgewerkt","EFFIS heeft dit gebied vier tot zeven dagen geleden bijgewerkt.",3,"#FCD9BE",508,"508 hectare",1.7,"24 september 2026 om 12:32","24 september 2026","2026-09-24T10:32:00Z","25 september 2026 om 14:37","2026-09-25T12:37:56Z",6,"1 dag tussen registraties","Niet onder controle","0","Niet beschikbaar","Laag","Ja","1 oktober 2026 om 13:40","2026-10-01T11:40:58.286Z","2026-10-01T11:43:23Z","Nee","Niet beschikbaar","Niet beschikbaar",,,"2026-10-01T11:43:22Z","EFFIS – Copernicus Emergency Management Service","https://forest-fire.emergency.copernicus.eu/apps/effis.csv/","FireMap.live","https://firemap.live/"
"effis-ba-769647","EFFIS-brandgebied",40.7874900570105,-3.77749334814018,"Miraflores de la Sierra","Miraflores de la Sierra","Madrid","ES","Spanje","Spanje, Madrid","4–7 dagen geleden bijgewerkt","EFFIS heeft dit gebied vier tot zeven dagen geleden bijgewerkt.",3,"#FCD9BE",1,"1 hectare",0.35,"20 september 2026 om 00:00","20 september 2026","2026-09-19T22:00:00Z","25 september 2026 om 11:35","2026-09-25T09:35:18Z",6,"5 dagen tussen registraties","Uitgedoofd","0","0","Gemiddeld","Ja","1 oktober 2026 om 13:40","2026-10-01T11:40:58.344Z","2026-10-01T11:43:23Z","Nee","Niet beschikbaar","Niet beschikbaar",,,"2026-10-01T11:43:22Z","EFFIS – Copernicus Emergency Management Service","https://forest-fire.emergency.copernicus.eu/apps/effis.csv/","FireMap.live","https://firemap.live/"
"effis-ba-769646","EFFIS-brandgebied",40.1772072030634,-5.33315660991391,"Candeleda","Candeleda","Ávila","ES","Spanje","Spanje, Ávila","4–7 dagen geleden bijgewerkt","EFFIS heeft dit gebied vier tot zeven dagen geleden bijgewerkt.",3,"#FCD9BE",11,"11 hectare",0.87,"21 september 2026 om 13:48","21 september 2026","2026-09-21T11:48:00Z","25 september 2026 om 11:34","2026-09-25T09:34:00Z",6,"3 dagen tussen registraties","Uitgedoofd","0","0","Gemiddeld","Ja","1 oktober 2026 om 13:40","2026-10-01T11:40:58.324Z","2026-10-01T11:43:23Z","Nee","Niet beschikbaar","Niet beschikbaar",,,"2026-10-01T11:43:22Z","EFFIS – Copernicus Emergency Management Service","https://forest-fire.emergency.copernicus.eu/apps/effis.csv/","FireMap.live","https://firemap.live/"
"effis-ba-769645","EFFIS-brandgebied",38.7390600486907,-4.54882671113705,"Almodóvar del Campo","Almodóvar del Campo","Ciudad Real","ES","Spanje","Spanje, Ciudad Real","4–7 dagen geleden bijgewerkt","EFFIS heeft dit gebied vier tot zeven dagen geleden bijgewerkt.",3,"#FCD9BE",79,"79 hectare",1.3,"23 september 2026 om 15:50","23 september 2026","2026-09-23T13:50:00Z","25 september 2026 om 11:31","2026-09-25T09:31:44Z",6,"1 dag tussen registraties","Uitgedoofd","0","0","Hoog","Ja","1 oktober 2026 om 13:40","2026-10-01T11:40:58.295Z","2026-10-01T11:43:23Z","Nee","Niet beschikbaar","Niet beschikbaar",,,"2026-10-01T11:43:22Z","EFFIS – Copernicus Emergency Management Service","https://forest-fire.emergency.copernicus.eu/apps/effis.csv/","FireMap.live","https://firemap.live/"
"effis-ba-769644","EFFIS-brandgebied",38.6349581926095,-4.10673044443982,"Puertollano","Puertollano","Ciudad Real","ES","Spanje","Spanje, Ciudad Real","4–7 dagen geleden bijgewerkt","EFFIS heeft dit gebied vier tot zeven dagen geleden bijgewerkt.",3,"#FCD9BE",144,"144 hectare",1.43,"21 september 2026 om 13:48","21 september 2026","2026-09-21T11:48:00Z","25 september 2026 om 11:30","2026-09-25T09:30:46Z",6,"3 dagen tussen registraties","Uitgedoofd","0","0","Hoog","Ja","1 oktober 2026 om 13:40","2026-10-01T11:40:58.325Z","2026-10-01T11:43:23Z","Nee","Niet beschikbaar","Niet beschikbaar",,,"2026-10-01T11:43:22Z","EFFIS – Copernicus Emergency Management Service","https://forest-fire.emergency.copernicus.eu/apps/effis.csv/","FireMap.live","https://firemap.live/"
"effis-ba-769643","EFFIS-brandgebied",36.195061656754,5.63508841722722,"Verbrand gebied in Algerije","Niet beschikbaar","Niet beschikbaar","DZ","Algerije","Algerije","4–7 dagen geleden bijgewerkt","EFFIS heeft dit gebied vier tot zeven dagen geleden bijgewerkt.",3,"#FCD9BE",6,"6 hectare",0.74,"12 augustus 2026 om 00:39","12 augustus 2026","2026-08-11T22:39:00Z","25 september 2026 om 11:18","2026-09-25T09:18:12Z",6,"44 dagen tussen registraties","Niet beschikbaar","Niet beschikbaar","Niet beschikbaar","Niet beschikbaar","Nee","Niet beschikbaar",,,"Nee","Niet beschikbaar","Niet beschikbaar",,,"2026-10-01T11:43:22Z","EFFIS – Copernicus Emergency Management Service","https://forest-fire.emergency.copernicus.eu/apps/effis.csv/","",""
"effis-ba-769642","EFFIS-brandgebied",36.8252599215857,9.10320973387656,"Verbrand gebied in Tunesië","Niet beschikbaar","Niet beschikbaar","TN","Tunesië","Tunesië","4–7 dagen geleden bijgewerkt","EFFIS heeft dit gebied vier tot zeven dagen geleden bijgewerkt.",3,"#FCD9BE",10,"10 hectare",0.85,"22 augustus 2026 om 00:52","22 augustus 2026","2026-08-21T22:52:00Z","25 september 2026 om 11:05","2026-09-25T09:05:38Z",6,"34 dagen tussen registraties","Niet beschikbaar","Niet beschikbaar","Niet beschikbaar","Niet beschikbaar","Nee","Niet beschikbaar",,,"Nee","Niet beschikbaar","Niet beschikbaar",,,"2026-10-01T11:43:22Z","EFFIS – Copernicus Emergency Management Service","https://forest-fire.emergency.copernicus.eu/apps/effis.csv/","",""
"effis-ba-769641","EFFIS-brandgebied",36.7851258946412,9.14145527335983,"Verbrand gebied in Tunesië","Niet beschikbaar","Niet beschikbaar","TN","Tunesië","Tunesië","4–7 dagen geleden bijgewerkt","EFFIS heeft dit gebied vier tot zeven dagen geleden bijgewerkt.",3,"#FCD9BE",23,"23 hectare",1.03,"23 september 2026 om 12:12","23 september 2026","2026-09-23T10:12:00Z","25 september 2026 om 11:05","2026-09-25T09:05:11Z",6,"1 dag tussen registraties","Uitgedoofd","0","0","Hoog","Ja","1 oktober 2026 om 13:40","2026-10-01T11:40:58.298Z","2026-10-01T11:43:23Z","Nee","Niet beschikbaar","Niet beschikbaar",,,"2026-10-01T11:43:22Z","EFFIS – Copernicus Emergency Management Service","https://forest-fire.emergency.copernicus.eu/apps/effis.csv/","FireMap.live","https://firemap.live/"
"effis-ba-769640","EFFIS-brandgebied",36.9182244114374,9.56469008928745,"Verbrand gebied in Tunesië","Niet beschikbaar","Niet beschikbaar","TN","Tunesië","Tunesië","4–7 dagen geleden bijgewerkt","EFFIS heeft dit gebied vier tot zeven dagen geleden bijgewerkt.",3,"#FCD9BE",32,"32 hectare",1.1,"11 september 2026 om 00:00","11 september 2026","2026-09-10T22:00:00Z","25 september 2026 om 11:04","2026-09-25T09:04:16Z",6,"14 dagen tussen registraties","Niet beschikbaar","Niet beschikbaar","Niet beschikbaar","Niet beschikbaar","Nee","Niet beschikbaar",,,"Nee","Niet beschikbaar","Niet beschikbaar",,,"2026-10-01T11:43:22Z","EFFIS – Copernicus Emergency Management Service","https://forest-fire.emergency.copernicus.eu/apps/effis.csv/","",""
"effis-ba-769639","EFFIS-brandgebied",36.932996572374,9.51627703464153,"Verbrand gebied in Tunesië","Niet beschikbaar","Niet beschikbaar","TN","Tunesië","Tunesië","4–7 dagen geleden bijgewerkt","EFFIS heeft dit gebied vier tot zeven dagen geleden bijgewerkt.",3,"#FCD9BE",7,"7 hectare",0.77,"22 september 2026 om 13:27","22 september 2026","2026-09-22T11:27:00Z","25 september 2026 om 11:03","2026-09-25T09:03:28Z",6,"2 dagen tussen registraties","Uitgedoofd","0","0","Hoog","Ja","1 oktober 2026 om 13:40","2026-10-01T11:40:58.309Z","2026-10-01T11:43:23Z","Nee","Niet beschikbaar","Niet beschikbaar",,,"2026-10-01T11:43:22Z","EFFIS – Copernicus Emergency Management Service","https://forest-fire.emergency.copernicus.eu/apps/effis.csv/","FireMap.live","https://firemap.live/"
"effis-ba-769638","EFFIS-brandgebied",36.9303412232521,9.48959529257079,"Verbrand gebied in Tunesië","Niet beschikbaar","Niet beschikbaar","TN","Tunesië","Tunesië","4–7 dagen geleden bijgewerkt","EFFIS heeft dit gebied vier tot zeven dagen geleden bijgewerkt.",3,"#FCD9BE",60,"60 hectare",1.24,"16 september 2026 om 12:00","16 september 2026","2026-09-16T10:00:00Z","25 september 2026 om 11:03","2026-09-25T09:03:16Z",6,"8 dagen tussen registraties","Niet beschikbaar","Niet beschikbaar","Niet beschikbaar","Niet beschikbaar","Nee","Niet beschikbaar",,,"Nee","Niet beschikbaar","Niet beschikbaar",,,"2026-10-01T11:43:22Z","EFFIS – Copernicus Emergency Management Service","https://forest-fire.emergency.copernicus.eu/apps/effis.csv/","",""
"effis-ba-769636","EFFIS-brandgebied",36.9695906280231,9.50531758712442,"Verbrand gebied in Tunesië","Niet beschikbaar","Niet beschikbaar","TN","Tunesië","Tunesië","4–7 dagen geleden bijgewerkt","EFFIS heeft dit gebied vier tot zeven dagen geleden bijgewerkt.",3,"#FCD9BE",6,"6 hectare",0.74,"11 september 2026 om 00:00","11 september 2026","2026-09-10T22:00:00Z","25 september 2026 om 11:02","2026-09-25T09:02:41Z",6,"14 dagen tussen registraties","Niet beschikbaar","Niet beschikbaar","Niet beschikbaar","Niet beschikbaar","Nee","Niet beschikbaar",,,"Nee","Niet beschikbaar","Niet beschikbaar",,,"2026-10-01T11:43:22Z","EFFIS – Copernicus Emergency Management Service","https://forest-fire.emergency.copernicus.eu/apps/effis.csv/","",""
"effis-ba-769637","EFFIS-brandgebied",36.9691045992849,9.51305953099113,"Verbrand gebied in Tunesië","Niet beschikbaar","Niet beschikbaar","TN","Tunesië","Tunesië","4–7 dagen geleden bijgewerkt","EFFIS heeft dit gebied vier tot zeven dagen geleden bijgewerkt.",3,"#FCD9BE",4,"4 hectare",0.65,"11 september 2026 om 00:00","11 september 2026","2026-09-10T22:00:00Z","25 september 2026 om 11:02","2026-09-25T09:02:41Z",6,"14 dagen tussen registraties","Niet beschikbaar","Niet beschikbaar","Niet beschikbaar","Niet beschikbaar","Nee","Niet beschikbaar",,,"Nee","Niet beschikbaar","Niet beschikbaar",,,"2026-10-01T11:43:22Z","EFFIS – Copernicus Emergency Management Service","https://forest-fire.emergency.copernicus.eu/apps/effis.csv/","",""
"effis-ba-769634","EFFIS-brandgebied",36.9703202547434,9.47535827666238,"Verbrand gebied in Tunesië","Niet beschikbaar","Niet beschikbaar","TN","Tunesië","Tunesië","4–7 dagen geleden bijgewerkt","EFFIS heeft dit gebied vier tot zeven dagen geleden bijgewerkt.",3,"#FCD9BE",2,"2 hectare",0.5,"9 september 2026 om 20:53","9 september 2026","2026-09-09T18:53:00Z","25 september 2026 om 11:01","2026-09-25T09:01:35Z",6,"15 dagen tussen registraties","Niet beschikbaar","Niet beschikbaar","Niet beschikbaar","Niet beschikbaar","Nee","Niet beschikbaar",,,"Nee","Niet beschikbaar","Niet beschikbaar",,,"2026-10-01T11:43:22Z","EFFIS – Copernicus Emergency Management Service","https://forest-fire.emergency.copernicus.eu/apps/effis.csv/","",""
"effis-ba-769633","EFFIS-brandgebied",36.971414260039,9.47296879053698,"Verbrand gebied in Tunesië","Niet beschikbaar","Niet beschikbaar","TN","Tunesië","Tunesië","4–7 dagen geleden bijgewerkt","EFFIS heeft dit gebied vier tot zeven dagen geleden bijgewerkt.",3,"#FCD9BE",1,"1 hectare",0.35,"9 september 2026 om 20:53","9 september 2026","2026-09-09T18:53:00Z","25 september 2026 om 11:01","2026-09-25T09:01:23Z",6,"15 dagen tussen registraties","Niet beschikbaar","Niet beschikbaar","Niet beschikbaar","Niet beschikbaar","Nee","Niet beschikbaar",,,"Nee","Niet beschikbaar","Niet beschikbaar",,,"2026-10-01T11:43:22Z","EFFIS – Copernicus Emergency Management Service","https://forest-fire.emergency.copernicus.eu/apps/effis.csv/","",""
"effis-ba-769632","EFFIS-brandgebied",36.9178260209042,9.40968567862521,"Verbrand gebied in Tunesië","Niet beschikbaar","Niet beschikbaar","TN","Tunesië","Tunesië","4–7 dagen geleden bijgewerkt","EFFIS heeft dit gebied vier tot zeven dagen geleden bijgewerkt.",3,"#FCD9BE",6,"6 hectare",0.74,"22 september 2026 om 11:28","22 september 2026","2026-09-22T09:28:00Z","25 september 2026 om 11:00","2026-09-25T09:00:53Z",6,"2 dagen tussen registraties","Uitgedoofd","0","0","Hoog","Ja","1 oktober 2026 om 13:40","2026-10-01T11:40:58.315Z","2026-10-01T11:43:23Z","Nee","Niet beschikbaar","Niet beschikbaar",,,"2026-10-01T11:43:22Z","EFFIS – Copernicus Emergency Management Service","https://forest-fire.emergency.copernicus.eu/apps/effis.csv/","FireMap.live","https://firemap.live/"
"effis-ba-769631","EFFIS-brandgebied",36.8850408365162,9.52819374331516,"Verbrand gebied in Tunesië","Niet beschikbaar","Niet beschikbaar","TN","Tunesië","Tunesië","4–7 dagen geleden bijgewerkt","EFFIS heeft dit gebied vier tot zeven dagen geleden bijgewerkt.",3,"#FCD9BE",35,"35 hectare",1.12,"22 september 2026 om 11:28","22 september 2026","2026-09-22T09:28:00Z","25 september 2026 om 11:00","2026-09-25T09:00:20Z",6,"2 dagen tussen registraties","Uitgedoofd","0","0","Hoog","Ja","1 oktober 2026 om 13:40","2026-10-01T11:40:58.316Z","2026-10-01T11:43:23Z","Nee","Niet beschikbaar","Niet beschikbaar",,,"2026-10-01T11:43:22Z","EFFIS – Copernicus Emergency Management Service","https://forest-fire.emergency.copernicus.eu/apps/effis.csv/","FireMap.live","https://firemap.live/"
"effis-ba-769630","EFFIS-brandgebied",36.8503875231254,9.42736626869119,"Verbrand gebied in Tunesië","Niet beschikbaar","Niet beschikbaar","TN","Tunesië","Tunesië","4–7 dagen geleden bijgewerkt","EFFIS heeft dit gebied vier tot zeven dagen geleden bijgewerkt.",3,"#FCD9BE",14,"14 hectare",0.92,"7 september 2026 om 01:47","7 september 2026","2026-09-06T23:47:00Z","25 september 2026 om 10:59","2026-09-25T08:59:27Z",6,"18 dagen tussen registraties","Niet beschikbaar","Niet beschikbaar","Niet beschikbaar","Niet beschikbaar","Nee","Niet beschikbaar",,,"Nee","Niet beschikbaar","Niet beschikbaar",,,"2026-10-01T11:43:22Z","EFFIS – Copernicus Emergency Management Service","https://forest-fire.emergency.copernicus.eu/apps/effis.csv/","",""
"effis-ba-769629","EFFIS-brandgebied",47.6149423221834,35.748862793976,"Verbrand gebied in Oekraïne","Niet beschikbaar","Niet beschikbaar","UA","Oekraïne","Oekraïne","4–7 dagen geleden bijgewerkt","EFFIS heeft dit gebied vier tot zeven dagen geleden bijgewerkt.",3,"#FCD9BE",25,"25 hectare",1.05,"17 september 2026 om 00:00","17 september 2026","2026-09-16T22:00:00Z","25 september 2026 om 10:42","2026-09-25T08:42:44Z",6,"8 dagen tussen registraties","Niet beschikbaar","Niet beschikbaar","Niet beschikbaar","Niet beschikbaar","Nee","Niet beschikbaar",,,"Nee","Niet beschikbaar","Niet beschikbaar",,,"2026-10-01T11:43:22Z","EFFIS – Copernicus Emergency Management Service","https://forest-fire.emergency.copernicus.eu/apps/effis.csv/","",""
"effis-ba-769628","EFFIS-brandgebied",47.6704751597884,35.4969591918554,"Verbrand gebied in Oekraïne","Niet beschikbaar","Niet beschikbaar","UA","Oekraïne","Oekraïne","4–7 dagen geleden bijgewerkt","EFFIS heeft dit gebied vier tot zeven dagen geleden bijgewerkt.",3,"#FCD9BE",54,"54 hectare",1.22,"20 september 2026 om 09:05","20 september 2026","2026-09-20T07:05:00Z","25 september 2026 om 10:40","2026-09-25T08:40:19Z",6,"5 dagen tussen registraties","Uitgedoofd","0","0","Laag","Ja","1 oktober 2026 om 13:40","2026-10-01T11:40:58.342Z","2026-10-01T11:43:23Z","Nee","Niet beschikbaar","Niet beschikbaar",,,"2026-10-01T11:43:22Z","EFFIS – Copernicus Emergency Management Service","https://forest-fire.emergency.copernicus.eu/apps/effis.csv/","FireMap.live","https://firemap.live/"
"effis-ba-769627","EFFIS-brandgebied",48.6483018195316,39.0790852754092,"Verbrand gebied in Oekraïne","Niet beschikbaar","Niet beschikbaar","UA","Oekraïne","Oekraïne","4–7 dagen geleden bijgewerkt","EFFIS heeft dit gebied vier tot zeven dagen geleden bijgewerkt.",3,"#FCD9BE",29,"29 hectare",1.08,"19 september 2026 om 09:07","19 september 2026","2026-09-19T07:07:00Z","25 september 2026 om 10:37","2026-09-25T08:37:37Z",6,"6 dagen tussen registraties","Uitgedoofd","0","0","Gemiddeld","Ja","1 oktober 2026 om 13:40","2026-10-01T11:40:58.355Z","2026-10-01T11:43:23Z","Nee","Niet beschikbaar","Niet beschikbaar",,,"2026-10-01T11:43:22Z","EFFIS – Copernicus Emergency Management Service","https://forest-fire.emergency.copernicus.eu/apps/effis.csv/","FireMap.live","https://firemap.live/"
"effis-ba-769626","EFFIS-brandgebied",48.8608604354668,36.1961780428516,"Verbrand gebied in Oekraïne","Niet beschikbaar","Niet beschikbaar","UA","Oekraïne","Oekraïne","4–7 dagen geleden bijgewerkt","EFFIS heeft dit gebied vier tot zeven dagen geleden bijgewerkt.",3,"#FCD9BE",8,"8 hectare",0.8,"18 september 2026 om 10:28","18 september 2026","2026-09-18T08:28:00Z","25 september 2026 om 10:36","2026-09-25T08:36:58Z",6,"7 dagen tussen registraties","Uitgedoofd","0","0","Gemiddeld","Ja","1 oktober 2026 om 13:40","2026-10-01T11:40:58.366Z","2026-10-01T11:43:23Z","Nee","Niet beschikbaar","Niet beschikbaar",,,"2026-10-01T11:43:22Z","EFFIS – Copernicus Emergency Management Service","https://forest-fire.emergency.copernicus.eu/apps/effis.csv/","FireMap.live","https://firemap.live/"
"effis-ba-769625","EFFIS-brandgebied",47.9621165305647,36.3170870078732,"Verbrand gebied in Oekraïne","Niet beschikbaar","Niet beschikbaar","UA","Oekraïne","Oekraïne","4–7 dagen geleden bijgewerkt","EFFIS heeft dit gebied vier tot zeven dagen geleden bijgewerkt.",3,"#FCD9BE",18,"18 hectare",0.98,"17 april 2026 om 10:15","17 april 2026","2026-04-17T08:15:00Z","25 september 2026 om 10:25","2026-09-25T08:25:33Z",6,"161 dagen tussen registraties","Niet beschikbaar","Niet beschikbaar","Niet beschikbaar","Niet beschikbaar","Nee","Niet beschikbaar",,,"Nee","Niet beschikbaar","Niet beschikbaar",,,"2026-10-01T11:43:22Z","EFFIS – Copernicus Emergency Management Service","https://forest-fire.emergency.copernicus.eu/apps/effis.csv/","",""
"effis-ba-769623","EFFIS-brandgebied",47.954553120994,36.3169281966553,"Verbrand gebied in Oekraïne","Niet beschikbaar","Niet beschikbaar","UA","Oekraïne","Oekraïne","4–7 dagen geleden bijgewerkt","EFFIS heeft dit gebied vier tot zeven dagen geleden bijgewerkt.",3,"#FCD9BE",17,"17 hectare",0.97,"18 september 2026 om 09:43","18 september 2026","2026-09-18T07:43:00Z","25 september 2026 om 10:25","2026-09-25T08:25:33Z",6,"7 dagen tussen registraties","Uitgedoofd","0","0","Laag","Ja","1 oktober 2026 om 13:40","2026-10-01T11:40:58.369Z","2026-10-01T11:43:23Z","Nee","Niet beschikbaar","Niet beschikbaar",,,"2026-10-01T11:43:22Z","EFFIS – Copernicus Emergency Management Service","https://forest-fire.emergency.copernicus.eu/apps/effis.csv/","FireMap.live","https://firemap.live/"
"effis-ba-769624","EFFIS-brandgebied",47.959274779796,36.3142069809732,"Verbrand gebied in Oekraïne","Niet beschikbaar","Niet beschikbaar","UA","Oekraïne","Oekraïne","4–7 dagen geleden bijgewerkt","EFFIS heeft dit gebied vier tot zeven dagen geleden bijgewerkt.",3,"#FCD9BE",11,"11 hectare",0.87,"15 maart 2026 om 08:54","15 maart 2026","2026-03-15T07:54:00Z","25 september 2026 om 10:25","2026-09-25T08:25:33Z",6,"194 dagen tussen registraties","Niet beschikbaar","Niet beschikbaar","Niet beschikbaar","Niet beschikbaar","Nee","Niet beschikbaar",,,"Nee","Niet beschikbaar","Niet beschikbaar",,,"2026-10-01T11:43:22Z","EFFIS – Copernicus Emergency Management Service","https://forest-fire.emergency.copernicus.eu/apps/effis.csv/","",""
"effis-ba-769622","EFFIS-brandgebied",47.9752961241939,36.2911926531722,"Verbrand gebied in Oekraïne","Niet beschikbaar","Niet beschikbaar","UA","Oekraïne","Oekraïne","4–7 dagen geleden bijgewerkt","EFFIS heeft dit gebied vier tot zeven dagen geleden bijgewerkt.",3,"#FCD9BE",32,"32 hectare",1.1,"17 september 2026 om 00:16","17 september 2026","2026-09-16T22:16:00Z","25 september 2026 om 10:22","2026-09-25T08:22:13Z",6,"8 dagen tussen registraties","Niet beschikbaar","Niet beschikbaar","Niet beschikbaar","Niet beschikbaar","Nee","Niet beschikbaar",,,"Nee","Niet beschikbaar","Niet beschikbaar",,,"2026-10-01T11:43:22Z","EFFIS – Copernicus Emergency Management Service","https://forest-fire.emergency.copernicus.eu/apps/effis.csv/","",""
"effis-ba-769621","EFFIS-brandgebied",38.7609114087882,41.313429834856,"Muş","Niet beschikbaar","Muş","TR","Turkije","Turkije, Muş","4–7 dagen geleden bijgewerkt","EFFIS heeft dit gebied vier tot zeven dagen geleden bijgewerkt.",3,"#FCD9BE",13,"13 hectare",0.91,"6 september 2026 om 09:45","6 september 2026","2026-09-06T07:45:00Z","25 september 2026 om 09:55","2026-09-25T07:55:31Z",6,"19 dagen tussen registraties","Niet beschikbaar","Niet beschikbaar","Niet beschikbaar","Niet beschikbaar","Nee","Niet beschikbaar",,,"Nee","Niet beschikbaar","Niet beschikbaar",,,"2026-10-01T11:43:22Z","EFFIS – Copernicus Emergency Management Service","https://forest-fire.emergency.copernicus.eu/apps/effis.csv/","",""
"effis-ba-769620","EFFIS-brandgebied",47.7030149725556,35.616557899759,"Verbrand gebied in Oekraïne","Niet beschikbaar","Niet beschikbaar","UA","Oekraïne","Oekraïne","4–7 dagen geleden bijgewerkt","EFFIS heeft dit gebied vier tot zeven dagen geleden bijgewerkt.",3,"#FCD9BE",36,"36 hectare",1.13,"17 september 2026 om 00:00","17 september 2026","2026-09-16T22:00:00Z","25 september 2026 om 09:41","2026-09-25T07:41:57Z",6,"8 dagen tussen registraties","Onder controle","0","1","Laag","Ja","1 oktober 2026 om 13:40","2026-10-01T11:40:58.388Z","2026-10-01T11:43:23Z","Nee","Niet beschikbaar","Niet beschikbaar",,,"2026-10-01T11:43:22Z","EFFIS – Copernicus Emergency Management Service","https://forest-fire.emergency.copernicus.eu/apps/effis.csv/","FireMap.live","https://firemap.live/"
"effis-ba-769619","EFFIS-brandgebied",47.6727415520194,35.6911181727338,"Verbrand gebied in Oekraïne","Niet beschikbaar","Niet beschikbaar","UA","Oekraïne","Oekraïne","4–7 dagen geleden bijgewerkt","EFFIS heeft dit gebied vier tot zeven dagen geleden bijgewerkt.",3,"#FCD9BE",10,"10 hectare",0.85,"18 september 2026 om 10:28","18 september 2026","2026-09-18T08:28:00Z","25 september 2026 om 09:40","2026-09-25T07:40:46Z",6,"6 dagen tussen registraties","Uitgedoofd","0","0","Laag","Ja","1 oktober 2026 om 13:40","2026-10-01T11:40:58.368Z","2026-10-01T11:43:23Z","Nee","Niet beschikbaar","Niet beschikbaar",,,"2026-10-01T11:43:22Z","EFFIS – Copernicus Emergency Management Service","https://forest-fire.emergency.copernicus.eu/apps/effis.csv/","FireMap.live","https://firemap.live/"
"effis-ba-769618","EFFIS-brandgebied",37.2466337105227,36.7720602268598,"Kahramanmaraş","Niet beschikbaar","Kahramanmaraş","TR","Turkije","Turkije, Kahramanmaraş","4–7 dagen geleden bijgewerkt","EFFIS heeft dit gebied vier tot zeven dagen geleden bijgewerkt.",3,"#FCD9BE",2,"2 hectare",0.5,"19 september 2026 om 10:41","19 september 2026","2026-09-19T08:41:00Z","25 september 2026 om 09:39","2026-09-25T07:39:48Z",6,"5 dagen tussen registraties","Uitgedoofd","0","0","Gemiddeld","Ja","1 oktober 2026 om 13:40","2026-10-01T11:40:58.353Z","2026-10-01T11:43:23Z","Nee","Niet beschikbaar","Niet beschikbaar",,,"2026-10-01T11:43:22Z","EFFIS – Copernicus Emergency Management Service","https://forest-fire.emergency.copernicus.eu/apps/effis.csv/","FireMap.live","https://firemap.live/"
"effis-ba-769616","EFFIS-brandgebied",53.4353444299296,15.7642682226252,"Drawsko Pomorskie","Drawsko Pomorskie","Szczecinecko-pyrzycki","PL","Polen","Polen, Szczecinecko-pyrzycki","4–7 dagen geleden bijgewerkt","EFFIS heeft dit gebied vier tot zeven dagen geleden bijgewerkt.",3,"#FCD9BE",3,"3 hectare",0.59,"31 augustus 2026 om 00:00","31 augustus 2026","2026-08-30T22:00:00Z","25 september 2026 om 09:33","2026-09-25T07:33:02Z",6,"25 dagen tussen registraties","Niet beschikbaar","Niet beschikbaar","Niet beschikbaar","Niet beschikbaar","Nee","Niet beschikbaar",,,"Nee","Niet beschikbaar","Niet beschikbaar",,,"2026-10-01T11:43:22Z","EFFIS – Copernicus Emergency Management Service","https://forest-fire.emergency.copernicus.eu/apps/effis.csv/","",""
"effis-ba-769617","EFFIS-brandgebied",53.4347829855004,15.7683559955732,"Drawsko Pomorskie","Drawsko Pomorskie","Szczecinecko-pyrzycki","PL","Polen","Polen, Szczecinecko-pyrzycki","4–7 dagen geleden bijgewerkt","EFFIS heeft dit gebied vier tot zeven dagen geleden bijgewerkt.",3,"#FCD9BE",1,"1 hectare",0.35,"31 augustus 2026 om 00:00","31 augustus 2026","2026-08-30T22:00:00Z","25 september 2026 om 09:33","2026-09-25T07:33:02Z",6,"25 dagen tussen registraties","Niet beschikbaar","Niet beschikbaar","Niet beschikbaar","Niet beschikbaar","Nee","Niet beschikbaar",,,"Nee","Niet beschikbaar","Niet beschikbaar",,,"2026-10-01T11:43:22Z","EFFIS – Copernicus Emergency Management Service","https://forest-fire.emergency.copernicus.eu/apps/effis.csv/","",""
"effis-ba-769615","EFFIS-brandgebied",53.428976502354,15.7628570433505,"Drawsko Pomorskie","Drawsko Pomorskie","Szczecinecko-pyrzycki","PL","Polen","Polen, Szczecinecko-pyrzycki","4–7 dagen geleden bijgewerkt","EFFIS heeft dit gebied vier tot zeven dagen geleden bijgewerkt.",3,"#FCD9BE",2,"2 hectare",0.5,"27 augustus 2026 om 00:00","27 augustus 2026","2026-08-26T22:00:00Z","25 september 2026 om 09:32","2026-09-25T07:32:28Z",6,"29 dagen tussen registraties","Niet beschikbaar","Niet beschikbaar","Niet beschikbaar","Niet beschikbaar","Nee","Niet beschikbaar",,,"Nee","Niet beschikbaar","Niet beschikbaar",,,"2026-10-01T11:43:22Z","EFFIS – Copernicus Emergency Management Service","https://forest-fire.emergency.copernicus.eu/apps/effis.csv/","",""
"effis-ba-769614","EFFIS-brandgebied",53.4228170249089,15.7675329420994,"Drawsko Pomorskie","Drawsko Pomorskie","Szczecinecko-pyrzycki","PL","Polen","Polen, Szczecinecko-pyrzycki","4–7 dagen geleden bijgewerkt","EFFIS heeft dit gebied vier tot zeven dagen geleden bijgewerkt.",3,"#FCD9BE",2,"2 hectare",0.5,"27 augustus 2026 om 11:38","27 augustus 2026","2026-08-27T09:38:00Z","25 september 2026 om 09:31","2026-09-25T07:31:23Z",6,"28 dagen tussen registraties","Niet beschikbaar","Niet beschikbaar","Niet beschikbaar","Niet beschikbaar","Nee","Niet beschikbaar",,,"Nee","Niet beschikbaar","Niet beschikbaar",,,"2026-10-01T11:43:22Z","EFFIS – Copernicus Emergency Management Service","https://forest-fire.emergency.copernicus.eu/apps/effis.csv/","",""
"effis-ba-769613","EFFIS-brandgebied",36.6132212251539,27.1684980730948,"Τοπική Κοινότητα Εμπορειού","Τοπική Κοινότητα Εμπορειού","Κάλυμνος, Κάρπαθος – Ηρωική Νήσος Κάσος, Κως, Ρόδος","EL","Griekenland","Griekenland, Κάλυμνος, Κάρπαθος – Ηρωική Νήσος Κάσος, Κως, Ρόδος","4–7 dagen geleden bijgewerkt","EFFIS heeft dit gebied vier tot zeven dagen geleden bijgewerkt.",3,"#FCD9BE",8,"8 hectare",0.8,"18 september 2026 om 11:02","18 september 2026","2026-09-18T09:02:00Z","25 september 2026 om 09:29","2026-09-25T07:29:52Z",6,"6 dagen tussen registraties","Uitgedoofd","0","0","Gemiddeld","Ja","1 oktober 2026 om 13:40","2026-10-01T11:40:58.366Z","2026-10-01T11:43:23Z","Nee","Niet beschikbaar","Niet beschikbaar",,,"2026-10-01T11:43:22Z","EFFIS – Copernicus Emergency Management Service","https://forest-fire.emergency.copernicus.eu/apps/effis.csv/","FireMap.live","https://firemap.live/"
"effis-ba-769606","EFFIS-brandgebied",47.6575145577053,35.6508658154252,"Verbrand gebied in Oekraïne","Niet beschikbaar","Niet beschikbaar","UA","Oekraïne","Oekraïne","4–7 dagen geleden bijgewerkt","EFFIS heeft dit gebied vier tot zeven dagen geleden bijgewerkt.",3,"#FCD9BE",278,"278 hectare",1.57,"5 juli 2026 om 10:19","5 juli 2026","2026-07-05T08:19:00Z","25 september 2026 om 09:27","2026-09-25T07:27:01Z",6,"81 dagen tussen registraties","Niet beschikbaar","Niet beschikbaar","Niet beschikbaar","Niet beschikbaar","Nee","Niet beschikbaar",,,"Nee","Niet beschikbaar","Niet beschikbaar",,,"2026-10-01T11:43:22Z","EFFIS – Copernicus Emergency Management Service","https://forest-fire.emergency.copernicus.eu/apps/effis.csv/","",""
"effis-ba-769607","EFFIS-brandgebied",47.6684632651053,35.6375635084784,"Verbrand gebied in Oekraïne","Niet beschikbaar","Niet beschikbaar","UA","Oekraïne","Oekraïne","4–7 dagen geleden bijgewerkt","EFFIS heeft dit gebied vier tot zeven dagen geleden bijgewerkt.",3,"#FCD9BE",151,"151 hectare",1.44,"17 september 2026 om 00:00","17 september 2026","2026-09-16T22:00:00Z","25 september 2026 om 09:27","2026-09-25T07:27:01Z",6,"8 dagen tussen registraties","Niet beschikbaar","Niet beschikbaar","Niet beschikbaar","Niet beschikbaar","Nee","Niet beschikbaar",,,"Nee","Niet beschikbaar","Niet beschikbaar",,,"2026-10-01T11:43:22Z","EFFIS – Copernicus Emergency Management Service","https://forest-fire.emergency.copernicus.eu/apps/effis.csv/","",""
"effis-ba-769609","EFFIS-brandgebied",47.6666960783212,35.6538951782039,"Verbrand gebied in Oekraïne","Niet beschikbaar","Niet beschikbaar","UA","Oekraïne","Oekraïne","4–7 dagen geleden bijgewerkt","EFFIS heeft dit gebied vier tot zeven dagen geleden bijgewerkt.",3,"#FCD9BE",49,"49 hectare",1.2,"12 september 2026 om 09:56","12 september 2026","2026-09-12T07:56:00Z","25 september 2026 om 09:27","2026-09-25T07:27:01Z",6,"12 dagen tussen registraties","Niet beschikbaar","Niet beschikbaar","Niet beschikbaar","Niet beschikbaar","Nee","Niet beschikbaar",,,"Nee","Niet beschikbaar","Niet beschikbaar",,,"2026-10-01T11:43:22Z","EFFIS – Copernicus Emergency Management Service","https://forest-fire.emergency.copernicus.eu/apps/effis.csv/","",""
"effis-ba-769608","EFFIS-brandgebied",47.660280890269,35.681459640023,"Verbrand gebied in Oekraïne","Niet beschikbaar","Niet beschikbaar","UA","Oekraïne","Oekraïne","4–7 dagen geleden bijgewerkt","EFFIS heeft dit gebied vier tot zeven dagen geleden bijgewerkt.",3,"#FCD9BE",40,"40 hectare",1.15,"20 september 2026 om 10:26","20 september 2026","2026-09-20T08:26:00Z","25 september 2026 om 09:27","2026-09-25T07:27:01Z",6,"4 dagen tussen registraties","Uitgedoofd","0","0","Laag","Ja","1 oktober 2026 om 13:40","2026-10-01T11:40:58.338Z","2026-10-01T11:43:23Z","Nee","Niet beschikbaar","Niet beschikbaar",,,"2026-10-01T11:43:22Z","EFFIS – Copernicus Emergency Management Service","https://forest-fire.emergency.copernicus.eu/apps/effis.csv/","FireMap.live","https://firemap.live/"
"effis-ba-769610","EFFIS-brandgebied",47.6482816568621,35.6534079040026,"Verbrand gebied in Oekraïne","Niet beschikbaar","Niet beschikbaar","UA","Oekraïne","Oekraïne","4–7 dagen geleden bijgewerkt","EFFIS heeft dit gebied vier tot zeven dagen geleden bijgewerkt.",3,"#FCD9BE",38,"38 hectare",1.14,"6 augustus 2026 om 13:18","6 augustus 2026","2026-08-06T11:18:00Z","25 september 2026 om 09:27","2026-09-25T07:27:01Z",6,"49 dagen tussen registraties","Niet beschikbaar","Niet beschikbaar","Niet beschikbaar","Niet beschikbaar","Nee","Niet beschikbaar",,,"Nee","Niet beschikbaar","Niet beschikbaar",,,"2026-10-01T11:43:22Z","EFFIS – Copernicus Emergency Management Service","https://forest-fire.emergency.copernicus.eu/apps/effis.csv/","",""
"effis-ba-769612","EFFIS-brandgebied",47.6542377153752,35.6782417470187,"Verbrand gebied in Oekraïne","Niet beschikbaar","Niet beschikbaar","UA","Oekraïne","Oekraïne","4–7 dagen geleden bijgewerkt","EFFIS heeft dit gebied vier tot zeven dagen geleden bijgewerkt.",3,"#FCD9BE",37,"37 hectare",1.13,"8 maart 2026 om 09:26","8 maart 2026","2026-03-08T08:26:00Z","25 september 2026 om 09:27","2026-09-25T07:27:01Z",6,"200 dagen tussen registraties","Niet beschikbaar","Niet beschikbaar","Niet beschikbaar","Niet beschikbaar","Nee","Niet beschikbaar",,,"Nee","Niet beschikbaar","Niet beschikbaar",,,"2026-10-01T11:43:22Z","EFFIS – Copernicus Emergency Management Service","https://forest-fire.emergency.copernicus.eu/apps/effis.csv/","",""
"effis-ba-769611","EFFIS-brandgebied",47.654384883709,35.661596219813,"Verbrand gebied in Oekraïne","Niet beschikbaar","Niet beschikbaar","UA","Oekraïne","Oekraïne","4–7 dagen geleden bijgewerkt","EFFIS heeft dit gebied vier tot zeven dagen geleden bijgewerkt.",3,"#FCD9BE",26,"26 hectare",1.06,"18 augustus 2026 om 09:24","18 augustus 2026","2026-08-18T07:24:00Z","25 september 2026 om 09:27","2026-09-25T07:27:01Z",6,"38 dagen tussen registraties","Niet beschikbaar","Niet beschikbaar","Niet beschikbaar","Niet beschikbaar","Nee","Niet beschikbaar",,,"Nee","Niet beschikbaar","Niet beschikbaar",,,"2026-10-01T11:43:22Z","EFFIS – Copernicus Emergency Management Service","https://forest-fire.emergency.copernicus.eu/apps/effis.csv/","",""
"effis-ba-769605","EFFIS-brandgebied",46.8882195522396,17.4660161761888,"Tapolca","Tapolca","Veszprém","HU","Hongarije","Hongarije, Veszprém","4–7 dagen geleden bijgewerkt","EFFIS heeft dit gebied vier tot zeven dagen geleden bijgewerkt.",3,"#FCD9BE",25,"25 hectare",1.05,"31 augustus 2026 om 12:02","31 augustus 2026","2026-08-31T10:02:00Z","25 september 2026 om 09:25","2026-09-25T07:25:48Z",6,"24 dagen tussen registraties","Niet beschikbaar","Niet beschikbaar","Niet beschikbaar","Niet beschikbaar","Nee","Niet beschikbaar",,,"Nee","Niet beschikbaar","Niet beschikbaar",,,"2026-10-01T11:43:22Z","EFFIS – Copernicus Emergency Management Service","https://forest-fire.emergency.copernicus.eu/apps/effis.csv/","",""
"effis-ba-769604","EFFIS-brandgebied",48.6915980095876,19.812384859355,"Klenovec","Klenovec","Banskobystrický kraj","SK","Slowakije","Slowakije, Banskobystrický kraj","4–7 dagen geleden bijgewerkt","EFFIS heeft dit gebied vier tot zeven dagen geleden bijgewerkt.",3,"#FCD9BE",1,"1 hectare",0.35,"11 augustus 2026 om 10:43","11 augustus 2026","2026-08-11T08:43:00Z","25 september 2026 om 09:19","2026-09-25T07:19:29Z",6,"44 dagen tussen registraties","Niet beschikbaar","Niet beschikbaar","Niet beschikbaar","Niet beschikbaar","Nee","Niet beschikbaar",,,"Nee","Niet beschikbaar","Niet beschikbaar",,,"2026-10-01T11:43:22Z","EFFIS – Copernicus Emergency Management Service","https://forest-fire.emergency.copernicus.eu/apps/effis.csv/","",""
"effis-ba-769603","EFFIS-brandgebied",49.1139467289907,20.0862705968157,"Vysoké Tatry","Vysoké Tatry","Prešovský kraj","SK","Slowakije","Slowakije, Prešovský kraj","4–7 dagen geleden bijgewerkt","EFFIS heeft dit gebied vier tot zeven dagen geleden bijgewerkt.",3,"#FCD9BE",1,"1 hectare",0.35,"15 augustus 2026 om 11:06","15 augustus 2026","2026-08-15T09:06:00Z","25 september 2026 om 09:18","2026-09-25T07:18:15Z",6,"40 dagen tussen registraties","Niet beschikbaar","Niet beschikbaar","Niet beschikbaar","Niet beschikbaar","Nee","Niet beschikbaar",,,"Nee","Niet beschikbaar","Niet beschikbaar",,,"2026-10-01T11:43:22Z","EFFIS – Copernicus Emergency Management Service","https://forest-fire.emergency.copernicus.eu/apps/effis.csv/","",""
"effis-ba-769602","EFFIS-brandgebied",47.7699111106187,33.3357097110436,"Verbrand gebied in Oekraïne","Niet beschikbaar","Niet beschikbaar","UA","Oekraïne","Oekraïne","4–7 dagen geleden bijgewerkt","EFFIS heeft dit gebied vier tot zeven dagen geleden bijgewerkt.",3,"#FCD9BE",34,"34 hectare",1.12,"19 september 2026 om 10:45","19 september 2026","2026-09-19T08:45:00Z","25 september 2026 om 09:18","2026-09-25T07:18:04Z",6,"5 dagen tussen registraties","Uitgedoofd","0","0","Laag","Ja","1 oktober 2026 om 13:40","2026-10-01T11:40:58.352Z","2026-10-01T11:43:23Z","Nee","Niet beschikbaar","Niet beschikbaar",,,"2026-10-01T11:43:22Z","EFFIS – Copernicus Emergency Management Service","https://forest-fire.emergency.copernicus.eu/apps/effis.csv/","FireMap.live","https://firemap.live/"
"effis-ba-769601","EFFIS-brandgebied",48.7404549150724,20.6714971644958,"Smolník","Smolník","Košický kraj","SK","Slowakije","Slowakije, Košický kraj","4–7 dagen geleden bijgewerkt","EFFIS heeft dit gebied vier tot zeven dagen geleden bijgewerkt.",3,"#FCD9BE",3,"3 hectare",0.59,"12 augustus 2026 om 00:37","12 augustus 2026","2026-08-11T22:37:00Z","25 september 2026 om 09:17","2026-09-25T07:17:40Z",6,"44 dagen tussen registraties","Niet beschikbaar","Niet beschikbaar","Niet beschikbaar","Niet beschikbaar","Nee","Niet beschikbaar",,,"Nee","Niet beschikbaar","Niet beschikbaar",,,"2026-10-01T11:43:22Z","EFFIS – Copernicus Emergency Management Service","https://forest-fire.emergency.copernicus.eu/apps/effis.csv/","",""
"effis-ba-769600","EFFIS-brandgebied",48.9274567496175,20.8769436440059,"Krompachy","Krompachy","Košický kraj","SK","Slowakije","Slowakije, Košický kraj","4–7 dagen geleden bijgewerkt","EFFIS heeft dit gebied vier tot zeven dagen geleden bijgewerkt.",3,"#FCD9BE",20,"20 hectare",1,"16 augustus 2026 om 13:06","16 augustus 2026","2026-08-16T11:06:00Z","25 september 2026 om 09:16","2026-09-25T07:16:47Z",6,"39 dagen tussen registraties","Niet beschikbaar","Niet beschikbaar","Niet beschikbaar","Niet beschikbaar","Nee","Niet beschikbaar",,,"Nee","Niet beschikbaar","Niet beschikbaar",,,"2026-10-01T11:43:22Z","EFFIS – Copernicus Emergency Management Service","https://forest-fire.emergency.copernicus.eu/apps/effis.csv/","",""
"effis-ba-769599","EFFIS-brandgebied",48.8777976412232,20.4615206401044,"Spišská Nová Ves","Spišská Nová Ves","Košický kraj","SK","Slowakije","Slowakije, Košický kraj","4–7 dagen geleden bijgewerkt","EFFIS heeft dit gebied vier tot zeven dagen geleden bijgewerkt.",3,"#FCD9BE",2,"2 hectare",0.5,"3 september 2026 om 00:22","3 september 2026","2026-09-02T22:22:00Z","25 september 2026 om 09:14","2026-09-25T07:14:54Z",6,"22 dagen tussen registraties","Niet beschikbaar","Niet beschikbaar","Niet beschikbaar","Niet beschikbaar","Nee","Niet beschikbaar",,,"Nee","Niet beschikbaar","Niet beschikbaar",,,"2026-10-01T11:43:22Z","EFFIS – Copernicus Emergency Management Service","https://forest-fire.emergency.copernicus.eu/apps/effis.csv/","",""
"effis-ba-769598","EFFIS-brandgebied",48.7184067277978,20.9174334321817,"Vyšný Medzev","Vyšný Medzev","Košický kraj","SK","Slowakije","Slowakije, Košický kraj","4–7 dagen geleden bijgewerkt","EFFIS heeft dit gebied vier tot zeven dagen geleden bijgewerkt.",3,"#FCD9BE",22,"22 hectare",1.02,"31 augustus 2026 om 10:21","31 augustus 2026","2026-08-31T08:21:00Z","25 september 2026 om 09:14","2026-09-25T07:14:03Z",6,"24 dagen tussen registraties","Niet beschikbaar","Niet beschikbaar","Niet beschikbaar","Niet beschikbaar","Nee","Niet beschikbaar",,,"Nee","Niet beschikbaar","Niet beschikbaar",,,"2026-10-01T11:43:22Z","EFFIS – Copernicus Emergency Management Service","https://forest-fire.emergency.copernicus.eu/apps/effis.csv/","",""
"effis-ba-769597","EFFIS-brandgebied",47.3567172725278,31.4673588414008,"Verbrand gebied in Oekraïne","Niet beschikbaar","Niet beschikbaar","UA","Oekraïne","Oekraïne","4–7 dagen geleden bijgewerkt","EFFIS heeft dit gebied vier tot zeven dagen geleden bijgewerkt.",3,"#FCD9BE",77,"77 hectare",1.29,"18 september 2026 om 11:04","18 september 2026","2026-09-18T09:04:00Z","25 september 2026 om 08:53","2026-09-25T06:53:33Z",6,"6 dagen tussen registraties","Uitgedoofd","0","0","Gemiddeld","Ja","1 oktober 2026 om 13:40","2026-10-01T11:40:58.365Z","2026-10-01T11:43:23Z","Nee","Niet beschikbaar","Niet beschikbaar",,,"2026-10-01T11:43:22Z","EFFIS – Copernicus Emergency Management Service","https://forest-fire.emergency.copernicus.eu/apps/effis.csv/","FireMap.live","https://firemap.live/"
"effis-ba-769596","EFFIS-brandgebied",38.4780636091012,23.9870545879769,"Τοπική Κοινότητα Παρθενίου","Τοπική Κοινότητα Παρθενίου","Εύβοια","EL","Griekenland","Griekenland, Εύβοια","4–7 dagen geleden bijgewerkt","EFFIS heeft dit gebied vier tot zeven dagen geleden bijgewerkt.",3,"#FCD9BE",7,"7 hectare",0.77,"11 september 2026 om 11:34","11 september 2026","2026-09-11T09:34:00Z","25 september 2026 om 08:52","2026-09-25T06:52:49Z",6,"13 dagen tussen registraties","Niet beschikbaar","Niet beschikbaar","Niet beschikbaar","Niet beschikbaar","Nee","Niet beschikbaar",,,"Nee","Niet beschikbaar","Niet beschikbaar",,,"2026-10-01T11:43:22Z","EFFIS – Copernicus Emergency Management Service","https://forest-fire.emergency.copernicus.eu/apps/effis.csv/","",""
"effis-ba-769595","EFFIS-brandgebied",46.0917739000901,33.305854076217,"Verbrand gebied in Oekraïne","Niet beschikbaar","Niet beschikbaar","UA","Oekraïne","Oekraïne","4–7 dagen geleden bijgewerkt","EFFIS heeft dit gebied vier tot zeven dagen geleden bijgewerkt.",3,"#FCD9BE",19,"19 hectare",0.99,"15 september 2026 om 00:00","15 september 2026","2026-09-14T22:00:00Z","25 september 2026 om 08:51","2026-09-25T06:51:41Z",6,"10 dagen tussen registraties","Niet beschikbaar","Niet beschikbaar","Niet beschikbaar","Niet beschikbaar","Nee","Niet beschikbaar",,,"Nee","Niet beschikbaar","Niet beschikbaar",,,"2026-10-01T11:43:22Z","EFFIS – Copernicus Emergency Management Service","https://forest-fire.emergency.copernicus.eu/apps/effis.csv/","",""
"effis-ba-769594","EFFIS-brandgebied",46.0891157542793,33.2936271697967,"Verbrand gebied in Oekraïne","Niet beschikbaar","Niet beschikbaar","UA","Oekraïne","Oekraïne","4–7 dagen geleden bijgewerkt","EFFIS heeft dit gebied vier tot zeven dagen geleden bijgewerkt.",3,"#FCD9BE",35,"35 hectare",1.12,"15 september 2026 om 00:00","15 september 2026","2026-09-14T22:00:00Z","25 september 2026 om 08:51","2026-09-25T06:51:00Z",6,"10 dagen tussen registraties","Niet beschikbaar","Niet beschikbaar","Niet beschikbaar","Niet beschikbaar","Nee","Niet beschikbaar",,,"Nee","Niet beschikbaar","Niet beschikbaar",,,"2026-10-01T11:43:22Z","EFFIS – Copernicus Emergency Management Service","https://forest-fire.emergency.copernicus.eu/apps/effis.csv/","",""
"effis-ba-769593","EFFIS-brandgebied",46.2538498859869,33.1945489794423,"Verbrand gebied in Oekraïne","Niet beschikbaar","Niet beschikbaar","UA","Oekraïne","Oekraïne","4–7 dagen geleden bijgewerkt","EFFIS heeft dit gebied vier tot zeven dagen geleden bijgewerkt.",3,"#FCD9BE",18,"18 hectare",0.98,"20 september 2026 om 06:54","20 september 2026","2026-09-20T04:54:00Z","25 september 2026 om 08:48","2026-09-25T06:48:41Z",6,"5 dagen tussen registraties","Uitgedoofd","0","0","Gemiddeld","Ja","1 oktober 2026 om 13:40","2026-10-01T11:40:58.343Z","2026-10-01T11:43:23Z","Nee","Niet beschikbaar","Niet beschikbaar",,,"2026-10-01T11:43:22Z","EFFIS – Copernicus Emergency Management Service","https://forest-fire.emergency.copernicus.eu/apps/effis.csv/","FireMap.live","https://firemap.live/"
"effis-ba-769592","EFFIS-brandgebied",53.554682205147,-1.865294944047,"Kirklees","Kirklees","Calderdale and Kirklees","UK","Verenigd Koninkrijk","Verenigd Koninkrijk, Calderdale and Kirklees","4–7 dagen geleden bijgewerkt","EFFIS heeft dit gebied vier tot zeven dagen geleden bijgewerkt.",3,"#FCD9BE",6,"6 hectare",0.74,"13 augustus 2026 om 00:00","13 augustus 2026","2026-08-12T22:00:00Z","25 september 2026 om 08:41","2026-09-25T06:41:35Z",6,"43 dagen tussen registraties","Niet beschikbaar","Niet beschikbaar","Niet beschikbaar","Niet beschikbaar","Nee","Niet beschikbaar",,,"Nee","Niet beschikbaar","Niet beschikbaar",,,"2026-10-01T11:43:22Z","EFFIS – Copernicus Emergency Management Service","https://forest-fire.emergency.copernicus.eu/apps/effis.csv/","",""
"effis-ba-769591","EFFIS-brandgebied",53.5503022703771,-1.93784595559111,"Oldham","Oldham","Greater Manchester North East","UK","Verenigd Koninkrijk","Verenigd Koninkrijk, Greater Manchester North East","4–7 dagen geleden bijgewerkt","EFFIS heeft dit gebied vier tot zeven dagen geleden bijgewerkt.",3,"#FCD9BE",4,"4 hectare",0.65,"13 augustus 2026 om 01:56","13 augustus 2026","2026-08-12T23:56:00Z","25 september 2026 om 08:41","2026-09-25T06:41:02Z",6,"43 dagen tussen registraties","Niet beschikbaar","Niet beschikbaar","Niet beschikbaar","Niet beschikbaar","Nee","Niet beschikbaar",,,"Nee","Niet beschikbaar","Niet beschikbaar",,,"2026-10-01T11:43:22Z","EFFIS – Copernicus Emergency Management Service","https://forest-fire.emergency.copernicus.eu/apps/effis.csv/","",""
"effis-ba-769590","EFFIS-brandgebied",39.7517523255183,22.6848402725367,"Τοπική Κοινότητα Ανατολής","Τοπική Κοινότητα Ανατολής","Λάρισα","EL","Griekenland","Griekenland, Λάρισα","4–7 dagen geleden bijgewerkt","EFFIS heeft dit gebied vier tot zeven dagen geleden bijgewerkt.",3,"#FCD9BE",5,"5 hectare",0.7,"14 september 2026 om 12:17","14 september 2026","2026-09-14T10:17:00Z","25 september 2026 om 08:40","2026-09-25T06:40:17Z",6,"10 dagen tussen registraties","Niet beschikbaar","Niet beschikbaar","Niet beschikbaar","Niet beschikbaar","Nee","Niet beschikbaar",,,"Nee","Niet beschikbaar","Niet beschikbaar",,,"2026-10-01T11:43:22Z","EFFIS – Copernicus Emergency Management Service","https://forest-fire.emergency.copernicus.eu/apps/effis.csv/","",""
"effis-ba-769589","EFFIS-brandgebied",52.2245015868194,-7.63532829877444,"Knockaunbrandaun","Knockaunbrandaun","South-East","IE","Ierland","Ierland, South-East","4–7 dagen geleden bijgewerkt","EFFIS heeft dit gebied vier tot zeven dagen geleden bijgewerkt.",3,"#FCD9BE",3,"3 hectare",0.59,"19 september 2026 om 00:00","19 september 2026","2026-09-18T22:00:00Z","25 september 2026 om 08:36","2026-09-25T06:36:45Z",6,"6 dagen tussen registraties","Uitgedoofd","0","0","Laag","Ja","1 oktober 2026 om 13:40","2026-10-01T11:40:58.358Z","2026-10-01T11:43:23Z","Nee","Niet beschikbaar","Niet beschikbaar",,,"2026-10-01T11:43:22Z","EFFIS – Copernicus Emergency Management Service","https://forest-fire.emergency.copernicus.eu/apps/effis.csv/","FireMap.live","https://firemap.live/"
"effis-ba-769588","EFFIS-brandgebied",52.2281358329936,-7.62439235992248,"Knockaunbrandaun","Knockaunbrandaun","South-East","IE","Ierland","Ierland, South-East","4–7 dagen geleden bijgewerkt","EFFIS heeft dit gebied vier tot zeven dagen geleden bijgewerkt.",3,"#FCD9BE",1,"1 hectare",0.35,"19 september 2026 om 00:00","19 september 2026","2026-09-18T22:00:00Z","25 september 2026 om 08:36","2026-09-25T06:36:24Z",6,"6 dagen tussen registraties","Uitgedoofd","0","0","Laag","Ja","1 oktober 2026 om 13:40","2026-10-01T11:40:58.357Z","2026-10-01T11:43:23Z","Nee","Niet beschikbaar","Niet beschikbaar",,,"2026-10-01T11:43:22Z","EFFIS – Copernicus Emergency Management Service","https://forest-fire.emergency.copernicus.eu/apps/effis.csv/","FireMap.live","https://firemap.live/"
"effis-ba-769587","EFFIS-brandgebied",52.2304627979125,-7.63044669299266,"Knockaunbrandaun","Knockaunbrandaun","South-East","IE","Ierland","Ierland, South-East","4–7 dagen geleden bijgewerkt","EFFIS heeft dit gebied vier tot zeven dagen geleden bijgewerkt.",3,"#FCD9BE",9,"9 hectare",0.83,"19 september 2026 om 00:00","19 september 2026","2026-09-18T22:00:00Z","25 september 2026 om 08:36","2026-09-25T06:36:03Z",6,"6 dagen tussen registraties","Uitgedoofd","0","0","Laag","Ja","1 oktober 2026 om 13:40","2026-10-01T11:40:58.358Z","2026-10-01T11:43:23Z","Nee","Niet beschikbaar","Niet beschikbaar",,,"2026-10-01T11:43:22Z","EFFIS – Copernicus Emergency Management Service","https://forest-fire.emergency.copernicus.eu/apps/effis.csv/","FireMap.live","https://firemap.live/"
"effis-ba-769586","EFFIS-brandgebied",52.2298238494661,-7.63982138696292,"Knockaunbrandaun","Knockaunbrandaun","South-East","IE","Ierland","Ierland, South-East","4–7 dagen geleden bijgewerkt","EFFIS heeft dit gebied vier tot zeven dagen geleden bijgewerkt.",3,"#FCD9BE",11,"11 hectare",0.87,"19 september 2026 om 00:00","19 september 2026","2026-09-18T22:00:00Z","25 september 2026 om 08:35","2026-09-25T06:35:31Z",6,"6 dagen tussen registraties","Uitgedoofd","0","0","Laag","Ja","1 oktober 2026 om 13:40","2026-10-01T11:40:58.357Z","2026-10-01T11:43:23Z","Nee","Niet beschikbaar","Niet beschikbaar",,,"2026-10-01T11:43:22Z","EFFIS – Copernicus Emergency Management Service","https://forest-fire.emergency.copernicus.eu/apps/effis.csv/","FireMap.live","https://firemap.live/"
"effis-ba-769585","EFFIS-brandgebied",42.1008935529418,26.4905631543753,"Тополовград","Тополовград","Хасково","BG","Bulgarije","Bulgarije, Хасково","4–7 dagen geleden bijgewerkt","EFFIS heeft dit gebied vier tot zeven dagen geleden bijgewerkt.",3,"#FCD9BE",71,"71 hectare",1.28,"17 september 2026 om 10:02","17 september 2026","2026-09-17T08:02:00Z","25 september 2026 om 08:31","2026-09-25T06:31:39Z",6,"7 dagen tussen registraties","Niet beschikbaar","Niet beschikbaar","Niet beschikbaar","Niet beschikbaar","Nee","Niet beschikbaar",,,"Nee","Niet beschikbaar","Niet beschikbaar",,,"2026-10-01T11:43:22Z","EFFIS – Copernicus Emergency Management Service","https://forest-fire.emergency.copernicus.eu/apps/effis.csv/","",""
"effis-ba-769584","EFFIS-brandgebied",42.0155890099196,25.8321506218599,"Симеоновград","Симеоновград","Хасково","BG","Bulgarije","Bulgarije, Хасково","4–7 dagen geleden bijgewerkt","EFFIS heeft dit gebied vier tot zeven dagen geleden bijgewerkt.",3,"#FCD9BE",27,"27 hectare",1.07,"19 september 2026 om 12:25","19 september 2026","2026-09-19T10:25:00Z","25 september 2026 om 08:28","2026-09-25T06:28:34Z",6,"5 dagen tussen registraties","Uitgedoofd","0","0","Hoog","Ja","1 oktober 2026 om 13:40","2026-10-01T11:40:58.351Z","2026-10-01T11:43:23Z","Nee","Niet beschikbaar","Niet beschikbaar",,,"2026-10-01T11:43:22Z","EFFIS – Copernicus Emergency Management Service","https://forest-fire.emergency.copernicus.eu/apps/effis.csv/","FireMap.live","https://firemap.live/"
"effis-ba-769583","EFFIS-brandgebied",41.34527606349,20.0253213571442,"Tiranë","Tiranë","Tiranë","AL","Albanië","Albanië, Tiranë","4–7 dagen geleden bijgewerkt","EFFIS heeft dit gebied vier tot zeven dagen geleden bijgewerkt.",3,"#FCD9BE",1,"1 hectare",0.35,"8 september 2026 om 00:33","8 september 2026","2026-09-07T22:33:00Z","25 september 2026 om 08:25","2026-09-25T06:25:16Z",6,"17 dagen tussen registraties","Niet beschikbaar","Niet beschikbaar","Niet beschikbaar","Niet beschikbaar","Nee","Niet beschikbaar",,,"Nee","Niet beschikbaar","Niet beschikbaar",,,"2026-10-01T11:43:22Z","EFFIS – Copernicus Emergency Management Service","https://forest-fire.emergency.copernicus.eu/apps/effis.csv/","",""
"effis-ba-769582","EFFIS-brandgebied",41.3471155053022,20.0247048692736,"Tiranë","Tiranë","Tiranë","AL","Albanië","Albanië, Tiranë","4–7 dagen geleden bijgewerkt","EFFIS heeft dit gebied vier tot zeven dagen geleden bijgewerkt.",3,"#FCD9BE",0,"0 hectare",0.1,"8 september 2026 om 00:33","8 september 2026","2026-09-07T22:33:00Z","25 september 2026 om 08:25","2026-09-25T06:25:16Z",6,"17 dagen tussen registraties","Niet beschikbaar","Niet beschikbaar","Niet beschikbaar","Niet beschikbaar","Nee","Niet beschikbaar",,,"Nee","Niet beschikbaar","Niet beschikbaar",,,"2026-10-01T11:43:22Z","EFFIS – Copernicus Emergency Management Service","https://forest-fire.emergency.copernicus.eu/apps/effis.csv/","",""
"effis-ba-769580","EFFIS-brandgebied",43.2012013217294,20.5826274609133,"Novi Pazar","Novi Pazar","Рашка област","RS","Servië","Servië, Рашка област","4–7 dagen geleden bijgewerkt","EFFIS heeft dit gebied vier tot zeven dagen geleden bijgewerkt.",3,"#FCD9BE",5,"5 hectare",0.7,"2 september 2026 om 12:08","2 september 2026","2026-09-02T10:08:00Z","25 september 2026 om 08:22","2026-09-25T06:22:10Z",6,"22 dagen tussen registraties","Niet beschikbaar","Niet beschikbaar","Niet beschikbaar","Niet beschikbaar","Nee","Niet beschikbaar",,,"Nee","Niet beschikbaar","Niet beschikbaar",,,"2026-10-01T11:43:22Z","EFFIS – Copernicus Emergency Management Service","https://forest-fire.emergency.copernicus.eu/apps/effis.csv/","",""
"effis-ba-769579","EFFIS-brandgebied",40.2928101903059,19.7229950388724,"Selenicë","Selenicë","Vlorë","AL","Albanië","Albanië, Vlorë","4–7 dagen geleden bijgewerkt","EFFIS heeft dit gebied vier tot zeven dagen geleden bijgewerkt.",3,"#FCD9BE",1,"1 hectare",0.35,"20 september 2026 om 11:28","20 september 2026","2026-09-20T09:28:00Z","25 september 2026 om 08:16","2026-09-25T06:16:59Z",6,"4 dagen tussen registraties","Uitgedoofd","0","0","Hoog","Ja","1 oktober 2026 om 13:40","2026-10-01T11:40:58.337Z","2026-10-01T11:43:23Z","Nee","Niet beschikbaar","Niet beschikbaar",,,"2026-10-01T11:43:22Z","EFFIS – Copernicus Emergency Management Service","https://forest-fire.emergency.copernicus.eu/apps/effis.csv/","FireMap.live","https://firemap.live/"
"effis-ba-769578","EFFIS-brandgebied",40.3420323253218,19.5712275103228,"Selenicë","Selenicë","Vlorë","AL","Albanië","Albanië, Vlorë","4–7 dagen geleden bijgewerkt","EFFIS heeft dit gebied vier tot zeven dagen geleden bijgewerkt.",3,"#FCD9BE",52,"52 hectare",1.21,"25 september 2026 om 00:50","25 september 2026","2026-09-24T22:50:00Z","25 september 2026 om 08:15","2026-09-25T06:15:15Z",6,"Minder dan één dag tussen registraties","Onder controle","0","1","Gemiddeld","Ja","1 oktober 2026 om 13:40","2026-10-01T11:40:58.284Z","2026-10-01T11:43:23Z","Nee","Niet beschikbaar","Niet beschikbaar",,,"2026-10-01T11:43:22Z","EFFIS – Copernicus Emergency Management Service","https://forest-fire.emergency.copernicus.eu/apps/effis.csv/","FireMap.live","https://firemap.live/"
"effis-ba-769577","EFFIS-brandgebied",40.2980332346206,19.6771303334971,"Selenicë","Selenicë","Vlorë","AL","Albanië","Albanië, Vlorë","4–7 dagen geleden bijgewerkt","EFFIS heeft dit gebied vier tot zeven dagen geleden bijgewerkt.",3,"#FCD9BE",13,"13 hectare",0.91,"23 september 2026 om 18:19","23 september 2026","2026-09-23T16:19:00Z","25 september 2026 om 08:13","2026-09-25T06:13:38Z",6,"1 dag tussen registraties","Onder controle","0","1","Gemiddeld","Ja","1 oktober 2026 om 13:40","2026-10-01T11:40:58.295Z","2026-10-01T11:43:23Z","Nee","Niet beschikbaar","Niet beschikbaar",,,"2026-10-01T11:43:22Z","EFFIS – Copernicus Emergency Management Service","https://forest-fire.emergency.copernicus.eu/apps/effis.csv/","FireMap.live","https://firemap.live/"
"effis-ba-769576","EFFIS-brandgebied",36.9407254926686,9.52447321804222,"Verbrand gebied in Tunesië","Niet beschikbaar","Niet beschikbaar","TN","Tunesië","Tunesië","4–7 dagen geleden bijgewerkt","EFFIS heeft dit gebied vier tot zeven dagen geleden bijgewerkt.",3,"#FCD9BE",59,"59 hectare",1.24,"20 september 2026 om 12:06","20 september 2026","2026-09-20T10:06:00Z","25 september 2026 om 08:02","2026-09-25T06:02:28Z",6,"4 dagen tussen registraties","Onder controle","0","1","Hoog","Ja","1 oktober 2026 om 13:40","2026-10-01T11:40:58.336Z","2026-10-01T11:43:23Z","Nee","Niet beschikbaar","Niet beschikbaar",,,"2026-10-01T11:43:22Z","EFFIS – Copernicus Emergency Management Service","https://forest-fire.emergency.copernicus.eu/apps/effis.csv/","FireMap.live","https://firemap.live/"
"effis-ba-769575","EFFIS-brandgebied",36.9099402524976,9.43736783893302,"Verbrand gebied in Tunesië","Niet beschikbaar","Niet beschikbaar","TN","Tunesië","Tunesië","4–7 dagen geleden bijgewerkt","EFFIS heeft dit gebied vier tot zeven dagen geleden bijgewerkt.",3,"#FCD9BE",68,"68 hectare",1.27,"22 september 2026 om 11:28","22 september 2026","2026-09-22T09:28:00Z","25 september 2026 om 08:01","2026-09-25T06:01:52Z",6,"2 dagen tussen registraties","Onder controle","0","Niet beschikbaar","Hoog","Ja","1 oktober 2026 om 13:40","2026-10-01T11:40:58.316Z","2026-10-01T11:43:23Z","Nee","Niet beschikbaar","Niet beschikbaar",,,"2026-10-01T11:43:22Z","EFFIS – Copernicus Emergency Management Service","https://forest-fire.emergency.copernicus.eu/apps/effis.csv/","FireMap.live","https://firemap.live/"
"effis-ba-769564","EFFIS-brandgebied",42.4968013980111,20.4519626246119,"Verbrand gebied in Kosovo","Niet beschikbaar","Niet beschikbaar","KS","Kosovo","Kosovo","4–7 dagen geleden bijgewerkt","EFFIS heeft dit gebied vier tot zeven dagen geleden bijgewerkt.",3,"#FCD9BE",3,"3 hectare",0.59,"22 september 2026 om 11:28","22 september 2026","2026-09-22T09:28:00Z","25 september 2026 om 07:53","2026-09-25T05:53:55Z",6,"2 dagen tussen registraties","Uitgedoofd","0","0","Hoog","Ja","1 oktober 2026 om 13:40","2026-10-01T11:40:58.315Z","2026-10-01T11:43:23Z","Nee","Niet beschikbaar","Niet beschikbaar",,,"2026-10-01T11:43:22Z","EFFIS – Copernicus Emergency Management Service","https://forest-fire.emergency.copernicus.eu/apps/effis.csv/","FireMap.live","https://firemap.live/"
"effis-ba-769527","EFFIS-brandgebied",42.7147054647599,21.1738526961363,"Verbrand gebied in Kosovo","Niet beschikbaar","Niet beschikbaar","KS","Kosovo","Kosovo","4–7 dagen geleden bijgewerkt","EFFIS heeft dit gebied vier tot zeven dagen geleden bijgewerkt.",3,"#FCD9BE",1,"1 hectare",0.35,"22 augustus 2026 om 12:14","22 augustus 2026","2026-08-22T10:14:00Z","25 september 2026 om 07:41","2026-09-25T05:41:17Z",6,"33 dagen tussen registraties","Niet beschikbaar","Niet beschikbaar","Niet beschikbaar","Niet beschikbaar","Nee","Niet beschikbaar",,,"Nee","Niet beschikbaar","Niet beschikbaar",,,"2026-10-01T11:43:22Z","EFFIS – Copernicus Emergency Management Service","https://forest-fire.emergency.copernicus.eu/apps/effis.csv/","",""
"effis-ba-769489","EFFIS-brandgebied",43.2580461813771,18.0614583003662,"Nevesinje","Niet beschikbaar","Nevesinje","BA","Bosnië en Herzegovina","Bosnië en Herzegovina, Nevesinje","4–7 dagen geleden bijgewerkt","EFFIS heeft dit gebied vier tot zeven dagen geleden bijgewerkt.",3,"#FCD9BE",1,"1 hectare",0.35,"24 augustus 2026 om 12:12","24 augustus 2026","2026-08-24T10:12:00Z","25 september 2026 om 07:33","2026-09-25T05:33:37Z",6,"31 dagen tussen registraties","Niet beschikbaar","Niet beschikbaar","Niet beschikbaar","Niet beschikbaar","Nee","Niet beschikbaar",,,"Nee","Niet beschikbaar","Niet beschikbaar",,,"2026-10-01T11:43:22Z","EFFIS – Copernicus Emergency Management Service","https://forest-fire.emergency.copernicus.eu/apps/effis.csv/","",""
"effis-ba-769421","EFFIS-brandgebied",43.3990780501637,19.3295367615443,"Црна Гора","Niet beschikbaar","Црна Гора","ME","Montenegro","Montenegro, Црна Гора","4–7 dagen geleden bijgewerkt","EFFIS heeft dit gebied vier tot zeven dagen geleden bijgewerkt.",3,"#FCD9BE",3,"3 hectare",0.59,"17 september 2026 om 12:25","17 september 2026","2026-09-17T10:25:00Z","25 september 2026 om 07:30","2026-09-25T05:30:53Z",6,"7 dagen tussen registraties","Uitgedoofd","0","0","Laag","Ja","1 oktober 2026 om 13:40","2026-10-01T11:40:58.376Z","2026-10-01T11:43:23Z","Nee","Niet beschikbaar","Niet beschikbaar",,,"2026-10-01T11:43:22Z","EFFIS – Copernicus Emergency Management Service","https://forest-fire.emergency.copernicus.eu/apps/effis.csv/","FireMap.live","https://firemap.live/"
"effis-ba-769420","EFFIS-brandgebied",43.2991249010627,19.1538163362459,"Црна Гора","Niet beschikbaar","Црна Гора","ME","Montenegro","Montenegro, Црна Гора","4–7 dagen geleden bijgewerkt","EFFIS heeft dit gebied vier tot zeven dagen geleden bijgewerkt.",3,"#FCD9BE",25,"25 hectare",1.05,"11 september 2026 om 00:30","11 september 2026","2026-09-10T22:30:00Z","25 september 2026 om 07:28","2026-09-25T05:28:14Z",6,"14 dagen tussen registraties","Niet beschikbaar","Niet beschikbaar","Niet beschikbaar","Niet beschikbaar","Nee","Niet beschikbaar",,,"Nee","Niet beschikbaar","Niet beschikbaar",,,"2026-10-01T11:43:22Z","EFFIS – Copernicus Emergency Management Service","https://forest-fire.emergency.copernicus.eu/apps/effis.csv/","",""
"effis-ba-769329","EFFIS-brandgebied",40.4089312964733,19.5180180122319,"Vlorë","Vlorë","Vlorë","AL","Albanië","Albanië, Vlorë","4–7 dagen geleden bijgewerkt","EFFIS heeft dit gebied vier tot zeven dagen geleden bijgewerkt.",3,"#FCD9BE",26,"26 hectare",1.06,"24 september 2026 om 00:00","24 september 2026","2026-09-23T22:00:00Z","25 september 2026 om 07:03","2026-09-25T05:03:58Z",6,"1 dag tussen registraties","Onder controle","0","1","Hoog","Ja","1 oktober 2026 om 13:40","2026-10-01T11:40:58.291Z","2026-10-01T11:43:23Z","Nee","Niet beschikbaar","Niet beschikbaar",,,"2026-10-01T11:43:22Z","EFFIS – Copernicus Emergency Management Service","https://forest-fire.emergency.copernicus.eu/apps/effis.csv/","FireMap.live","https://firemap.live/"
"effis-ba-769330","EFFIS-brandgebied",40.3585191989425,19.6145084549881,"Selenicë","Selenicë","Vlorë","AL","Albanië","Albanië, Vlorë","4–7 dagen geleden bijgewerkt","EFFIS heeft dit gebied vier tot zeven dagen geleden bijgewerkt.",3,"#FCD9BE",14,"14 hectare",0.92,"20 september 2026 om 00:00","20 september 2026","2026-09-19T22:00:00Z","25 september 2026 om 07:03","2026-09-25T05:03:58Z",6,"5 dagen tussen registraties","Uitgedoofd","0","0","Gemiddeld","Ja","1 oktober 2026 om 13:40","2026-10-01T11:40:58.346Z","2026-10-01T11:43:23Z","Nee","Niet beschikbaar","Niet beschikbaar",,,"2026-10-01T11:43:22Z","EFFIS – Copernicus Emergency Management Service","https://forest-fire.emergency.copernicus.eu/apps/effis.csv/","FireMap.live","https://firemap.live/"
"effis-ba-769323","EFFIS-brandgebied",40.4056408849767,19.5433974148439,"Selenicë","Selenicë","Vlorë","AL","Albanië","Albanië, Vlorë","4–7 dagen geleden bijgewerkt","EFFIS heeft dit gebied vier tot zeven dagen geleden bijgewerkt.",3,"#FCD9BE",1,"1 hectare",0.35,"23 september 2026 om 10:32","23 september 2026","2026-09-23T08:32:00Z","25 september 2026 om 07:01","2026-09-25T05:01:48Z",6,"1 dag tussen registraties","Onder controle","0","1","Hoog","Ja","1 oktober 2026 om 13:40","2026-10-01T11:40:58.300Z","2026-10-01T11:43:23Z","Nee","Niet beschikbaar","Niet beschikbaar",,,"2026-10-01T11:43:22Z","EFFIS – Copernicus Emergency Management Service","https://forest-fire.emergency.copernicus.eu/apps/effis.csv/","FireMap.live","https://firemap.live/"
"effis-ba-769314","EFFIS-brandgebied",40.4092731176947,19.5406975702808,"Selenicë","Selenicë","Vlorë","AL","Albanië","Albanië, Vlorë","4–7 dagen geleden bijgewerkt","EFFIS heeft dit gebied vier tot zeven dagen geleden bijgewerkt.",3,"#FCD9BE",7,"7 hectare",0.77,"23 september 2026 om 10:32","23 september 2026","2026-09-23T08:32:00Z","25 september 2026 om 07:01","2026-09-25T05:01:22Z",6,"1 dag tussen registraties","Onder controle","0","1","Hoog","Ja","1 oktober 2026 om 13:40","2026-10-01T11:40:58.299Z","2026-10-01T11:43:23Z","Nee","Niet beschikbaar","Niet beschikbaar",,,"2026-10-01T11:43:22Z","EFFIS – Copernicus Emergency Management Service","https://forest-fire.emergency.copernicus.eu/apps/effis.csv/","FireMap.live","https://firemap.live/"
"effis-ba-769302","EFFIS-brandgebied",41.6147438920915,20.3250611007059,"Dibër","Dibër","Dibër","AL","Albanië","Albanië, Dibër","4–7 dagen geleden bijgewerkt","EFFIS heeft dit gebied vier tot zeven dagen geleden bijgewerkt.",3,"#FCD9BE",164,"164 hectare",1.46,"22 september 2026 om 11:28","22 september 2026","2026-09-22T09:28:00Z","25 september 2026 om 06:55","2026-09-25T04:55:15Z",6,"2 dagen tussen registraties","Onder controle","0","2","Gemiddeld","Ja","1 oktober 2026 om 13:40","2026-10-01T11:40:58.314Z","2026-10-01T11:43:23Z","Nee","Niet beschikbaar","Niet beschikbaar",,,"2026-10-01T11:43:22Z","EFFIS – Copernicus Emergency Management Service","https://forest-fire.emergency.copernicus.eu/apps/effis.csv/","FireMap.live","https://firemap.live/"
"effis-ba-769301","EFFIS-brandgebied",42.4832985087651,18.8938410335404,"Црна Гора","Niet beschikbaar","Црна Гора","ME","Montenegro","Montenegro, Црна Гора","4–7 dagen geleden bijgewerkt","EFFIS heeft dit gebied vier tot zeven dagen geleden bijgewerkt.",3,"#FCD9BE",9,"9 hectare",0.83,"24 september 2026 om 00:33","24 september 2026","2026-09-23T22:33:00Z","25 september 2026 om 06:53","2026-09-25T04:53:41Z",6,"1 dag tussen registraties","Onder controle","0","1","Gemiddeld","Ja","1 oktober 2026 om 13:40","2026-10-01T11:40:58.291Z","2026-10-01T11:43:23Z","Nee","Niet beschikbaar","Niet beschikbaar",,,"2026-10-01T11:43:22Z","EFFIS – Copernicus Emergency Management Service","https://forest-fire.emergency.copernicus.eu/apps/effis.csv/","FireMap.live","https://firemap.live/"
"effis-ba-769300","EFFIS-brandgebied",40.7003266871104,8.8176508724249,"Ploaghe","Ploaghe","Sassari","IT","Italië","Italië, Sassari","4–7 dagen geleden bijgewerkt","EFFIS heeft dit gebied vier tot zeven dagen geleden bijgewerkt.",3,"#FCD9BE",11,"11 hectare",0.87,"23 september 2026 om 12:14","23 september 2026","2026-09-23T10:14:00Z","25 september 2026 om 06:43","2026-09-25T04:43:04Z",6,"1 dag tussen registraties","Uitgedoofd","0","0","Hoog","Ja","1 oktober 2026 om 13:40","2026-10-01T11:40:58.297Z","2026-10-01T11:43:23Z","Nee","Niet beschikbaar","Niet beschikbaar",,,"2026-10-01T11:43:22Z","EFFIS – Copernicus Emergency Management Service","https://forest-fire.emergency.copernicus.eu/apps/effis.csv/","FireMap.live","https://firemap.live/"
